id	bloc	mode	libelle	valeur	verdict	porte_par_la_piece	precision	motif
V002		lecture	PLFSS 2026 n° 1907, par sources/plfss/PLFSS2026_1907.pdf — sha256 0660a073102c0335871ff2bcf5e50bc11e667cfb7547edbdcc30ed68e09cd051, 162 pages, 55 articles, socl	162	non sourcé			aucune pièce nommée
V004	L1.a — Côté finances : ce que le texte affiche	lecture	Solde structurel (1)	-5.8	concorde	1 -5.8 -5.1 -4.3 -2.9	ligne	
V005	L1.a — Côté finances : ce que le texte affiche	lecture	Solde structurel (1)	-5.1	concorde	1 -5.8 -5.1 -4.3 -2.9	ligne	
V006	L1.a — Côté finances : ce que le texte affiche	lecture	Solde structurel (1)	-4.3	concorde	1 -5.8 -5.1 -4.3 -2.9	ligne	
V007	L1.a — Côté finances : ce que le texte affiche	lecture	Solde structurel (1)	-2.9	concorde	1 -5.8 -5.1 -4.3 -2.9	ligne	
V008	L1.a — Côté finances : ce que le texte affiche	lecture	Solde conjoncturel (2)	0	concorde	2 0 -0.2 -0.4 -0.2	ligne	
V009	L1.a — Côté finances : ce que le texte affiche	lecture	Solde conjoncturel (2)	-0.2	concorde	2 0 -0.2 -0.4 -0.2	ligne	
V010	L1.a — Côté finances : ce que le texte affiche	lecture	Solde conjoncturel (2)	-0.4	concorde	2 0 -0.2 -0.4 -0.2	ligne	
V011	L1.a — Côté finances : ce que le texte affiche	lecture	Solde conjoncturel (2)	-0.2	concorde	2 0 -0.2 -0.4 -0.2	ligne	
V012	L1.a — Côté finances : ce que le texte affiche	lecture	Solde des mesures ponctuelles et temporaires (3)	-0.1	concorde	3 -0.1 0 0 0	ligne	
V013	L1.a — Côté finances : ce que le texte affiche	lecture	Solde des mesures ponctuelles et temporaires (3)	0	concorde	3 -0.1 0 0 0	ligne	
V014	L1.a — Côté finances : ce que le texte affiche	lecture	Solde des mesures ponctuelles et temporaires (3)	0	concorde	3 -0.1 0 0 0	ligne	
V015	L1.a — Côté finances : ce que le texte affiche	lecture	Solde des mesures ponctuelles et temporaires (3)	0	concorde	3 -0.1 0 0 0	ligne	
V016	L1.a — Côté finances : ce que le texte affiche	lecture	Solde effectif (1 + 2 + 3)	-5.8	concorde	1 2 3 -5.8 -5.4 -4.7 -2.7	ligne	
V017	L1.a — Côté finances : ce que le texte affiche	lecture	Solde effectif (1 + 2 + 3)	-5.4	concorde	1 2 3 -5.8 -5.4 -4.7 -2.7	ligne	
V018	L1.a — Côté finances : ce que le texte affiche	lecture	Solde effectif (1 + 2 + 3)	-4.7	concorde	1 2 3 -5.8 -5.4 -4.7 -2.7	ligne	
V019	L1.a — Côté finances : ce que le texte affiche	lecture	Solde effectif (1 + 2 + 3)	-2.7	concorde	1 2 3 -5.8 -5.4 -4.7 -2.7	ligne	
V020	L1.a — Côté finances : ce que le texte affiche	lecture	Dette au sens de Maastricht	113.2	concorde	113.2 115.9 117.9 109.6	ligne	
V021	L1.a — Côté finances : ce que le texte affiche	lecture	Dette au sens de Maastricht	115.9	concorde	113.2 115.9 117.9 109.6	ligne	
V022	L1.a — Côté finances : ce que le texte affiche	lecture	Dette au sens de Maastricht	117.9	concorde	113.2 115.9 117.9 109.6	ligne	
V023	L1.a — Côté finances : ce que le texte affiche	lecture	Dette au sens de Maastricht	109.6	concorde	113.2 115.9 117.9 109.6	ligne	
V024	L1.a — Côté finances : ce que le texte affiche	lecture	Taux de prélèvements obligatoires (y.c UE nets des CI)	42.8	concorde	42.8 43.6 43.9 44.4	ligne	
V025	L1.a — Côté finances : ce que le texte affiche	lecture	Taux de prélèvements obligatoires (y.c UE nets des CI)	43.6	concorde	42.8 43.6 43.9 44.4	ligne	
V026	L1.a — Côté finances : ce que le texte affiche	lecture	Taux de prélèvements obligatoires (y.c UE nets des CI)	43.9	concorde	42.8 43.6 43.9 44.4	ligne	
V027	L1.a — Côté finances : ce que le texte affiche	lecture	Taux de prélèvements obligatoires (y.c UE nets des CI)	44.4	concorde	42.8 43.6 43.9 44.4	ligne	
V028	L1.a — Côté finances : ce que le texte affiche	lecture	Dépense publique (hors CI)	56.6	concorde	56.6 56.8 56.4 54.4	ligne	
V029	L1.a — Côté finances : ce que le texte affiche	lecture	Dépense publique (hors CI)	56.8	concorde	56.6 56.8 56.4 54.4	ligne	
V030	L1.a — Côté finances : ce que le texte affiche	lecture	Dépense publique (hors CI)	56.4	concorde	56.6 56.8 56.4 54.4	ligne	
V031	L1.a — Côté finances : ce que le texte affiche	lecture	Dépense publique (hors CI)	54.4	concorde	56.6 56.8 56.4 54.4	ligne	
V032	L1.a — Côté finances : ce que le texte affiche	lecture	Dépense publique (hors CI, en Md€)	1652	concorde	1652 1696 1725 1705 651 663 683 678 330 337 338 329 778 805	ligne	
V033	L1.a — Côté finances : ce que le texte affiche	lecture	Dépense publique (hors CI, en Md€)	1696	concorde	1652 1696 1725 1705 651 663 683 678 330 337 338 329 778 805	ligne	
V034	L1.a — Côté finances : ce que le texte affiche	lecture	Dépense publique (hors CI, en Md€)	1725	concorde	1652 1696 1725 1705 651 663 683 678 330 337 338 329 778 805	ligne	
V035	L1.a — Côté finances : ce que le texte affiche	lecture	Dépense publique (hors CI, en Md€)	1705	concorde	1652 1696 1725 1705 651 663 683 678 330 337 338 329 778 805	ligne	
V036	L1.a — Côté finances : ce que le texte affiche	lecture	Évolution de la dépense publique hors CI en volume (%)	2.1	concorde	1 2.1 1.7 0.3 0.5 3 3.2 1.2 -0.7 -1.9 3 3.8 2.4 -0.3	ligne	
V037	L1.a — Côté finances : ce que le texte affiche	lecture	Évolution de la dépense publique hors CI en volume (%)	1.7	concorde	1 2.1 1.7 0.3 0.5 3 3.2 1.2 -0.7 -1.9 3 3.8 2.4 -0.3	ligne	
V038	L1.a — Côté finances : ce que le texte affiche	lecture	Évolution de la dépense publique hors CI en volume (%)	0.3	concorde	1 2.1 1.7 0.3 0.5 3 3.2 1.2 -0.7 -1.9 3 3.8 2.4 -0.3	ligne	
V039	L1.a — Côté finances : ce que le texte affiche	lecture	Évolution de la dépense publique hors CI en volume (%)	0.5	concorde	1 2.1 1.7 0.3 0.5 3 3.2 1.2 -0.7 -1.9 3 3.8 2.4 -0.3	ligne	
V040	L1.a — Côté finances : ce que le texte affiche	lecture	Principales dépenses d'investissement (en Md€)	26	concorde	2 26 29 35 35	ligne	
V041	L1.a — Côté finances : ce que le texte affiche	lecture	Principales dépenses d'investissement (en Md€)	29	concorde	2 26 29 35 35	ligne	
V042	L1.a — Côté finances : ce que le texte affiche	lecture	Principales dépenses d'investissement (en Md€)	35	concorde	2 26 29 35 35	ligne	
V043	L1.a — Côté finances : ce que le texte affiche	lecture	Principales dépenses d'investissement (en Md€)	35	concorde	2 26 29 35 35	ligne	
V044	L1.a — Côté finances : ce que le texte affiche	lecture	Administrations publiques centrales	-5.3	concorde		section	
V045	L1.a — Côté finances : ce que le texte affiche	lecture	Administrations publiques centrales	-4.6	concorde		section	
V046	L1.a — Côté finances : ce que le texte affiche	lecture	Administrations publiques centrales	-4.5	concorde		section	
V047	L1.a — Côté finances : ce que le texte affiche	lecture	Administrations publiques centrales	683	concorde		section	
V048	L1.a — Côté finances : ce que le texte affiche	lecture	Administrations publiques centrales	1.8	concorde		section	
V049	L1.a — Côté finances : ce que le texte affiche	lecture	Administrations publiques locales	-0.6	concorde		section	
V050	L1.a — Côté finances : ce que le texte affiche	lecture	Administrations publiques locales	-0.5	concorde		section	
V051	L1.a — Côté finances : ce que le texte affiche	lecture	Administrations publiques locales	-0.3	concorde		section	
V052	L1.a — Côté finances : ce que le texte affiche	lecture	Administrations publiques locales	338	concorde		section	
V053	L1.a — Côté finances : ce que le texte affiche	lecture	Administrations publiques locales	-0.7	concorde		section	
V054	L1.a — Côté finances : ce que le texte affiche	lecture	Administrations de sécurité sociale	0	concorde		section	
V055	L1.a — Côté finances : ce que le texte affiche	lecture	Administrations de sécurité sociale	-0.3	concorde		section	
V056	L1.a — Côté finances : ce que le texte affiche	lecture	Administrations de sécurité sociale	0.1	concorde		section	
V057	L1.a — Côté finances : ce que le texte affiche	lecture	Administrations de sécurité sociale	814	concorde		section	
V058	L1.a — Côté finances : ce que le texte affiche	lecture	Administrations de sécurité sociale	-0.3	concorde		section	
V059	L1.a — Côté finances : ce que le texte affiche	lecture	Recettes fiscales / dépenses	372911	concorde	372911 372911 447414 417423 29990	ligne	
V060	L1.a — Côté finances : ce que le texte affiche	lecture	Recettes fiscales / dépenses	447414	concorde	372911 372911 447414 417423 29990	ligne	
V061	L1.a — Côté finances : ce que le texte affiche	lecture	Recettes non fiscales	28696	concorde	28696 15669 13027	ligne	
V062	L1.a — Côté finances : ce que le texte affiche	lecture	Recettes totales / dépenses totales	401607	concorde	401607 388580 13027 447414 417423 29990	ligne	
V063	L1.a — Côté finances : ce que le texte affiche	lecture	Recettes totales / dépenses totales	447414	concorde	401607 388580 13027 447414 417423 29990	ligne	
V064	L1.a — Côté finances : ce que le texte affiche	lecture	À déduire : Prélèvements sur recettes	78296	concorde	78296 78296	ligne	
V065	L1.a — Côté finances : ce que le texte affiche	lecture	Montants nets pour le budget général	323311	concorde	323311 310284 13027 447414 417423 29990 -124102 329454 315158 14296 453556 422297 31260	ligne	
V066	L1.a — Côté finances : ce que le texte affiche	lecture	Montants nets pour le budget général	447414	concorde	323311 310284 13027 447414 417423 29990 -124102 329454 315158 14296 453556 422297 31260	ligne	
V067	L1.a — Côté finances : ce que le texte affiche	lecture	Montants nets pour le budget général	-124102	concorde	323311 310284 13027 447414 417423 29990 -124102 329454 315158 14296 453556 422297 31260	ligne	
V068	L1.a — Côté finances : ce que le texte affiche	lecture	Totaux pour les budgets annexes	2949	concorde	2949 2949 2573 2279 293 376 2995 2982 13 2618 2312 306	ligne	
V069	L1.a — Côté finances : ce que le texte affiche	lecture	Totaux pour les budgets annexes	2573	concorde	2949 2949 2573 2279 293 376 2995 2982 13 2618 2312 306	ligne	
V070	L1.a — Côté finances : ce que le texte affiche	lecture	Comptes d'affectation spéciale	77513	concorde	77513 72092 5421 77535 71834 5700 -21	ligne	
V071	L1.a — Côté finances : ce que le texte affiche	lecture	Comptes d'affectation spéciale	77535	concorde	77513 72092 5421 77535 71834 5700 -21	ligne	
V072	L1.a — Côté finances : ce que le texte affiche	lecture	Comptes d'affectation spéciale	-21	concorde	77513 72092 5421 77535 71834 5700 -21	ligne	
V073	L1.a — Côté finances : ce que le texte affiche	lecture	Comptes de concours financiers	149418	concorde	149418 0 149418 150140 3878 146262 -722	ligne	
V074	L1.a — Côté finances : ce que le texte affiche	lecture	Comptes de concours financiers	150140	concorde	149418 0 149418 150140 3878 146262 -722	ligne	
V075	L1.a — Côté finances : ce que le texte affiche	lecture	Comptes de concours financiers	-722	concorde	149418 0 149418 150140 3878 146262 -722	ligne	
V076	L1.a — Côté finances : ce que le texte affiche	lecture	Solde pour les comptes spéciaux	-632	concorde	-632	ligne	
V077	L1.a — Côté finances : ce que le texte affiche	lecture	Solde général	-124358	concorde	-124358	ligne	
V078	L1.a — Côté finances : ce que le texte affiche	lecture	Trésorerie, même article, p. 194, en milliards d'euros : amortissement de la dette à moyen et long termes 175,8	175.8	concorde		article	
V079	L1.a — Côté finances : ce que le texte affiche	lecture	amortissement de la dette reprise de SNCF Réseau 2,5	2.5	concorde	2.5	ligne	
V080	L1.a — Côté finances : ce que le texte affiche	lecture	déficit à financer 124,4	124.4	concorde	124.4	ligne	
V081	L1.a — Côté finances : ce que le texte affiche	lecture	autres besoins de trésorerie 3,0	3	concorde	3	ligne	
V082	L1.a — Côté finances : ce que le texte affiche	lecture	total du besoin de financement 305,7.	305.7	concorde		article	
V083	L1.a — Côté finances : ce que le texte affiche	lecture	En ressources : émission de dette à moyen et long termes nette des rachats 310,0	310	concorde		article	
V084	L1.a — Côté finances : ce que le texte affiche	lecture	variation nette de l'encours des titres d'État à court terme −2,3	-2.3	concorde		article	
V085	L1.a — Côté finances : ce que le texte affiche	lecture	autres ressources de trésorerie −2,0	-2	concorde		article	
V086	L1.a — Côté finances : ce que le texte affiche	lecture	total 305,7.	305.7	concorde		article	
V087	L1.a — Côté finances : ce que le texte affiche	lecture	- plafond de la variation nette de la dette négociable de plus d'un an : 136,6 Md€ (art. 48, 3° du II, p. 195)	136.6	concorde		article	
V088	L1.a — Côté finances : ce que le texte affiche	lecture	plafond d'autorisation des emplois rémunérés par l'État : 2 016 366 ETPT (art. 48, III, p. 195), réparti à l'art. 54, p. 202	2016366	concorde		article	
V089	L1.a — Côté finances : ce que le texte affiche	lecture	plafond des autorisations d'emplois des opérateurs de l'État : 401 310 ETPT (art. 55, p. 204)	401310	concorde		article	
V090	L1.a — Côté finances : ce que le texte affiche	lecture	plafond des emplois des autorités publiques indépendantes : 1 786 ETPT (art. 57, p. 208)	1786	concorde		article	
V091	L1.a — Côté finances : ce que le texte affiche	lecture	crédits du budget général : AE 613 009 460 112 € / CP 588 258 885 886 € (art. 49, p. 197)	613009460112	concorde		article	
V092	L1.a — Côté finances : ce que le texte affiche	lecture	crédits du budget général : AE 613 009 460 112 € / CP 588 258 885 886 € (art. 49, p. 197)	588258885886	concorde		article	
V093	L1.a — Côté finances : ce que le texte affiche	lecture	budgets annexes : AE 2 691 230 585 € / CP 2 572 949 963 € (art. 50, p. 198)	2691230585	concorde		article	
V094	L1.a — Côté finances : ce que le texte affiche	lecture	budgets annexes : AE 2 691 230 585 € / CP 2 572 949 963 € (art. 50, p. 198)	2572949963	concorde		article	
V095	L1.a — Côté finances : ce que le texte affiche	lecture	comptes d'affectation spéciale : AE 77 423 204 686 € / CP 77 534 704 686 € (art. 51, p. 199)	77423204686	concorde		article	
V096	L1.a — Côté finances : ce que le texte affiche	lecture	comptes d'affectation spéciale : AE 77 423 204 686 € / CP 77 534 704 686 € (art. 51, p. 199)	77534704686	concorde		article	
V097	L1.a — Côté finances : ce que le texte affiche	lecture	autorisations de découvert des comptes de commerce : 21 876 609 800 € (art. 53, p. 201)	21876609800	concorde		article	
V098	L1.a — Côté finances : ce que le texte affiche	lecture	prélèvements sur recettes au profit des collectivités territoriales : 49 514 696 624 € (art. 35, p. 151)	49514696624	concorde		article	
V099	L1.a — Côté finances : ce que le texte affiche	lecture	prélèvement sur recettes au profit de l'Union européenne : 28 781 025 011 € (art. 45, p. 188).	28781025011	concorde		article	
V100	L1.b — Côté finances : ce qui relève d'un effet de périmètre	lecture	sortie de l'Établissement de Retraite Additionnelle de la Fonction Publique (ERAFP), structurellement excédentaire, du champ des administrations publiques : dég	2.6	concorde		article	
V101	L1.b — Côté finances : ce qui relève d'un effet de périmètre	lecture	intégration du compte complet de SNCF Réseau — environ 10 Md€ de hausse des recettes hors prélèvements obligatoires et des dépenses en 2023 — et nouveau traitem	10	concorde		article	
V102	L1.b — Côté finances : ce qui relève d'un effet de périmètre	lecture	intégration du compte complet de SNCF Réseau — environ 10 Md€ de hausse des recettes hors prélèvements obligatoires et des dépenses en 2023 — et nouveau traitem	4	concorde		article	
V103	L1.b — Côté finances : ce qui relève d'un effet de périmètre	lecture	S'y ajoute un changement d'hypothèse, que la pièce qualifie elle-même : croissance potentielle estimée à 1,20 % par an en 2025 et 2026, contre 1,35 % dans la LP	1.2	concorde		article	
V104	L1.b — Côté finances : ce qui relève d'un effet de périmètre	lecture	S'y ajoute un changement d'hypothèse, que la pièce qualifie elle-même : croissance potentielle estimée à 1,20 % par an en 2025 et 2026, contre 1,35 % dans la LP	1.35	concorde		article	
V105	L1.d — Côté financement : l'équilibre par branche	lecture	Maladie	245.1	concorde		article	
V106	L1.d — Côté financement : l'équilibre par branche	lecture	Maladie	262.3	concorde		article	
V107	L1.d — Côté financement : l'équilibre par branche	lecture	Maladie	-17.2	concorde		article	
V108	L1.d — Côté financement : l'équilibre par branche	lecture	Accidents du travail et maladies professionnelles	16.9	concorde		article	
V109	L1.d — Côté financement : l'équilibre par branche	lecture	Accidents du travail et maladies professionnelles	17.5	concorde		article	
V110	L1.d — Côté financement : l'équilibre par branche	lecture	Accidents du travail et maladies professionnelles	-0.5	concorde		article	
V111	L1.d — Côté financement : l'équilibre par branche	lecture	Vieillesse	297	concorde		article	
V112	L1.d — Côté financement : l'équilibre par branche	lecture	Vieillesse	303.4	concorde		article	
V113	L1.d — Côté financement : l'équilibre par branche	lecture	Vieillesse	-6.3	concorde		article	
V114	L1.d — Côté financement : l'équilibre par branche	lecture	Famille	60.2	concorde		article	
V115	L1.d — Côté financement : l'équilibre par branche	lecture	Famille	59.3	concorde		article	
V116	L1.d — Côté financement : l'équilibre par branche	lecture	Famille	0.8	concorde		article	
V117	L1.d — Côté financement : l'équilibre par branche	lecture	Autonomie	41.7	concorde		article	
V118	L1.d — Côté financement : l'équilibre par branche	lecture	Autonomie	42	concorde		article	
V119	L1.d — Côté financement : l'équilibre par branche	lecture	Autonomie	-0.3	concorde		article	
V120	L1.d — Côté financement : l'équilibre par branche	lecture	Toutes branches (hors transferts entre branches)	642.3	concorde		article	
V121	L1.d — Côté financement : l'équilibre par branche	lecture	Toutes branches (hors transferts entre branches)	665.8	concorde		article	
V122	L1.d — Côté financement : l'équilibre par branche	lecture	Toutes branches (hors transferts entre branches)	-23.5	concorde		article	
V123	L1.d — Côté financement : l'équilibre par branche	lecture	Toutes branches y compris Fonds de solidarité vieillesse	643.1	concorde		article	
V124	L1.d — Côté financement : l'équilibre par branche	lecture	Toutes branches y compris Fonds de solidarité vieillesse	666.1	concorde		article	
V125	L1.d — Côté financement : l'équilibre par branche	lecture	Toutes branches y compris Fonds de solidarité vieillesse	-23	concorde		article	
V126	L1.d — Côté financement : l'équilibre par branche	lecture	Alinéa 5, même article : Fonds de solidarité vieillesse 22,0 / 21,5 / +0,5.	22	concorde		article	
V127	L1.d — Côté financement : l'équilibre par branche	lecture	Alinéa 5, même article : Fonds de solidarité vieillesse 22,0 / 21,5 / +0,5.	21.5	concorde		article	
V128	L1.d — Côté financement : l'équilibre par branche	lecture	Alinéa 5, même article : Fonds de solidarité vieillesse 22,0 / 21,5 / +0,5.	0.5	concorde		article	
V129	L1.d — Côté financement : l'équilibre par branche	lecture	Alinéa 7 : objectif d'amortissement de la dette sociale par la CADES 16,2 Md€.	16.2	concorde		article	
V130	L1.d — Côté financement : l'équilibre par branche	lecture	Maladie	255	concorde		article	
V131	L1.d — Côté financement : l'équilibre par branche	lecture	Maladie	267.5	concorde		article	
V132	L1.d — Côté financement : l'équilibre par branche	lecture	Maladie	-12.5	concorde		article	
V133	L1.d — Côté financement : l'équilibre par branche	lecture	Accidents du travail et maladies professionnelles	17.1	concorde		article	
V134	L1.d — Côté financement : l'équilibre par branche	lecture	Accidents du travail et maladies professionnelles	18	concorde		article	
V135	L1.d — Côté financement : l'équilibre par branche	lecture	Accidents du travail et maladies professionnelles	-1	concorde		article	
V136	L1.d — Côté financement : l'équilibre par branche	lecture	Vieillesse	304.4	concorde		article	
V137	L1.d — Côté financement : l'équilibre par branche	lecture	Vieillesse	307.4	concorde		article	
V138	L1.d — Côté financement : l'équilibre par branche	lecture	Vieillesse	-3.1	concorde		article	
V139	L1.d — Côté financement : l'équilibre par branche	lecture	Famille	60.1	concorde		article	
V140	L1.d — Côté financement : l'équilibre par branche	lecture	Famille	59.4	concorde		article	
V141	L1.d — Côté financement : l'équilibre par branche	lecture	Famille	0.7	concorde		article	
V142	L1.d — Côté financement : l'équilibre par branche	lecture	Autonomie	41.8	concorde		article	
V143	L1.d — Côté financement : l'équilibre par branche	lecture	Autonomie	43.5	concorde		article	
V144	L1.d — Côté financement : l'équilibre par branche	lecture	Autonomie	-1.7	concorde		article	
V145	L1.d — Côté financement : l'équilibre par branche	lecture	Toutes branches (hors transferts entre branches)	659.4	concorde		article	
V146	L1.d — Côté financement : l'équilibre par branche	lecture	Toutes branches (hors transferts entre branches)	676.9	concorde		article	
V147	L1.d — Côté financement : l'équilibre par branche	lecture	Toutes branches (hors transferts entre branches)	-17.5	concorde		article	
V148	L1.d — Côté financement : l'équilibre par branche	lecture	Objectifs de dépenses par branche pour 2026, articles séparés : maladie, maternité, invalidité et décès 267,5 Md€ (art. 48, p. 145)	267.5	concorde		article	
V149	L1.d — Côté financement : l'équilibre par branche	lecture	accidents du travail et maladies professionnelles 18,0 Md€ (art. 51, p. 149)	18	concorde		article	
V150	L1.d — Côté financement : l'équilibre par branche	lecture	vieillesse 307,4 Md€ (art. 52, p. 149)	307.4	concorde		article	
V151	L1.d — Côté financement : l'équilibre par branche	lecture	famille 59,4 Md€ (art. 53, p. 149)	59.4	concorde		article	
V152	L1.d — Côté financement : l'équilibre par branche	lecture	autonomie 43,5 Md€ (art. 54, p. 150).	43.5	concorde		article	
V153	L1.d — Côté financement : l'équilibre par branche	lecture	Amortissement CADES 2026 16,4 Md€ et recettes du FRR 0 (art. 15, p. 39-40).	16.4	concorde		article	
V154	L1.d — Côté financement : l'équilibre par branche	lecture	Amortissement CADES 2026 16,4 Md€ et recettes du FRR 0 (art. 15, p. 39-40).	0	concorde		article	
V155	L1.d — Côté financement : l'équilibre par branche	lecture	Compensation des exonérations 5,7 Md€ (art. 13, p. 38).	5.7	concorde		article	
V156	L1.d — Côté financement : l'équilibre par branche	lecture	Habilitation au recours aux ressources non permanentes, art. 16, p. 40, en millions d'euros : Agence centrale des organismes de sécurité sociale 83 000	83000	concorde		article	
V157	L1.d — Côté financement : l'équilibre par branche	lecture	Caisse de prévoyance et de retraite du personnel ferroviaire 360	360	concorde		article	
V158	L1.d — Côté financement : l'équilibre par branche	lecture	Caisse autonome nationale de la sécurité sociale dans les mines 450	450	concorde		article	
V159	L1.d — Côté financement : l'équilibre par branche	lecture	Caisse nationale de retraite des agents des collectivités locales 13 400.	13400	concorde		article	
V160	L1.d — Côté financement : l'équilibre par branche	lecture	Prévisions ASSO en points de PIB, art. liminaire, p. 5 : recettes 26,7 en 2025 et 26,7 en 2026	26.7	concorde		article	
V161	L1.d — Côté financement : l'équilibre par branche	lecture	Prévisions ASSO en points de PIB, art. liminaire, p. 5 : recettes 26,7 en 2025 et 26,7 en 2026	26.7	concorde		article	
V162	L1.d — Côté financement : l'équilibre par branche	lecture	dépenses 27,0 et 26,6	27	concorde		article	
V163	L1.d — Côté financement : l'équilibre par branche	lecture	dépenses 27,0 et 26,6	26.6	concorde		article	
V164	L1.d — Côté financement : l'équilibre par branche	lecture	solde −0,3 puis +0,1.	-0.3	concorde		article	
V165	L1.d — Côté financement : l'équilibre par branche	lecture	solde −0,3 puis +0,1.	0.1	concorde		article	
V166	L1.e — Côté financement : l'objectif national de dépenses et ses sous-objectifs	lecture	Dépenses de soins de ville	113.9	concorde		article	
V167	L1.e — Côté financement : l'objectif national de dépenses et ses sous-objectifs	lecture	Dépenses de soins de ville	114.9	concorde		article	
V168	L1.e — Côté financement : l'objectif national de dépenses et ses sous-objectifs	lecture	Dépenses relatives aux établissements de santé	109.5	concorde		article	
V169	L1.e — Côté financement : l'objectif national de dépenses et ses sous-objectifs	lecture	Dépenses relatives aux établissements de santé	111.8	concorde		article	
V170	L1.e — Côté financement : l'objectif national de dépenses et ses sous-objectifs	lecture	Dépenses relatives aux établissements et services pour personnes âgées	17.4	concorde		article	
V171	L1.e — Côté financement : l'objectif national de dépenses et ses sous-objectifs	lecture	Dépenses relatives aux établissements et services pour personnes âgées	18.2	concorde		article	
V172	L1.e — Côté financement : l'objectif national de dépenses et ses sous-objectifs	lecture	Dépenses relatives aux établissements et services pour personnes handicapées	15.6	concorde		article	
V173	L1.e — Côté financement : l'objectif national de dépenses et ses sous-objectifs	lecture	Dépenses relatives aux établissements et services pour personnes handicapées	16	concorde		article	
V174	L1.e — Côté financement : l'objectif national de dépenses et ses sous-objectifs	lecture	Dépenses relatives au Fonds d'intervention régional et soutien à l'investissement	6.1	concorde		article	
V175	L1.e — Côté financement : l'objectif national de dépenses et ses sous-objectifs	lecture	Dépenses relatives au Fonds d'intervention régional et soutien à l'investissement	6.2	concorde		article	
V176	L1.e — Côté financement : l'objectif national de dépenses et ses sous-objectifs	lecture	Autres prises en charge	3.3	concorde		article	
V177	L1.e — Côté financement : l'objectif national de dépenses et ses sous-objectifs	lecture	Autres prises en charge	3.3	concorde		article	
V178	L1.e — Côté financement : l'objectif national de dépenses et ses sous-objectifs	lecture	Total	265.9	concorde		article	
V179	L1.e — Côté financement : l'objectif national de dépenses et ses sous-objectifs	lecture	Total	270.4	concorde		article	
V180	L1.e — Côté financement : l'objectif national de dépenses et ses sous-objectifs	lecture	L'écart des totaux est de +4,5 Md€, soit +1,69 %.	4.5	introuvable			aucun article au repère : grandeur calculée par le livrable à partir de valeurs elles-mêmes confrontées
V181	L1.e — Côté financement : l'objectif national de dépenses et ses sous-objectifs	lecture	L'écart des totaux est de +4,5 Md€, soit +1,69 %.	1.69	introuvable			aucun article au repère : grandeur calculée par le livrable à partir de valeurs elles-mêmes confrontées
V182	L1.e — Côté financement : l'objectif national de dépenses et ses sous-objectifs	lecture	Le sous-objectif « personnes handicapées » 2026 est écrit « 16 » dans la pièce, sans décimale	16	introuvable			aucun article au repère : grandeur calculée par le livrable à partir de valeurs elles-mêmes confrontées
V211	L3.a — Impositions affectées, plafonnées ou déplafonnées	lecture	- 135 lignes, numérotées de 1 à 135 sans lacune	135	concorde		article	
V212	L3.a — Impositions affectées, plafonnées ou déplafonnées	lecture	- 135 lignes, numérotées de 1 à 135 sans lacune	1	concorde		article	
V213	L3.a — Impositions affectées, plafonnées ou déplafonnées	lecture	- 135 lignes, numérotées de 1 à 135 sans lacune	135	concorde		article	
V214	L3.a — Impositions affectées, plafonnées ou déplafonnées	lecture	69 lignes portent un plafond d'affectation 2026 chiffré, 66 portent « Non plafonnée »	69	concorde		article	
V215	L3.a — Impositions affectées, plafonnées ou déplafonnées	lecture	69 lignes portent un plafond d'affectation 2026 chiffré, 66 portent « Non plafonnée »	66	concorde		article	
V231	L3.a — Impositions affectées, plafonnées ou déplafonnées	reapplication	21 374 967 575 € contre 21 729 008 249 €, soit 354 040 674 € d'écart.	354040674	introuvable			agrégat de « annexe2 » : réapplication non déclarée
V232	L3.a — Impositions affectées, plafonnées ou déplafonnées	reapplication	Une réaffectation, relevée à la rédaction et non au tableau : l'article 36, IV, alinéas 6 à 8, p. 173, ramène à 70 % la part perçue par le Comité de développeme	70	introuvable			agrégat de « annexe2 » : réapplication non déclarée
V233	L3.a — Impositions affectées, plafonnées ou déplafonnées	reapplication	Une réaffectation, relevée à la rédaction et non au tableau : l'article 36, IV, alinéas 6 à 8, p. 173, ramène à 70 % la part perçue par le Comité de développeme	30	introuvable			agrégat de « annexe2 » : réapplication non déclarée
V260	L3.b — Dépenses fiscales créées, bornées, éteintes	reapplication	Sur l'ensemble des deux textes, le relevé mécanique des formules modificatives donne : 154 alinéas d'abrogation ou de suppression au PLF, répartis sur 38 articl	38	introuvable			agrégat de « annexe3 » : réapplication non déclarée
V262	L3.b — Dépenses fiscales créées, bornées, éteintes	reapplication	Sur l'ensemble des deux textes, le relevé mécanique des formules modificatives donne : 154 alinéas d'abrogation ou de suppression au PLF, répartis sur 38 articl	19	introuvable			agrégat de « annexe3 » : réapplication non déclarée
V264	L3.b — Dépenses fiscales créées, bornées, éteintes	reapplication	129 alinéas de création au PLF, sur 37 articles, et 60 au PLFSS, sur 26 articles.	37	introuvable			agrégat de « annexe3 » : réapplication non déclarée
V267	L3.c — Opérateurs supprimés, fusionnés, dotés autrement	lecture	La section 1 du chapitre II du titre II du livre VIII du code de la consommation est abrogée et le chapitre est réintitulé « Commission des clauses abusives ».	1	concorde		article	
V302	L3.c — Opérateurs supprimés, fusionnés, dotés autrement	lecture	Les trois plus gros programmes porteurs : formations supérieures et recherche universitaire 167 604 ETPT	167604	concorde		article	
V303	L3.c — Opérateurs supprimés, fusionnés, dotés autrement	lecture	recherches scientifiques et technologiques pluridisciplinaires 62 913	62913	concorde	62913	ligne	
V304	L3.c — Opérateurs supprimés, fusionnés, dotés autrement	lecture	vie étudiante 12 833.	12833	concorde	12833	ligne	
R001		reapplication	PLF — articles de la pièce	82	concorde	82	réapplication	compte d’articles déclaré par le référentiel de rédaction
R002		reapplication	PLFSS — articles de la pièce	55	concorde	55	réapplication	compte d’articles du référentiel de rédaction du PLFSS
R003	L2 — Les portes ouvertes	reapplication	adresses ouvertes — PLF	386	concorde	386	réapplication	compte des lignes de la table d’articles ouverts
R004	L2 — Les portes ouvertes	reapplication	textes ouverts — PLF	49	concorde	49	réapplication	textes distincts de la table
R005	L2 — Les portes ouvertes	reapplication	articles porteurs — PLF	58	concorde	58	réapplication	articles du véhicule cités par la table
R006	L2 — Les portes ouvertes	reapplication	fourchettes — PLF	5	concorde	5	réapplication	lignes portant une fourchette
R007	L2 — Les portes ouvertes	reapplication	divergences de grammaire — PLF	39	concorde	39	réapplication	lignes en divergence avec REF_norme
R008	L2 — Les portes ouvertes	reapplication	adresses ouvertes — PLFSS	208	concorde	208	réapplication	compte des lignes de la table d’articles ouverts
R009	L2 — Les portes ouvertes	reapplication	textes ouverts — PLFSS	32	concorde	32	réapplication	textes distincts de la table
R010	L2 — Les portes ouvertes	reapplication	articles porteurs — PLFSS	34	concorde	34	réapplication	articles du véhicule cités par la table
R011	L2 — Les portes ouvertes	reapplication	fourchettes — PLFSS	0	concorde	0	réapplication	lignes portant une fourchette
R012	L2 — Les portes ouvertes	reapplication	divergences de grammaire — PLFSS	0	concorde	0	réapplication	lignes en divergence avec REF_norme
R013	L2 — Les portes ouvertes	reapplication	adresses ouvertes — les deux véhicules	594	concorde	594	réapplication	somme des deux tables
R014	L2 — Les portes ouvertes	reapplication	textes ouverts — les deux véhicules	81	diverge	73	réapplication	textes distincts des deux tables réunies — le livrable ajoute les deux comptes par véhicule (49 + 32), et huit textes sont ouverts par les deux véhicules
R015	L2 — Les portes ouvertes	reapplication	articles porteurs — les deux véhicules	92	concorde	92	réapplication	articles porteurs des deux tables réunies
R016	L2 — Les portes ouvertes	reapplication	adresses — code général des impôts	126	concorde	126	réapplication	lignes de la table portant exactement ce libellé de texte
R017	L2 — Les portes ouvertes	reapplication	adresses — code des impositions sur les biens et services	81	concorde	81	réapplication	lignes de la table portant exactement ce libellé de texte
R018	L2 — Les portes ouvertes	reapplication	adresses — code général des collectivités territoriales	54	concorde	54	réapplication	lignes de la table portant exactement ce libellé de texte
R019	L2 — Les portes ouvertes	reapplication	adresses — code de la sécurité sociale	110	concorde	110	réapplication	lignes de la table portant exactement ce libellé de texte
R020	L2 — Les portes ouvertes	reapplication	adresses — code de la santé publique	20	concorde	20	réapplication	lignes de la table portant exactement ce libellé de texte
R021	L2 — Les portes ouvertes	reapplication	adresses — code rural et de la pêche maritime	12	concorde	12	réapplication	lignes de la table portant exactement ce libellé de texte
R023	L2 — Les portes ouvertes	reapplication	adresses — loi n° 2025-127 du 14 février 2025	13	concorde	13	réapplication	lignes de la table portant exactement ce libellé de texte
R024	L2 — Les portes ouvertes	reapplication	adresses — code des pensions civiles et militaires de retraite	7	concorde	7	réapplication	lignes de la table portant exactement ce libellé de texte
R025	L2 — Les portes ouvertes	reapplication	adresses — ordonnance n° 96-1122 du 20 décembre 1996	6	concorde	6	réapplication	lignes de la table portant exactement ce libellé de texte
R026	L2 — Les portes ouvertes	reapplication	PLF art. 5 — adresses	38	concorde	38	réapplication	lignes de la table PLF citant cet article
R027	L2 — Les portes ouvertes	reapplication	PLF art. 72 — adresses	32	concorde	32	réapplication	lignes de la table PLF citant cet article
R028	L2 — Les portes ouvertes	reapplication	PLF art. 12 — adresses	27	concorde	27	réapplication	lignes de la table PLF citant cet article
R029	L2 — Les portes ouvertes	reapplication	PLF art. 23 — adresses	22	concorde	22	réapplication	lignes de la table PLF citant cet article
R030	L2 — Les portes ouvertes	reapplication	PLF art. 29 — adresses	22	concorde	22	réapplication	lignes de la table PLF citant cet article
R031	L2 — Les portes ouvertes	reapplication	PLF art. 13 — adresses	20	concorde	20	réapplication	lignes de la table PLF citant cet article
R032	L2 — Les portes ouvertes	reapplication	PLF art. 21 — adresses	20	concorde	20	réapplication	lignes de la table PLF citant cet article
R033	L2 — Les portes ouvertes	reapplication	PLFSS art. 42 — adresses	28	concorde	28	réapplication	lignes de la table PLFSS citant cet article
R034	L2 — Les portes ouvertes	reapplication	PLFSS art. 43 — adresses	27	concorde	27	réapplication	lignes de la table PLFSS citant cet article
R035	L2 — Les portes ouvertes	reapplication	PLFSS art. 34 — adresses	24	concorde	24	réapplication	lignes de la table PLFSS citant cet article
R036	L2 — Les portes ouvertes	reapplication	PLFSS art. 22 — adresses	15	concorde	15	réapplication	lignes de la table PLFSS citant cet article
R037	L2 — Les portes ouvertes	reapplication	PLFSS art. 12 — adresses	11	concorde	11	réapplication	lignes de la table PLFSS citant cet article
R038	L3.a	reapplication	art. 36 — lignes du tableau	135	concorde	135	réapplication	numérotation strictement croissante du tableau hors-alinéa
R039	L3.a	reapplication	art. 36 — lignes « Non plafonnée »	66	concorde	66	réapplication	lignes du tableau portant la mention littérale « Non plafonnée »
R040	L3.a	reapplication	art. 36 — lignes à plafond chiffré	69	concorde	69	réapplication	lignes du tableau sans la mention « Non plafonnée »
R041	L3.a	reapplication	art. 36 — somme des plafonds 2026	21374967575	introuvable		réapplication	non outillée : la colonne des plafonds ne se sépare pas de celle du rendement prévisionnel — géométrie de colonne instable, que le livrable déclare lui-même (difficulté 2, emplacement non relevé 8)
R042	L3.a	reapplication	annexe 2 — lignes de taxe affectée	279	concorde	279	réapplication	lignes de l’onglet « taxes affectées »
R043	L3.a	reapplication	annexe 2 — plafonnées en 2025	73	concorde	73	réapplication	lignes portant un plafond 2025 chiffré
R044	L3.a	reapplication	annexe 2 — plafonnées en 2026	74	concorde	74	réapplication	lignes portant un plafond 2026 chiffré
R045	L3.a	reapplication	annexe 2 — nouvellement plafonnées	1	concorde	1	réapplication	plafond 2026 chiffré, plafond 2025 vide
R046	L3.a	reapplication	annexe 2 — déplafonnées	0	concorde	0	réapplication	plafond 2025 chiffré, plafond 2026 vide
R047	L3.a	reapplication	annexe 2 — plafond relevé	26	concorde	26	réapplication	plafond 2026 supérieur au plafond 2025
R048	L3.a	reapplication	annexe 2 — plafond abaissé	7	concorde	7	réapplication	plafond 2026 inférieur au plafond 2025
R049	L3.a	reapplication	annexe 2 — plafond inchangé	40	concorde	40	réapplication	plafond 2026 égal au plafond 2025
R050	L3.a	reapplication	annexe 2 — somme des plafonds 2025	20995325225	concorde	20995325225	réapplication	somme de la colonne « Plafond 2025 »
R051	L3.a	reapplication	annexe 2 — somme des plafonds 2026	21729008249	concorde	21729008249	réapplication	somme de la colonne « Plafond 2026 »
R052	L3.a	reapplication	annexe 2 — écart des sommes	733683024	concorde	733683024	réapplication	somme 2026 moins somme 2025
R053	L3.a	reapplication	annexe 2 — plafond de la seule création	45000000	concorde	45000000	réapplication	plafond 2026 de la seule ligne nouvellement plafonnée
R055	L3.b	reapplication	annexe 3 — dépenses fiscales	465	concorde	465	réapplication	lignes de l’onglet Chiffrages portant un numéro
R056	L3.b	reapplication	annexe 3 — éteintes	26	concorde	26	réapplication	chiffrage 2025 renseigné — nombre, ε ou nc — et 2026 à « - »
R057	L3.b	reapplication	annexe 3 — somme des chiffrages 2025 des éteintes	1683	concorde	1683	réapplication	somme des seuls chiffrages numériques des lignes éteintes ; ε et nc ne se lisent pas comme zéro
R058	L3.b	reapplication	annexe 3 — créées	12	concorde	12	réapplication	chiffrage 2024 à « - » et chiffrage 2026 renseigné
R059	L3.b	reapplication	annexe 3 — bornées	153	concorde	153	réapplication	fin du fait générateur portant un millésime
R060	L3.b	reapplication	annexe 3 — non bornées	312	concorde	312	réapplication	fin du fait générateur à « Non borné »
R061	L3.b	reapplication	annexe 3 — fin du fait générateur 2026	22	concorde	22	réapplication	lignes dont la fin du fait générateur est 2026
R062	L3.b	reapplication	annexe 3 — fin du fait générateur 2025	35	concorde	35	réapplication	lignes dont la fin du fait générateur est 2025
R063	L3.b	reapplication	annexe 3 — fin du fait générateur 2027	22	concorde	22	réapplication	lignes dont la fin du fait générateur est 2027
R064	L3.b	reapplication	annexe 3 — fin du fait générateur 2024	21	concorde	21	réapplication	lignes dont la fin du fait générateur est 2024
R065	L3.b	reapplication	annexe 3 — fin du fait générateur 2029	16	concorde	16	réapplication	lignes dont la fin du fait générateur est 2029
R066	L3.b	reapplication	alinéas de abrogation — PLF	154	introuvable		réapplication	non outillée : le livrable annonce un « relevé mécanique des formules modificatives » sans nommer les formules relevées ; la recette n’est pas déclarée, elle ne se devine pas
R067	L3.b	reapplication	alinéas de abrogation — PLFSS	63	introuvable		réapplication	non outillée : le livrable annonce un « relevé mécanique des formules modificatives » sans nommer les formules relevées ; la recette n’est pas déclarée, elle ne se devine pas
R068	L3.b	reapplication	alinéas de creation — PLF	129	introuvable		réapplication	non outillée : le livrable annonce un « relevé mécanique des formules modificatives » sans nommer les formules relevées ; la recette n’est pas déclarée, elle ne se devine pas
R069	L3.b	reapplication	alinéas de creation — PLFSS	60	introuvable		réapplication	non outillée : le livrable annonce un « relevé mécanique des formules modificatives » sans nommer les formules relevées ; la recette n’est pas déclarée, elle ne se devine pas
R070	L3.c	reapplication	opérateurs — variation relative du plafond global	-0.28	concorde	-0.28	réapplication	variation relative du plafond global, arrondie à la précision que le livrable affiche
R071	L3.b	reapplication	dépense fiscale 120204 — chiffrage 2025	621	concorde	621	réapplication	chiffrage 2025 de la ligne portant ce numéro
R072	L3.b	reapplication	dépense fiscale 110215 — chiffrage 2025	229	concorde	229	réapplication	chiffrage 2025 de la ligne portant ce numéro
R073	L3.b	reapplication	dépense fiscale 110242 — chiffrage 2025	225	concorde	225	réapplication	chiffrage 2025 de la ligne portant ce numéro
R074	L3.b	reapplication	dépense fiscale 110211 — chiffrage 2025	143	concorde	143	réapplication	chiffrage 2025 de la ligne portant ce numéro
R075	L3.b	reapplication	dépense fiscale 800215 — chiffrage 2025	148	concorde	148	réapplication	chiffrage 2025 de la ligne portant ce numéro
R076	L3.b	reapplication	dépense fiscale 210315 — chiffrage 2025	109	concorde	109	réapplication	chiffrage 2025 de la ligne portant ce numéro
R077	L3.b	reapplication	dépense fiscale 210329 — chiffrage 2025	75	concorde	75	réapplication	chiffrage 2025 de la ligne portant ce numéro
R078	L3.b	reapplication	dépense fiscale 70201 — chiffrage 2025	51	concorde	51	réapplication	chiffrage 2025 de la ligne portant ce numéro
R079	L3.b	reapplication	dépense fiscale 190212 — chiffrage 2025	41	concorde	41	réapplication	chiffrage 2025 de la ligne portant ce numéro
R080	L3.b	reapplication	dépense fiscale 220109 — chiffrage 2026	60	concorde	60	réapplication	chiffrage 2026 de la ligne portant ce numéro
R081	L3.b	reapplication	dépense fiscale 320149 — chiffrage 2026	50	concorde	50	réapplication	chiffrage 2026 de la ligne portant ce numéro
R082	L3.b	reapplication	dépense fiscale 110270 — chiffrage 2026	10	concorde	10	réapplication	chiffrage 2026 de la ligne portant ce numéro
R083	L3.b	reapplication	dépense fiscale 110271 — chiffrage 2026	20	concorde	20	réapplication	chiffrage 2026 de la ligne portant ce numéro
R084	L3.c	reapplication	opérateurs fusionnés	0	introuvable		réapplication	non outillée : le balayage des formules de dissolution, de fusion et de transfert à l’État n’est pas déclaré par le livrable, et une absence ne se rejoue pas sans lui
R085	L3.c	reapplication	opérateurs — plafond global LFI 2025	402456	concorde	402456	réapplication	total « LFI 2025 – ETPT sous plafond » du classeur
R086	L3.c	reapplication	opérateurs — plafond global PLF 2026	401310	concorde	401310	réapplication	total « PLF 2026 – ETPT sous plafond » du classeur
R087	L3.c	reapplication	opérateurs — sous plafond	180	concorde	180	réapplication	lignes d’opérateur portant un plafond PLF 2026
R088	L3.c	reapplication	opérateurs — en baisse	63	concorde	63	réapplication	plafond 2026 inférieur au plafond 2025
R089	L3.c	reapplication	opérateurs — en hausse	26	concorde	26	réapplication	plafond 2026 supérieur au plafond 2025
R090	L3.c	reapplication	opérateur France Travail — plafond 2025	49147	concorde	49147	réapplication	plafond LFI 2025 de la ligne de l’opérateur au classeur
R091	L3.c	reapplication	opérateur France Travail — plafond 2026	48632	concorde	48632	réapplication	plafond PLF 2026 de la ligne de l’opérateur au classeur
R092	L3.c	reapplication	opérateur France Travail — variation	-515	concorde	-515	réapplication	plafond PLF 2026 moins plafond LFI 2025, au classeur
R093	L3.c	reapplication	opérateur AFPA — plafond 2025	5330	concorde	5330	réapplication	plafond LFI 2025 de la ligne de l’opérateur au classeur
R094	L3.c	reapplication	opérateur AFPA — plafond 2026	4824	concorde	4824	réapplication	plafond PLF 2026 de la ligne de l’opérateur au classeur
R095	L3.c	reapplication	opérateur AFPA — variation	-506	concorde	-506	réapplication	plafond PLF 2026 moins plafond LFI 2025, au classeur
R096	L3.c	reapplication	opérateur agences régionales de santé — plafond 2025	8273	concorde	8273	réapplication	plafond LFI 2025 de la ligne de l’opérateur au classeur
R097	L3.c	reapplication	opérateur agences régionales de santé — plafond 2026	8114	concorde	8114	réapplication	plafond PLF 2026 de la ligne de l’opérateur au classeur
R098	L3.c	reapplication	opérateur agences régionales de santé — variation	-159	concorde	-159	réapplication	plafond PLF 2026 moins plafond LFI 2025, au classeur
R099	L3.c	reapplication	opérateur Réseau Canopé — plafond 2025	1237	concorde	1237	réapplication	plafond LFI 2025 de la ligne de l’opérateur au classeur
R100	L3.c	reapplication	opérateur Réseau Canopé — plafond 2026	1137	concorde	1137	réapplication	plafond PLF 2026 de la ligne de l’opérateur au classeur
R101	L3.c	reapplication	opérateur Réseau Canopé — variation	-100	concorde	-100	réapplication	plafond PLF 2026 moins plafond LFI 2025, au classeur
R102	L3.c	reapplication	opérateur Centre national d’art et de culture Georges-Pompidou — plafond 2025	1007	concorde	1007	réapplication	plafond LFI 2025 de la ligne de l’opérateur au classeur
R103	L3.c	reapplication	opérateur Centre national d’art et de culture Georges-Pompidou — plafond 2026	945	concorde	945	réapplication	plafond PLF 2026 de la ligne de l’opérateur au classeur
R104	L3.c	reapplication	opérateur Centre national d’art et de culture Georges-Pompidou — variation	-62	concorde	-62	réapplication	plafond PLF 2026 moins plafond LFI 2025, au classeur
R105	L3.c	reapplication	opérateur Voies navigables de France — plafond 2025	3990	concorde	3990	réapplication	plafond LFI 2025 de la ligne de l’opérateur au classeur
R106	L3.c	reapplication	opérateur Voies navigables de France — plafond 2026	3950	concorde	3950	réapplication	plafond PLF 2026 de la ligne de l’opérateur au classeur
R107	L3.c	reapplication	opérateur Voies navigables de France — variation	-40	concorde	-40	réapplication	plafond PLF 2026 moins plafond LFI 2025, au classeur
R108	L3.c	reapplication	opérateur Office national des forêts — plafond 2025	7946	concorde	7946	réapplication	plafond LFI 2025 de la ligne de l’opérateur au classeur
R109	L3.c	reapplication	opérateur Office national des forêts — plafond 2026	7914	concorde	7914	réapplication	plafond PLF 2026 de la ligne de l’opérateur au classeur
R110	L3.c	reapplication	opérateur Office national des forêts — variation	-32	concorde	-32	réapplication	plafond PLF 2026 moins plafond LFI 2025, au classeur
R111	L3.c	reapplication	opérateur Agence nationale de la cohésion des territoires — plafond 2025	350	concorde	350	réapplication	plafond LFI 2025 de la ligne de l’opérateur au classeur
R112	L3.c	reapplication	opérateur Agence nationale de la cohésion des territoires — plafond 2026	320	concorde	320	réapplication	plafond PLF 2026 de la ligne de l’opérateur au classeur
R113	L3.c	reapplication	opérateur Agence nationale de la cohésion des territoires — variation	-30	concorde	-30	réapplication	plafond PLF 2026 moins plafond LFI 2025, au classeur
R114	L3.c	reapplication	opérateurs — variation du plafond global	-1146	concorde	-1146	réapplication	total PLF 2026 moins total LFI 2025, au classeur
R115	L3.c	reapplication	opérateurs — inchangés	84	concorde	84	réapplication	plafond 2026 égal au plafond 2025
