article	article_depart	piece	operation	car_final	commentaires
1 A	1 A	LivreI_1re_partie_TitreI	réécrit	1282	0
4 B	4 B	LivreI_1re_partie_TitreI	réécrit	1029	1
4 bis	4 bis	LivreI_1re_partie_TitreI	réécrit	299	0
5	5	LivreI_1re_partie_TitreI	supprimé	0	1
6	6	LivreI_1re_partie_TitreI	réécrit	425	0
7	7	LivreI_1re_partie_TitreI	supprimé	1	0
8	8	LivreI_1re_partie_TitreI	réécrit	657	0
8 bis	8 bis	LivreI_1re_partie_TitreI	supprimé	0	0
8 quater	8 quater	LivreI_1re_partie_TitreI	supprimé	0	0
8 quinquies	8 quinquies	LivreI_1re_partie_TitreI	allégé	128	0
8 ter	8 ter	LivreI_1re_partie_TitreI	supprimé	0	0
10	10	LivreI_1re_partie_TitreI	allégé	462	0
11	11	LivreI_1re_partie_TitreI	complété	542	0
13	13	LivreI_1re_partie_TitreI	réécrit	1325	1
14	14	LivreI_1re_partie_TitreI	réécrit	432	0
14 A	14 A	LivreI_1re_partie_TitreI	supprimé	12	1
15	15	LivreI_1re_partie_TitreI	supprimé	0	1
16	16	LivreI_1re_partie_TitreI	allégé	152	0
28	28	LivreI_1re_partie_TitreI	supprimé	0	0
29	29	LivreI_1re_partie_TitreI	supprimé	0	0
30	30	LivreI_1re_partie_TitreI	supprimé	0	0
31	31	LivreI_1re_partie_TitreI	supprimé	5	0
31 bis	31 bis	LivreI_1re_partie_TitreI	supprimé	0	0
31-0 bis	31-0 bis	LivreI_1re_partie_TitreI	supprimé	0	0
32	32	LivreI_1re_partie_TitreI	réécrit	370	0
33 bis	33 bis	LivreI_1re_partie_TitreI	supprimé	0	1
33 quater	33 quater	LivreI_1re_partie_TitreI	réécrit	356	0
33 quinquies	33 quinquies	LivreI_1re_partie_TitreI	allégé	193	0
33 ter	33 ter	LivreI_1re_partie_TitreI	allégé	164	0
34	34	LivreI_1re_partie_TitreI	allégé	240	1
35	35	LivreI_1re_partie_TitreI	supprimé	0	1
35 A	35 A	LivreI_1re_partie_TitreI	allégé	138	0
35 bis	35 bis	LivreI_1re_partie_TitreI	supprimé	0	1
35 ter	35 ter	LivreI_1re_partie_TitreI	allégé	42	1
36	36	LivreI_1re_partie_TitreI	réécrit	289	0
37	37	LivreI_1re_partie_TitreI	complété	755	0
38	38	LivreI_1re_partie_TitreI	réécrit	25411	2
38	38 quater	LivreI_1re_partie_TitreI	renuméroté (38 quater -> 38)	0	1
38 bis	38 bis	LivreI_1re_partie_TitreI	réécrit	2369	0
38 bis A	38 bis A	LivreI_1re_partie_TitreI	allégé	1470	0
38 bis C	38 bis C	LivreI_1re_partie_TitreI	supprimé	0	0
38 bis-0 A bis	38 bis-0 A bis	LivreI_1re_partie_TitreI	allégé	3629	0
38 quinquies	38 quinquies	LivreI_1re_partie_TitreI	allégé	1390	0
38 quinquies A	38 quinquies A	LivreI_1re_partie_TitreI	supprimé	0	1
38 septies	38 septies	LivreI_1re_partie_TitreI	supprimé	0	0
38 ter	38 bis B bis	LivreI_1re_partie_TitreI	renuméroté (38 bis B bis -> 38 ter)	0	0
38 ter	38 ter	LivreI_1re_partie_TitreI	complété	1045	0
39	39	LivreI_1re_partie_TitreI	réécrit	5729	10
39 A	39 A	LivreI_1re_partie_TitreI	supprimé	0	0
39 AA	39 AA	LivreI_1re_partie_TitreI	supprimé	0	0
39 AA quater	39 AA quater	LivreI_1re_partie_TitreI	supprimé	0	0
39 AA quinquies	39 AA quinquies	LivreI_1re_partie_TitreI	supprimé	0	0
39 AB	39 AB	LivreI_1re_partie_TitreI	supprimé	0	0
39 B	39 B	LivreI_1re_partie_TitreI	supprimé	0	0
39 C	39 C	LivreI_1re_partie_TitreI	réécrit	806	0
39 D	39 D	LivreI_1re_partie_TitreI	réécrit	340	0
39 E	39 E	LivreI_1re_partie_TitreI	supprimé	9	0
39 F	39 F	LivreI_1re_partie_TitreI	supprimé	0	0
39 G	39 G	LivreI_1re_partie_TitreI	supprimé	0	0
39 bis	39 bis	LivreI_1re_partie_TitreI	supprimé	0	0
39 bis A	39 bis A	LivreI_1re_partie_TitreI	supprimé	0	0
39 bis B	39 bis B	LivreI_1re_partie_TitreI	supprimé	0	0
39 decies	39 decies	LivreI_1re_partie_TitreI	supprimé	0	0
39 decies A	39 decies A	LivreI_1re_partie_TitreI	supprimé	0	0
39 decies B	39 decies B	LivreI_1re_partie_TitreI	supprimé	0	0
39 decies C	39 decies C	LivreI_1re_partie_TitreI	supprimé	0	0
39 decies C bis	39 decies C bis	LivreI_1re_partie_TitreI	supprimé	0	0
39 decies D	39 decies D	LivreI_1re_partie_TitreI	supprimé	0	0
39 decies E	39 decies E	LivreI_1re_partie_TitreI	supprimé	0	0
39 decies F	39 decies F	LivreI_1re_partie_TitreI	supprimé	0	0
39 decies G	39 decies G	LivreI_1re_partie_TitreI	supprimé	0	0
39 duodecies	39 duodecies	LivreI_1re_partie_TitreI	supprimé	0	1
39 duodecies A	39 duodecies A	LivreI_1re_partie_TitreI	réécrit	1482	0
39 novodecies	39 novodecies	LivreI_1re_partie_TitreI	supprimé	0	0
39 octies A	39 octies A	LivreI_1re_partie_TitreI	supprimé	0	0
39 octies C	39 octies C	LivreI_1re_partie_TitreI	supprimé	0	0
39 octies D	39 octies D	LivreI_1re_partie_TitreI	supprimé	25	1
39 octies E	39 octies E	LivreI_1re_partie_TitreI	supprimé	0	0
39 octies F	39 octies F	LivreI_1re_partie_TitreI	supprimé	0	0
39 octodecies	39 octodecies	LivreI_1re_partie_TitreI	supprimé	0	0
39 quaterdecies	39 quaterdecies	LivreI_1re_partie_TitreI	réécrit	320	0
39 quindecies	39 quindecies	LivreI_1re_partie_TitreI	réécrit	82	1
39 quindecies	39 quindecies	LivreI_1re_partie_TitreI	allégé	214	1
39 quindecies A	39 quindecies A	LivreI_1re_partie_TitreI	supprimé	0	0
39 quinquies	39 quinquies	LivreI_1re_partie_TitreI	supprimé	0	0
39 quinquies C	39 quinquies C	LivreI_1re_partie_TitreI	supprimé	0	0
39 quinquies D	39 quinquies D	LivreI_1re_partie_TitreI	supprimé	0	0
39 quinquies DA	39 quinquies DA	LivreI_1re_partie_TitreI	supprimé	0	0
39 quinquies E	39 quinquies E	LivreI_1re_partie_TitreI	supprimé	0	0
39 quinquies F	39 quinquies F	LivreI_1re_partie_TitreI	supprimé	0	0
39 quinquies FA	39 quinquies FA	LivreI_1re_partie_TitreI	supprimé	0	0
39 quinquies FB	39 quinquies FB	LivreI_1re_partie_TitreI	supprimé	0	0
39 quinquies FC	39 quinquies FC	LivreI_1re_partie_TitreI	supprimé	0	0
39 quinquies G	39 quinquies G	LivreI_1re_partie_TitreI	supprimé	0	0
39 quinquies GA	39 quinquies GA	LivreI_1re_partie_TitreI	supprimé	0	0
39 quinquies GB	39 quinquies GB	LivreI_1re_partie_TitreI	supprimé	0	0
39 quinquies GC	39 quinquies GC	LivreI_1re_partie_TitreI	supprimé	0	0
39 quinquies GE	39 quinquies GE	LivreI_1re_partie_TitreI	supprimé	0	0
39 quinquies GF	39 quinquies GF	LivreI_1re_partie_TitreI	supprimé	0	1
39 quinquies I	39 quinquies I	LivreI_1re_partie_TitreI	supprimé	39	0
39 sexies	39 sexies	LivreI_1re_partie_TitreI	supprimé	0	0
39 ter C	39 ter C	LivreI_1re_partie_TitreI	supprimé	0	0
39 terdecies	39 terdecies	LivreI_1re_partie_TitreI	supprimé	0	0
40	40	LivreI_1re_partie_TitreI	supprimé	0	0
41	41	LivreI_1re_partie_TitreI	allégé	3601	0
42 octies	42 octies	LivreI_1re_partie_TitreI	supprimé	0	0
42 septies	42 septies	LivreI_1re_partie_TitreI	supprimé	0	0
43 bis	43 bis	LivreI_1re_partie_TitreI	allégé	97	0
44 duodecies	44 duodecies	LivreI_1re_partie_TitreI	supprimé	0	0
44 nonies	44 nonies	LivreI_1re_partie_TitreI	supprimé	0	0
44 octies A	44 octies A	LivreI_1re_partie_TitreI	supprimé	0	0
44 octies B	44 octies B	LivreI_1re_partie_TitreI	supprimé	0	0
44 quaterdecies	44 quaterdecies	LivreI_1re_partie_TitreI	supprimé	0	0
44 quindecies	44 quindecies	LivreI_1re_partie_TitreI	supprimé	0	0
44 quindecies A	44 quindecies A	LivreI_1re_partie_TitreI	supprimé	0	0
44 septdecies	44 septdecies	LivreI_1re_partie_TitreI	supprimé	0	0
44 sexdecies	44 sexdecies	LivreI_1re_partie_TitreI	supprimé	0	0
44 sexies	44 sexies	LivreI_1re_partie_TitreI	supprimé	0	0
44 sexies A	44 sexies A	LivreI_1re_partie_TitreI	supprimé	0	0
44 sexies-0 A	44 sexies-0 A	LivreI_1re_partie_TitreI	supprimé	0	0
44 terdecies	44 terdecies	LivreI_1re_partie_TitreI	supprimé	0	0
45	45	LivreI_1re_partie_TitreI	allégé	230	0
50-0	50-0	LivreI_1re_partie_TitreI	réécrit	2719	0
53 A	53 A	LivreI_1re_partie_TitreI	réécrit	675	0
54	54	LivreI_1re_partie_TitreI	allégé	412	0
54 bis	54 bis	LivreI_1re_partie_TitreI	supprimé	0	0
54 octies	54 octies	LivreI_1re_partie_TitreI	supprimé	0	0
54 quater	54 quater	LivreI_1re_partie_TitreI	supprimé	0	0
54 septies	54 septies	LivreI_1re_partie_TitreI	réécrit	2038	0
54 sexies	54 sexies	LivreI_1re_partie_TitreI	supprimé	0	0
54 ter	54 ter	LivreI_1re_partie_TitreI	supprimé	0	0
55	55	LivreI_1re_partie_TitreI	réécrit	158	0
56	56	LivreI_1re_partie_TitreI	supprimé	0	0
57	57	LivreI_1re_partie_TitreI	réécrit	2013	0
60	60	LivreI_1re_partie_TitreI	allégé	236	0
61 A	61 A	LivreI_1re_partie_TitreI	allégé	171	0
62	62	LivreI_1re_partie_TitreI	allégé	1259	0
63	63	LivreI_1re_partie_TitreI	réécrit	2866	0
64 bis	64 bis	LivreI_1re_partie_TitreI	réécrit	2793	1
69	69	LivreI_1re_partie_TitreI	réécrit	586	0
69 C	69 C	LivreI_1re_partie_TitreI	supprimé	0	0
69 D	69 D	LivreI_1re_partie_TitreI	allégé	170	0
69 E	69 E	LivreI_1re_partie_TitreI	allégé	213	0
70	70	LivreI_1re_partie_TitreI	allégé	46	0
71	71	LivreI_1re_partie_TitreI	supprimé	39	0
72	72	LivreI_1re_partie_TitreI	réécrit	431	0
72 A	72 A	LivreI_1re_partie_TitreI	supprimé	0	0
72 A bis	72 A bis	LivreI_1re_partie_TitreI	supprimé	0	0
72 B	72 B	LivreI_1re_partie_TitreI	supprimé	0	0
72 B bis	72 B bis	LivreI_1re_partie_TitreI	supprimé	0	0
72 C	72 C	LivreI_1re_partie_TitreI	supprimé	0	0
72 E	72 E	LivreI_1re_partie_TitreI	allégé	287	1
72 E bis	72 E bis	LivreI_1re_partie_TitreI	réécrit	282	0
72 F	72 F	LivreI_1re_partie_TitreI	supprimé	0	0
73	73	LivreI_1re_partie_TitreI	supprimé	0	0
73 A	73 A	LivreI_1re_partie_TitreI	supprimé	0	0
73 B	73 B	LivreI_1re_partie_TitreI	supprimé	0	0
73 C	73 C	LivreI_1re_partie_TitreI	supprimé	1	0
73 D	73 D	LivreI_1re_partie_TitreI	réécrit	1257	0
73 E	73 E	LivreI_1re_partie_TitreI	réécrit	1720	0
74	74	LivreI_1re_partie_TitreI	allégé	1335	0
74 A	74 A	LivreI_1re_partie_TitreI	allégé	585	0
74 B	74 B	LivreI_1re_partie_TitreI	allégé	514	0
75	75	LivreI_1re_partie_TitreI	supprimé	0	0
75-0 A	75-0 A	LivreI_1re_partie_TitreI	supprimé	0	0
75-0 B	75-0 B	LivreI_1re_partie_TitreI	supprimé	0	0
75-0 C	75-0 C	LivreI_1re_partie_TitreI	supprimé	0	0
75-0 D	75-0 D	LivreI_1re_partie_TitreI	supprimé	0	0
76	76	LivreI_1re_partie_TitreI	supprimé	0	0
76 A	76 A	LivreI_1re_partie_TitreI	supprimé	0	0
77 A	77 A	LivreI_1re_partie_TitreI	supprimé	0	0
78	78	LivreI_1re_partie_TitreI	allégé	89	1
80	80	LivreI_1re_partie_TitreI	réécrit	604	0
80 bis	80 bis	LivreI_1re_partie_TitreI	supprimé	0	1
80 decies	80 decies	LivreI_1re_partie_TitreI	réécrit	376	0
80 duodecies	80 duodecies	LivreI_1re_partie_TitreI	allégé	303	0
80 nonies	80 nonies	LivreI_1re_partie_TitreI	supprimé	0	0
80 quater	80 quater	LivreI_1re_partie_TitreI	supprimé	0	0
80 quaterdecies	80 quaterdecies	LivreI_1re_partie_TitreI	supprimé	0	0
80 quindecies	80 quindecies	LivreI_1re_partie_TitreI	supprimé	0	0
80 quinquies	80 quinquies	LivreI_1re_partie_TitreI	supprimé	0	1
80 septies	80 septies	LivreI_1re_partie_TitreI	allégé	136	0
80 sexdecies	80 sexdecies	LivreI_1re_partie_TitreI	allégé	168	0
80 sexies	80 sexies	LivreI_1re_partie_TitreI	supprimé	0	0
80 ter	80 ter	LivreI_1re_partie_TitreI	allégé	167	0
80 undecies	80 undecies	LivreI_1re_partie_TitreI	réécrit	144	0
80 undecies A	80 undecies A	LivreI_1re_partie_TitreI	réécrit	230	0
80 undecies B	80 undecies B	LivreI_1re_partie_TitreI	réécrit	158	0
81	81	LivreI_1re_partie_TitreI	supprimé	0	0
81 A	81 A	LivreI_1re_partie_TitreI	supprimé	0	0
81 D	81 D	LivreI_1re_partie_TitreI	réécrit	189	0
81 bis	81 bis	LivreI_1re_partie_TitreI	supprimé	0	0
81 quater	81 quater	LivreI_1re_partie_TitreI	supprimé	0	0
81 ter	81 ter	LivreI_1re_partie_TitreI	supprimé	0	0
82	82	LivreI_1re_partie_TitreI	allégé	637	0
83	83	LivreI_1re_partie_TitreI	réécrit	306	0
83 A	83 A	LivreI_1re_partie_TitreI	supprimé	0	0
84 A	84 A	LivreI_1re_partie_TitreI	allégé	198	0
87	87	LivreI_1re_partie_TitreI	complété	635	0
90	90	LivreI_1re_partie_TitreI	allégé	250	0
92	92	LivreI_1re_partie_TitreI	allégé	497	0
92 A	92 A	LivreI_1re_partie_TitreI	allégé	89	0
93	93	LivreI_1re_partie_TitreI	réécrit	1209	0
93 A	93 A	LivreI_1re_partie_TitreI	supprimé	0	1
93 B	93 B	LivreI_1re_partie_TitreI	réécrit	1555	0
93 quater	93 quater	LivreI_1re_partie_TitreI	réécrit	3950	1
93 ter	93 ter	LivreI_1re_partie_TitreI	allégé	43	0
96	96	LivreI_1re_partie_TitreI	réécrit	231	0
96 A	96 A	LivreI_1re_partie_TitreI	supprimé	0	0
96 B	96 B	LivreI_1re_partie_TitreI	supprimé	0	0
97	97	LivreI_1re_partie_TitreI	supprimé	0	0
97	97	LivreI_1re_partie_TitreI	réécrit	230	0
99	99	LivreI_1re_partie_TitreI	allégé	960	0
100	100	LivreI_1re_partie_TitreI	supprimé	0	0
100 bis	100 bis	LivreI_1re_partie_TitreI	supprimé	31	0
102 ter	102 ter	LivreI_1re_partie_TitreI	réécrit	1577	0
103	103	LivreI_1re_partie_TitreI	réécrit	696	0
108	108	LivreI_1re_partie_TitreI	réécrit	485	0
109	109	LivreI_1re_partie_TitreI	réécrit	530	0
111	111	LivreI_1re_partie_TitreI	réécrit	812	0
111 bis	111 bis	LivreI_1re_partie_TitreI	allégé	316	1
111 ter	111 ter	LivreI_1re_partie_TitreI	supprimé	0	0
112	112	LivreI_1re_partie_TitreI	réécrit	2701	1
115	115	LivreI_1re_partie_TitreI	réécrit	1370	0
115 A	115 A	LivreI_1re_partie_TitreI	supprimé	0	0
115 quinquies	115 quinquies	LivreI_1re_partie_TitreI	supprimé	34	0
117 quater	117 quater	LivreI_1re_partie_TitreI	réécrit	2719	0
119 bis	119 bis	LivreI_1re_partie_TitreI	réécrit	232	0
119 bis A	119 bis A	LivreI_1re_partie_TitreI	supprimé	6	0
119 quater	119 quater	LivreI_1re_partie_TitreI	réécrit	60	0
119 quinquies	119 quinquies	LivreI_1re_partie_TitreI	réécrit	2346	0
119 ter		LivreI_1re_partie_TitreI	supprimé	22	0
119 ter	119 ter	LivreI_1re_partie_TitreI	réécrit	88	0
120	120	LivreI_1re_partie_TitreI	allégé	3678	0
121	121	LivreI_1re_partie_TitreI	allégé	1467	0
123 bis	123 bis	LivreI_1re_partie_TitreI	allégé	183	1
125 A	125 A	LivreI_1re_partie_TitreI	réécrit	1908	0
125 D	125 D	LivreI_1re_partie_TitreI	réécrit	2791	0
125 ter	125 ter	LivreI_1re_partie_TitreI	supprimé	0	0
125-0 A	125-0 A	LivreI_1re_partie_TitreI	réécrit	1701	0
125-00 A	125-00 A	LivreI_1re_partie_TitreI	allégé	817	1
130	130	LivreI_1re_partie_TitreI	supprimé	0	0
131	131	LivreI_1re_partie_TitreI	supprimé	0	0
131 quinquies	131 quinquies	LivreI_1re_partie_TitreI	supprimé	0	0
131 sexies	131 sexies	LivreI_1re_partie_TitreI	supprimé	0	0
131 ter	131 ter	LivreI_1re_partie_TitreI	supprimé	0	0
131 ter A	131 ter A	LivreI_1re_partie_TitreI	supprimé	0	0
132 bis	132 bis	LivreI_1re_partie_TitreI	supprimé	0	0
132 ter	132 ter	LivreI_1re_partie_TitreI	supprimé	0	0
133	133	LivreI_1re_partie_TitreI	supprimé	0	0
136	136	LivreI_1re_partie_TitreI	supprimé	31	0
137 bis	137 bis	LivreI_1re_partie_TitreI	réécrit	1465	0
137 ter	137 ter	LivreI_1re_partie_TitreI	supprimé	0	0
138	138	LivreI_1re_partie_TitreI	supprimé	0	0
139 ter	139 ter	LivreI_1re_partie_TitreI	supprimé	0	0
143 quater	143 quater	LivreI_1re_partie_TitreI	supprimé	0	0
145	145	LivreI_1re_partie_TitreI	supprimé	0	0
146 quater	146 quater	LivreI_1re_partie_TitreI	supprimé	0	0
148	148	LivreI_1re_partie_TitreI	allégé	162	0
150 A bis	150 A bis	LivreI_1re_partie_TitreI	réécrit	2436	0
150 U	150 U	LivreI_1re_partie_TitreI	réécrit	1177	0
150 UA	150 UA	LivreI_1re_partie_TitreI	réécrit	540	0
150 UB	150 UB	LivreI_1re_partie_TitreI	réécrit	1848	0
150 UC	150 UC	LivreI_1re_partie_TitreI	réécrit	182	0
150 UD	150 UD	LivreI_1re_partie_TitreI	allégé	385	0
150 VA	150 VA	LivreI_1re_partie_TitreI	allégé	676	0
150 VB	150 VB	LivreI_1re_partie_TitreI	réécrit	3421	1
150 VC	150 VC	LivreI_1re_partie_TitreI	réécrit	576	0
150 VD	150 VD	LivreI_1re_partie_TitreI	allégé	117	1
150 VE	150 VE	LivreI_1re_partie_TitreI	supprimé	0	0
150 VF	150 VF	LivreI_1re_partie_TitreI	réécrit	1188	0
150 VG	150 VG	LivreI_1re_partie_TitreI	réécrit	4083	0
150 VH	150 VH	LivreI_1re_partie_TitreI	complété	2292	0
150 VH bis	150 VH bis	LivreI_1re_partie_TitreI	allégé	4275	0
150 VI	150 VI	LivreI_1re_partie_TitreI	supprimé	0	0
150 VJ	150 VJ	LivreI_1re_partie_TitreI	supprimé	0	0
150 VK	150 VK	LivreI_1re_partie_TitreI	supprimé	0	0
150 VL	150 VL	LivreI_1re_partie_TitreI	supprimé	0	0
150 VM	150 VM	LivreI_1re_partie_TitreI	allégé	66	0
150 duodecies	150 duodecies	LivreI_1re_partie_TitreI	allégé	140	0
150 ter	150 ter	LivreI_1re_partie_TitreI	réécrit	1510	0
150-0	150-0 B ter	LivreI_1re_partie_TitreI	renuméroté (150-0 B ter -> 150-0)	1	0
150-0 A	150-0 A	LivreI_1re_partie_TitreI	réécrit	4790	0
150-0 B	150-0 B	LivreI_1re_partie_TitreI	réécrit	1468	1
150-0 B bis	150-0 B bis	LivreI_1re_partie_TitreI	réécrit	467	0
150-0 B quater	150-0 B quater	LivreI_1re_partie_TitreI	supprimé	0	0
150-0 B quinquies	150-0 B quinquies	LivreI_1re_partie_TitreI	supprimé	0	0
150-0 C	150-0 C	LivreI_1re_partie_TitreI	supprimé	0	0
150-0 D	150-0 D	LivreI_1re_partie_TitreI	réécrit	8803	1
150-0 D ter	150-0 D ter	LivreI_1re_partie_TitreI	supprimé	0	0
150-0 F	150-0 F	LivreI_1re_partie_TitreI	allégé	226	0
151	151	LivreI_1re_partie_TitreI	supprimé	0	0
151 decies	151 decies	LivreI_1re_partie_TitreI	allégé	203	0
151 nonies	151 nonies	LivreI_1re_partie_TitreI	supprimé	0	0
151 octies	151 octies	LivreI_1re_partie_TitreI	réécrit	3745	0
151 octies A	151 octies A	LivreI_1re_partie_TitreI	réécrit	4010	0
151 octies B	151 octies B	LivreI_1re_partie_TitreI	réécrit	1780	0
151 octies C	151 octies C	LivreI_1re_partie_TitreI	réécrit	1401	0
151 octies D	151 octies D	LivreI_1re_partie_TitreI	supprimé	0	0
151 quater	151 quater	LivreI_1re_partie_TitreI	allégé	1146	0
151 septies	151 septies	LivreI_1re_partie_TitreI	supprimé	0	0
151 septies A	151 septies A	LivreI_1re_partie_TitreI	supprimé	0	0
151 septies B	151 septies B	LivreI_1re_partie_TitreI	allégé	268	0
151 sexies	151 sexies	LivreI_1re_partie_TitreI	réécrit	1568	0
151 ter	151 ter	LivreI_1re_partie_TitreI	allégé	83	0
151-0	151-0	LivreI_1re_partie_TitreI	allégé	163	0
154	154	LivreI_1re_partie_TitreI	réécrit	817	0
154 bis	154 bis	LivreI_1re_partie_TitreI	réécrit	353	0
154 bis A	154 bis A	LivreI_1re_partie_TitreI	allégé	147	1
154 bis-0 A	154 bis-0 A	LivreI_1re_partie_TitreI	allégé	219	0
154 quinquies	154 quinquies	LivreI_1re_partie_TitreI	allégé	259	0
155	155	LivreI_1re_partie_TitreI	réécrit	4498	1
155 A	155 A	LivreI_1re_partie_TitreI	supprimé	0	0
155 B	155 B	LivreI_1re_partie_TitreI	supprimé	18	0
156	156	LivreI_1re_partie_TitreI	réécrit	313	0
156 bis	156 bis	LivreI_1re_partie_TitreI	supprimé	0	0
157	157	LivreI_1re_partie_TitreI	réécrit	202	0
157 bis	157 bis	LivreI_1re_partie_TitreI	supprimé	0	0
158	158	LivreI_1re_partie_TitreI	allégé	415	0
159 quinquies	159 quinquies	LivreI_1re_partie_TitreI	supprimé	0	0
160 bis	160 bis	LivreI_1re_partie_TitreI	supprimé	0	0
160 quater	160 quater	LivreI_1re_partie_TitreI	supprimé	0	0
162	162	LivreI_1re_partie_TitreI	réécrit	793	0
163 bis	163 bis	LivreI_1re_partie_TitreI	supprimé	0	0
163 bis AA	163 bis AA	LivreI_1re_partie_TitreI	supprimé	0	0
163 bis B	163 bis B	LivreI_1re_partie_TitreI	supprimé	0	0
163 bis D	163 bis D	LivreI_1re_partie_TitreI	supprimé	0	0
163 bis E	163 bis E	LivreI_1re_partie_TitreI	supprimé	0	0
163 bis F	163 bis F	LivreI_1re_partie_TitreI	supprimé	0	0
163 bis G	163 bis G	LivreI_1re_partie_TitreI	supprimé	0	0
163 bis H	163 bis H	LivreI_1re_partie_TitreI	supprimé	0	0
163 duovicies	163 duovicies	LivreI_1re_partie_TitreI	supprimé	0	0
163 quatervicies	163 quatervicies	LivreI_1re_partie_TitreI	supprimé	0	0
163 quinquies B	163 quinquies B	LivreI_1re_partie_TitreI	supprimé	0	0
163 quinquies C	163 quinquies C	LivreI_1re_partie_TitreI	supprimé	0	1
163 quinquies C bis	163 quinquies C bis	LivreI_1re_partie_TitreI	supprimé	29	0
163 quinquies D	163 quinquies D	LivreI_1re_partie_TitreI	réécrit	112	1
163 quinvicies	163 quinvicies	LivreI_1re_partie_TitreI	allégé	92	0
163-0 A	163-0 A	LivreI_1re_partie_TitreI	supprimé	0	0
163-0 A bis	163-0 A bis	LivreI_1re_partie_TitreI	supprimé	0	0
163-0 A ter	163-0 A ter	LivreI_1re_partie_TitreI	supprimé	0	0
164 A	164 A	LivreI_1re_partie_TitreI	allégé	227	0
164 B	164 B	LivreI_1re_partie_TitreI	réécrit	3733	0
167	167	LivreI_1re_partie_TitreI	allégé	709	0
167 bis	167 bis	LivreI_1re_partie_TitreI	supprimé	0	1
168	168	LivreI_1re_partie_TitreI	supprimé	0	0
170	170	LivreI_1re_partie_TitreI	allégé	1478	0
170 ter	170 ter	LivreI_1re_partie_TitreI	supprimé	0	0
171	170 bis	LivreI_1re_partie_TitreI	renuméroté (170 bis -> 171)	0	0
172	172	LivreI_1re_partie_TitreI	allégé	442	0
174	174	LivreI_1re_partie_TitreI	réécrit	297	0
182 A	182 A	LivreI_1re_partie_TitreI	réécrit	538	0
182 A bis	182 A bis	LivreI_1re_partie_TitreI	réécrit	488	0
182 B	182 A ter	LivreI_1re_partie_TitreI	renuméroté (182 A ter -> 182 B)	0	0
182 B	182 B	LivreI_1re_partie_TitreI	réécrit	1269	0
187	187	LivreI_1re_partie_TitreI	réécrit	75	0
193	193	LivreI_1re_partie_TitreI	supprimé	3	0
193 bis	193 bis	LivreI_1re_partie_TitreI	supprimé	0	0
193 ter	193 ter	LivreI_1re_partie_TitreI	supprimé	0	0
194	194	LivreI_1re_partie_TitreI	supprimé	0	0
195	195	LivreI_1re_partie_TitreI	supprimé	0	0
196 A bis	196 A bis	LivreI_1re_partie_TitreI	supprimé	0	0
196 B	196 B	LivreI_1re_partie_TitreI	supprimé	0	0
196 bis	196 bis	LivreI_1re_partie_TitreI	supprimé	0	0
197	197	LivreI_1re_partie_TitreI	réécrit	108	0
197 A	197 A	LivreI_1re_partie_TitreI	supprimé	0	0
197 B	197 B	LivreI_1re_partie_TitreI	supprimé	0	0
197 C	197 C	LivreI_1re_partie_TitreI	supprimé	0	0
199	199	LivreI_1re_partie_TitreI	allégé	59	0
199	199 ter A	LivreI_1re_partie_TitreI	renuméroté (199 ter A -> 199)	0	0
199 decies E	199 decies E	LivreI_1re_partie_TitreI	supprimé	8	0
199 decies EA	199 decies EA	LivreI_1re_partie_TitreI	supprimé	0	0
199 decies G	199 decies G	LivreI_1re_partie_TitreI	supprimé	0	0
199 decies I	199 decies I	LivreI_1re_partie_TitreI	supprimé	0	0
199 duovicies	199 duovicies	LivreI_1re_partie_TitreI	supprimé	0	0
199 novovicies	199 novovicies	LivreI_1re_partie_TitreI	supprimé	0	0
199 octodecies	199 octodecies	LivreI_1re_partie_TitreI	supprimé	0	0
199 quater A	199 quater A	LivreI_1re_partie_TitreI	allégé	187	0
199 quater F	199 quater F	LivreI_1re_partie_TitreI	supprimé	0	0
199 quindecies	199 quindecies	LivreI_1re_partie_TitreI	supprimé	0	0
199 septies	199 septies	LivreI_1re_partie_TitreI	supprimé	0	0
199 septvicies	199 septvicies	LivreI_1re_partie_TitreI	supprimé	0	0
199 sexdecies	199 sexdecies	LivreI_1re_partie_TitreI	supprimé	0	0
199 sexvicies	199 sexvicies	LivreI_1re_partie_TitreI	supprimé	0	0
199 ter	199 ter	LivreI_1re_partie_TitreI	réécrit	3647	0
199 ter B	199 ter B	LivreI_1re_partie_TitreI	supprimé	6	0
199 ter B bis	199 ter B bis	LivreI_1re_partie_TitreI	supprimé	0	0
199 ter C	199 ter C	LivreI_1re_partie_TitreI	supprimé	0	0
199 ter D	199 ter D	LivreI_1re_partie_TitreI	supprimé	0	0
199 ter E	199 ter E	LivreI_1re_partie_TitreI	supprimé	0	0
199 ter I	199 ter I	LivreI_1re_partie_TitreI	supprimé	0	0
199 ter K	199 ter K	LivreI_1re_partie_TitreI	supprimé	0	0
199 ter N	199 ter N	LivreI_1re_partie_TitreI	supprimé	0	0
199 ter S	199 ter S	LivreI_1re_partie_TitreI	supprimé	0	0
199 ter T	199 ter T	LivreI_1re_partie_TitreI	supprimé	0	0
199 ter U	199 ter U	LivreI_1re_partie_TitreI	supprimé	0	0
199 ter V	199 ter V	LivreI_1re_partie_TitreI	supprimé	0	0
199 ter-0 B	199 ter-0 B	LivreI_1re_partie_TitreI	supprimé	0	0
199 terdecies-0 A	199 terdecies-0 A	LivreI_1re_partie_TitreI	réécrit	2389	0
199 terdecies-0 A bis	199 terdecies-0 A bis	LivreI_1re_partie_TitreI	supprimé	0	0
199 terdecies-0 A ter	199 terdecies-0 A ter	LivreI_1re_partie_TitreI	supprimé	0	0
199 terdecies-0 AA	199 terdecies-0 AA	LivreI_1re_partie_TitreI	supprimé	0	0
199 terdecies-0 AB	199 terdecies-0 AB	LivreI_1re_partie_TitreI	supprimé	0	0
199 terdecies-0 B	199 terdecies-0 B	LivreI_1re_partie_TitreI	supprimé	0	0
199 terdecies-0 C	199 terdecies-0 C	LivreI_1re_partie_TitreI	supprimé	0	0
199 tervicies	199 tervicies	LivreI_1re_partie_TitreI	supprimé	0	0
199 tervicies A	199 tervicies A	LivreI_1re_partie_TitreI	supprimé	0	0
199 tricies	199 tricies	LivreI_1re_partie_TitreI	supprimé	0	0
199 undecies A	199 undecies A	LivreI_1re_partie_TitreI	supprimé	0	0
199 undecies B	199 undecies B	LivreI_1re_partie_TitreI	supprimé	0	0
199 undecies C	199 undecies C	LivreI_1re_partie_TitreI	supprimé	0	0
199 undecies D	199 undecies D	LivreI_1re_partie_TitreI	supprimé	17	0
199 undecies E	199 undecies E	LivreI_1re_partie_TitreI	supprimé	0	0
199 undecies F	199 undecies F	LivreI_1re_partie_TitreI	supprimé	0	0
199 unvicies	199 unvicies	LivreI_1re_partie_TitreI	supprimé	0	0
200	200	LivreI_1re_partie_TitreI	supprimé	0	0
200 A	200 A	LivreI_1re_partie_TitreI	réécrit	2095	1
200 B	200 B	LivreI_1re_partie_TitreI	réécrit	388	0
200 C	200 C	LivreI_1re_partie_TitreI	réécrit	119	0
200 bis	200 bis	LivreI_1re_partie_TitreI	supprimé	0	0
200 decies A	200 decies A	LivreI_1re_partie_TitreI	supprimé	0	0
200 quater	200 quater	LivreI_1re_partie_TitreI	supprimé	0	0
200 quater A	200 quater A	LivreI_1re_partie_TitreI	supprimé	0	0
200 quater B	200 quater B	LivreI_1re_partie_TitreI	supprimé	0	0
200 quater C	200 quater C	LivreI_1re_partie_TitreI	supprimé	0	0
200 quaterdecies	200 quaterdecies	LivreI_1re_partie_TitreI	supprimé	0	0
200 quindecies	200 quindecies	LivreI_1re_partie_TitreI	supprimé	0	0
200 septdecies	199 quater C	LivreI_1re_partie_TitreI	renuméroté (199 quater C -> 200 septdecies)	57	0
200 sexdecies	200 sexdecies	LivreI_1re_partie_TitreI	supprimé	0	0
200 undecies	200 undecies	LivreI_1re_partie_TitreI	supprimé	0	0
200-0 A	200-0 A	LivreI_1re_partie_TitreI	allégé	107	0
201	201	LivreI_1re_partie_TitreI	réécrit	2727	0
201 ter	201 ter	LivreI_1re_partie_TitreI	supprimé	0	0
202	202	LivreI_1re_partie_TitreI	réécrit	1755	0
202 quater	202 quater	LivreI_1re_partie_TitreI	réécrit	1932	0
202 ter	202 ter	LivreI_1re_partie_TitreI	réécrit	3251	0
203	203	LivreI_1re_partie_TitreI	réécrit	416	0
204	204	LivreI_1re_partie_TitreI	réécrit	2059	0
204 C	204 C	LivreI_1re_partie_TitreI	réécrit	2109	0
204 D	204 D	LivreI_1re_partie_TitreI	allégé	348	0
204 E	204 E	LivreI_1re_partie_TitreI	réécrit	171	0
204 F	204 F	LivreI_1re_partie_TitreI	allégé	228	0
204 G	204 G	LivreI_1re_partie_TitreI	réécrit	3582	0
204 H	204 H	LivreI_1re_partie_TitreI	supprimé	0	0
204 I	204 I	LivreI_1re_partie_TitreI	supprimé	0	0
204 J	204 J	LivreI_1re_partie_TitreI	supprimé	0	0
204 L	204 L	LivreI_1re_partie_TitreI	réécrit	846	0
204 N	204 M	LivreI_1re_partie_TitreI	renuméroté (204 M -> 204 N)	0	0
205 B	205 B	LivreI_1re_partie_TitreI	supprimé	0	0
205 C	205 C	LivreI_1re_partie_TitreI	supprimé	0	0
205 D	205 D	LivreI_1re_partie_TitreI	supprimé	39	0
206	206	LivreI_1re_partie_TitreI	réécrit	838	0
207	207	LivreI_1re_partie_TitreI	supprimé	0	0
208	208	LivreI_1re_partie_TitreI	supprimé	0	0
208 A	208 A	LivreI_1re_partie_TitreI	supprimé	0	0
208 B	208 B	LivreI_1re_partie_TitreI	supprimé	0	0
208 C	208 C	LivreI_1re_partie_TitreI	supprimé	0	0
208 C bis	208 C bis	LivreI_1re_partie_TitreI	supprimé	0	0
208 C ter	208 C ter	LivreI_1re_partie_TitreI	supprimé	0	0
208 D	208 D	LivreI_1re_partie_TitreI	supprimé	0	0
208 octies	208 octies	LivreI_1re_partie_TitreI	supprimé	0	0
208 septies	208 septies	LivreI_1re_partie_TitreI	supprimé	0	0
208 ter	208 ter	LivreI_1re_partie_TitreI	supprimé	0	0
208 ter A	208 ter A	LivreI_1re_partie_TitreI	supprimé	0	0
208 ter B	208 ter B	LivreI_1re_partie_TitreI	supprimé	0	0
209	209	LivreI_1re_partie_TitreI	réécrit	3394	0
209 B	209 B	LivreI_1re_partie_TitreI	supprimé	0	0
209 quater	209 quater	LivreI_1re_partie_TitreI	supprimé	0	0
209 quater D	209 quater D	LivreI_1re_partie_TitreI	supprimé	0	0
209-0 A	209-0 A	LivreI_1re_partie_TitreI	supprimé	0	0
209-0 B	209-0 B	LivreI_1re_partie_TitreI	supprimé	0	0
210		LivreI_1re_partie_TitreI	réécrit	52	0
210	210	LivreI_1re_partie_TitreI	réécrit	3007	0
210 A	210 A	LivreI_1re_partie_TitreI	réécrit	4470	0
210 E bis	210 E bis	LivreI_1re_partie_TitreI	réécrit	4962	0
210 F	210 F	LivreI_1re_partie_TitreI	supprimé	0	0
210 quinquies	210 quinquies	LivreI_1re_partie_TitreI	supprimé	0	0
210 sexies	210 sexies	LivreI_1re_partie_TitreI	supprimé	0	0
210-0 A	210-0 A	LivreI_1re_partie_TitreI	réécrit	5087	0
211 bis	211 bis	LivreI_1re_partie_TitreI	allégé	890	0
212	212	LivreI_1re_partie_TitreI	réécrit	511	0
212 bis	212 bis	LivreI_1re_partie_TitreI	réécrit	17122	0
213	213	LivreI_1re_partie_TitreI	réécrit	102	0
216	216	LivreI_1re_partie_TitreI	réécrit	142	0
216 A	216 A	LivreI_1re_partie_TitreI	allégé	229	0
216 bis	216 bis	LivreI_1re_partie_TitreI	supprimé	0	0
216 ter	216 ter	LivreI_1re_partie_TitreI	supprimé	0	0
217 decies	217 decies	LivreI_1re_partie_TitreI	supprimé	0	0
217 duodecies	217 duodecies	LivreI_1re_partie_TitreI	supprimé	0	0
217 octies	217 octies	LivreI_1re_partie_TitreI	supprimé	0	0
217 quater	217 quater	LivreI_1re_partie_TitreI	supprimé	0	0
217 quindecies	217 quindecies	LivreI_1re_partie_TitreI	supprimé	0	0
217 quinquies	217 quinquies	LivreI_1re_partie_TitreI	supprimé	0	0
217 septdecies	217 septdecies	LivreI_1re_partie_TitreI	supprimé	0	0
217 sexies	217 sexies	LivreI_1re_partie_TitreI	supprimé	0	0
217 undecies	217 undecies	LivreI_1re_partie_TitreI	supprimé	0	0
218 bis	218 bis	LivreI_1re_partie_TitreI	complété	455	0
219	219	LivreI_1re_partie_TitreI	réécrit	1420	0
219 quinquies	219 bis	LivreI_1re_partie_TitreI	renuméroté (219 bis -> 219 quinquies)	0	0
219 ter	219 ter	LivreI_1re_partie_TitreI	supprimé	0	0
220	220	LivreI_1re_partie_TitreI	allégé	1033	0
220 B	220 B	LivreI_1re_partie_TitreI	allégé	48	0
220 B bis	220 B bis	LivreI_1re_partie_TitreI	supprimé	0	0
220 C	220 C	LivreI_1re_partie_TitreI	supprimé	0	0
220 D	220 D	LivreI_1re_partie_TitreI	supprimé	0	0
220 E	220 E	LivreI_1re_partie_TitreI	supprimé	0	0
220 F	220 F	LivreI_1re_partie_TitreI	supprimé	0	0
220 G	220 G	LivreI_1re_partie_TitreI	supprimé	0	0
220 K	220 K	LivreI_1re_partie_TitreI	supprimé	0	0
220 M	220 M	LivreI_1re_partie_TitreI	supprimé	0	0
220 P	220 P	LivreI_1re_partie_TitreI	supprimé	0	0
220 Q	220 Q	LivreI_1re_partie_TitreI	supprimé	0	0
220 Q bis	220 Q bis	LivreI_1re_partie_TitreI	supprimé	0	0
220 R	220 R	LivreI_1re_partie_TitreI	supprimé	0	0
220 S	220 S	LivreI_1re_partie_TitreI	supprimé	0	0
220 T	220 T	LivreI_1re_partie_TitreI	supprimé	0	0
220 X	220 X	LivreI_1re_partie_TitreI	supprimé	0	0
220 Z	220 Z	LivreI_1re_partie_TitreI	supprimé	0	0
220 Z bis	220 Z bis	LivreI_1re_partie_TitreI	supprimé	0	0
220 Z octies	220 Z octies	LivreI_1re_partie_TitreI	supprimé	0	0
220 Z quater	220 Z quater	LivreI_1re_partie_TitreI	supprimé	0	0
220 Z quinquies	220 Z quinquies	LivreI_1re_partie_TitreI	supprimé	0	0
220 Z septies	220 Z septies	LivreI_1re_partie_TitreI	supprimé	0	0
220 Z sexies	220 Z sexies	LivreI_1re_partie_TitreI	supprimé	0	0
220 Z ter	220 Z ter	LivreI_1re_partie_TitreI	supprimé	0	0
220 decies	220 decies	LivreI_1re_partie_TitreI	supprimé	0	0
220 nonies	220 nonies	LivreI_1re_partie_TitreI	supprimé	0	0
220 octies	220 octies	LivreI_1re_partie_TitreI	supprimé	0	0
220 quaterdecies	220 quaterdecies	LivreI_1re_partie_TitreI	supprimé	0	0
220 quindecies	220 quindecies	LivreI_1re_partie_TitreI	supprimé	0	0
220 quinquies	220 quinquies	LivreI_1re_partie_TitreI	supprimé	0	0
220 septdecies	220 septdecies	LivreI_1re_partie_TitreI	supprimé	0	0
220 sexdecies	220 sexdecies	LivreI_1re_partie_TitreI	supprimé	0	0
220 sexies	220 sexies	LivreI_1re_partie_TitreI	supprimé	0	0
220 terdecies	220 terdecies	LivreI_1re_partie_TitreI	supprimé	0	0
220 undecies	220 undecies	LivreI_1re_partie_TitreI	supprimé	0	0
220 undecies A	220 undecies A	LivreI_1re_partie_TitreI	supprimé	0	0
221 bis	221 bis	LivreI_1re_partie_TitreI	allégé	624	0
222 bis	222 bis	LivreI_1re_partie_TitreI	supprimé	3	0
223 B	223 B	LivreI_1re_partie_TitreI	réécrit	8478	0
223 C	223 C	LivreI_1re_partie_TitreI	allégé	763	0
223 D	223 D	LivreI_1re_partie_TitreI	allégé	79	0
223 E	223 E	LivreI_1re_partie_TitreI	réécrit	1626	0
223 F	223 F	LivreI_1re_partie_TitreI	réécrit	1682	0
223 G	223 G	LivreI_1re_partie_TitreI	allégé	150	0
223 I	223 I	LivreI_1re_partie_TitreI	réécrit	8730	0
223 L	223 L	LivreI_1re_partie_TitreI	allégé	20534	0
223 R	223 R	LivreI_1re_partie_TitreI	réécrit	3742	0
223 S	223 S	LivreI_1re_partie_TitreI	réécrit	3290	0
223 VJ	223 VJ	LivreI_1re_partie_TitreI	supprimé	0	0
223 VK	223 VK	LivreI_1re_partie_TitreI	supprimé	0	0
223 VL	223 VL	LivreI_1re_partie_TitreI	supprimé	0	0
223 VL bis	223 VL bis	LivreI_1re_partie_TitreI	supprimé	0	0
223 VL ter	223 VL ter	LivreI_1re_partie_TitreI	supprimé	0	0
223 VM	223 VM	LivreI_1re_partie_TitreI	supprimé	0	0
223 VM bis	223 VM bis	LivreI_1re_partie_TitreI	supprimé	0	0
223 VM quater	223 VM quater	LivreI_1re_partie_TitreI	supprimé	0	0
223 VM quinquies	223 VM quinquies	LivreI_1re_partie_TitreI	supprimé	0	0
223 VM sexies	223 VM sexies	LivreI_1re_partie_TitreI	supprimé	0	0
223 VM ter	223 VM ter	LivreI_1re_partie_TitreI	supprimé	0	0
223 VN	223 VN	LivreI_1re_partie_TitreI	supprimé	0	0
223 VN bis	223 VN bis	LivreI_1re_partie_TitreI	supprimé	0	0
223 VO	223 VO	LivreI_1re_partie_TitreI	supprimé	0	0
223 VO bis	223 VO bis	LivreI_1re_partie_TitreI	supprimé	0	0
223 VO decies	223 VO decies	LivreI_1re_partie_TitreI	supprimé	0	0
223 VO duodecies	223 VO duodecies	LivreI_1re_partie_TitreI	supprimé	0	0
223 VO nonies	223 VO nonies	LivreI_1re_partie_TitreI	supprimé	0	0
223 VO octies	223 VO octies	LivreI_1re_partie_TitreI	supprimé	0	0
223 VO quater	223 VO quater	LivreI_1re_partie_TitreI	supprimé	0	0
223 VO quaterdecies	223 VO quaterdecies	LivreI_1re_partie_TitreI	supprimé	0	0
223 VO quindecies	223 VO quindecies	LivreI_1re_partie_TitreI	supprimé	0	0
223 VO quinquies	223 VO quinquies	LivreI_1re_partie_TitreI	supprimé	0	0
223 VO septies	223 VO septies	LivreI_1re_partie_TitreI	supprimé	0	0
223 VO sexies	223 VO sexies	LivreI_1re_partie_TitreI	supprimé	0	0
223 VO ter	223 VO ter	LivreI_1re_partie_TitreI	supprimé	0	0
223 VO terdecies	223 VO terdecies	LivreI_1re_partie_TitreI	supprimé	0	0
223 VO undecies	223 VO undecies	LivreI_1re_partie_TitreI	supprimé	0	0
223 VP	223 VP	LivreI_1re_partie_TitreI	supprimé	0	0
223 VP bis	223 VP bis	LivreI_1re_partie_TitreI	supprimé	0	0
223 VP quater	223 VP quater	LivreI_1re_partie_TitreI	supprimé	0	0
223 VP quinquies	223 VP quinquies	LivreI_1re_partie_TitreI	supprimé	0	0
223 VP ter	223 VP ter	LivreI_1re_partie_TitreI	supprimé	0	0
223 VQ	223 VQ	LivreI_1re_partie_TitreI	supprimé	0	0
223 VQ bis	223 VQ bis	LivreI_1re_partie_TitreI	supprimé	0	0
223 VQ quater	223 VQ quater	LivreI_1re_partie_TitreI	supprimé	0	0
223 VQ quinquies	223 VQ quinquies	LivreI_1re_partie_TitreI	supprimé	0	0
223 VQ ter	223 VQ ter	LivreI_1re_partie_TitreI	supprimé	0	0
223 VR	223 VR	LivreI_1re_partie_TitreI	supprimé	0	0
223 VR bis	223 VR bis	LivreI_1re_partie_TitreI	supprimé	0	0
223 VR quater	223 VR quater	LivreI_1re_partie_TitreI	supprimé	0	0
223 VR quinquies	223 VR quinquies	LivreI_1re_partie_TitreI	supprimé	0	0
223 VR sexies	223 VR sexies	LivreI_1re_partie_TitreI	supprimé	0	0
223 VR ter	223 VR ter	LivreI_1re_partie_TitreI	supprimé	0	0
223 VS	223 VS	LivreI_1re_partie_TitreI	supprimé	0	0
223 VS bis	223 VS bis	LivreI_1re_partie_TitreI	supprimé	0	0
223 VS ter	223 VS ter	LivreI_1re_partie_TitreI	supprimé	0	0
223 VT	223 VT	LivreI_1re_partie_TitreI	supprimé	0	0
223 VT bis	223 VT bis	LivreI_1re_partie_TitreI	supprimé	0	0
223 VT quater	223 VT quater	LivreI_1re_partie_TitreI	supprimé	0	0
223 VT ter	223 VT ter	LivreI_1re_partie_TitreI	supprimé	0	0
223 VU	223 VU	LivreI_1re_partie_TitreI	supprimé	0	0
223 VU bis	223 VU bis	LivreI_1re_partie_TitreI	supprimé	0	0
223 VU octies	223 VU octies	LivreI_1re_partie_TitreI	supprimé	0	0
223 VU quater	223 VU quater	LivreI_1re_partie_TitreI	supprimé	0	0
223 VU quinquies	223 VU quinquies	LivreI_1re_partie_TitreI	supprimé	0	0
223 VU septies	223 VU septies	LivreI_1re_partie_TitreI	supprimé	0	0
223 VU sexies	223 VU sexies	LivreI_1re_partie_TitreI	supprimé	0	0
223 VU ter	223 VU ter	LivreI_1re_partie_TitreI	supprimé	0	0
223 VV	223 VV	LivreI_1re_partie_TitreI	supprimé	0	0
223 VV bis	223 VV bis	LivreI_1re_partie_TitreI	supprimé	0	0
223 VV quater	223 VV quater	LivreI_1re_partie_TitreI	supprimé	0	0
223 VV quinquies	223 VV quinquies	LivreI_1re_partie_TitreI	supprimé	0	0
223 VV ter	223 VV ter	LivreI_1re_partie_TitreI	supprimé	0	0
223 VW	223 VW	LivreI_1re_partie_TitreI	supprimé	0	0
223 VW bis	223 VW bis	LivreI_1re_partie_TitreI	supprimé	0	0
223 VW nonies	223 VW nonies	LivreI_1re_partie_TitreI	supprimé	0	0
223 VW octies	223 VW octies	LivreI_1re_partie_TitreI	supprimé	0	0
223 VW quater	223 VW quater	LivreI_1re_partie_TitreI	supprimé	0	0
223 VW quater A	223 VW quater A	LivreI_1re_partie_TitreI	supprimé	0	0
223 VW quinquies	223 VW quinquies	LivreI_1re_partie_TitreI	supprimé	0	0
223 VW septies	223 VW septies	LivreI_1re_partie_TitreI	supprimé	0	0
223 VW sexies	223 VW sexies	LivreI_1re_partie_TitreI	supprimé	0	0
223 VW ter	223 VW ter	LivreI_1re_partie_TitreI	supprimé	0	0
223 VX	223 VX	LivreI_1re_partie_TitreI	supprimé	0	0
223 VX bis	223 VX bis	LivreI_1re_partie_TitreI	supprimé	0	0
223 VX quater	223 VX quater	LivreI_1re_partie_TitreI	supprimé	0	0
223 VX ter	223 VX ter	LivreI_1re_partie_TitreI	supprimé	0	0
223 VY	223 VY	LivreI_1re_partie_TitreI	supprimé	0	0
223 VY bis	223 VY bis	LivreI_1re_partie_TitreI	supprimé	0	0
223 VY quater	223 VY quater	LivreI_1re_partie_TitreI	supprimé	0	0
223 VY ter	223 VY ter	LivreI_1re_partie_TitreI	supprimé	0	0
223 VZ	223 VZ	LivreI_1re_partie_TitreI	supprimé	0	0
223 VZ bis	223 VZ bis	LivreI_1re_partie_TitreI	supprimé	0	0
223 VZ nonies	223 VZ nonies	LivreI_1re_partie_TitreI	supprimé	0	0
223 VZ octies	223 VZ octies	LivreI_1re_partie_TitreI	supprimé	0	0
223 VZ quater	223 VZ quater	LivreI_1re_partie_TitreI	supprimé	0	0
223 VZ quinquies	223 VZ quinquies	LivreI_1re_partie_TitreI	supprimé	0	0
223 VZ septies	223 VZ septies	LivreI_1re_partie_TitreI	supprimé	0	0
223 VZ sexies	223 VZ sexies	LivreI_1re_partie_TitreI	supprimé	0	0
223 VZ ter	223 VZ ter	LivreI_1re_partie_TitreI	supprimé	0	0
223 W	223 W	LivreI_1re_partie_TitreI	supprimé	0	0
223 WA	223 WA	LivreI_1re_partie_TitreI	supprimé	0	0
223 WA bis	223 WA bis	LivreI_1re_partie_TitreI	supprimé	0	0
223 WA octies	223 WA octies	LivreI_1re_partie_TitreI	supprimé	0	0
223 WA quater	223 WA quater	LivreI_1re_partie_TitreI	supprimé	0	0
223 WA quinquies	223 WA quinquies	LivreI_1re_partie_TitreI	supprimé	0	0
223 WA quinquies A	223 WA quinquies A	LivreI_1re_partie_TitreI	supprimé	0	0
223 WA septies	223 WA septies	LivreI_1re_partie_TitreI	supprimé	0	0
223 WA sexies	223 WA sexies	LivreI_1re_partie_TitreI	supprimé	0	0
223 WA ter	223 WA ter	LivreI_1re_partie_TitreI	supprimé	0	0
223 WB	223 WB	LivreI_1re_partie_TitreI	supprimé	0	0
223 WB bis	223 WB bis	LivreI_1re_partie_TitreI	supprimé	0	0
223 WB quater	223 WB quater	LivreI_1re_partie_TitreI	supprimé	0	0
223 WB quinquies	223 WB quinquies	LivreI_1re_partie_TitreI	supprimé	0	0
223 WB ter	223 WB ter	LivreI_1re_partie_TitreI	supprimé	0	0
223 WC	223 WC	LivreI_1re_partie_TitreI	supprimé	0	0
223 WC bis	223 WC bis	LivreI_1re_partie_TitreI	supprimé	0	0
223 WC quater	223 WC quater	LivreI_1re_partie_TitreI	supprimé	0	0
223 WC ter	223 WC ter	LivreI_1re_partie_TitreI	supprimé	0	0
223 WD	223 WD	LivreI_1re_partie_TitreI	supprimé	0	0
223 WD bis	223 WD bis	LivreI_1re_partie_TitreI	supprimé	0	0
223 WD quater	223 WD quater	LivreI_1re_partie_TitreI	supprimé	0	0
223 WD ter	223 WD ter	LivreI_1re_partie_TitreI	supprimé	0	0
223 WE	223 WE	LivreI_1re_partie_TitreI	supprimé	0	0
223 WE bis	223 WE bis	LivreI_1re_partie_TitreI	supprimé	0	0
223 WE ter	223 WE ter	LivreI_1re_partie_TitreI	supprimé	0	0
223 WF	223 WF	LivreI_1re_partie_TitreI	supprimé	0	0
223 WF bis	223 WF bis	LivreI_1re_partie_TitreI	supprimé	0	0
223 WG	223 WG	LivreI_1re_partie_TitreI	supprimé	0	0
223 WH	223 WH	LivreI_1re_partie_TitreI	supprimé	0	0
223 WH bis	223 WH bis	LivreI_1re_partie_TitreI	supprimé	0	0
223 WH ter	223 WH ter	LivreI_1re_partie_TitreI	supprimé	0	0
223 WI	223 WI	LivreI_1re_partie_TitreI	supprimé	0	0
223 WJ	223 WJ	LivreI_1re_partie_TitreI	supprimé	0	0
223 WK	223 WK	LivreI_1re_partie_TitreI	supprimé	0	0
223 WK bis	223 WK bis	LivreI_1re_partie_TitreI	supprimé	0	0
223 WK quater	223 WK quater	LivreI_1re_partie_TitreI	supprimé	0	0
223 WK ter	223 WK ter	LivreI_1re_partie_TitreI	supprimé	0	0
223 WL	223 WL	LivreI_1re_partie_TitreI	supprimé	0	0
223 WL bis	223 WL bis	LivreI_1re_partie_TitreI	supprimé	0	0
223 WL quater	223 WL quater	LivreI_1re_partie_TitreI	supprimé	0	0
223 WL ter	223 WL ter	LivreI_1re_partie_TitreI	supprimé	0	0
223 WM	223 WM	LivreI_1re_partie_TitreI	supprimé	0	0
223 WM bis	223 WM bis	LivreI_1re_partie_TitreI	supprimé	0	0
223 WN	223 WN	LivreI_1re_partie_TitreI	supprimé	0	0
223 WN bis	223 WN bis	LivreI_1re_partie_TitreI	supprimé	0	0
223 WN quater	223 WN quater	LivreI_1re_partie_TitreI	supprimé	0	0
223 WN quinquies	223 WN quinquies	LivreI_1re_partie_TitreI	supprimé	0	0
223 WN ter	223 WN ter	LivreI_1re_partie_TitreI	supprimé	0	0
223 WO	223 WO	LivreI_1re_partie_TitreI	supprimé	0	0
223 WO bis	223 WO bis	LivreI_1re_partie_TitreI	supprimé	0	0
223 WO quater	223 WO quater	LivreI_1re_partie_TitreI	supprimé	0	0
223 WO ter	223 WO ter	LivreI_1re_partie_TitreI	supprimé	0	0
223 WP	223 WP	LivreI_1re_partie_TitreI	supprimé	0	0
223 WP bis	223 WP bis	LivreI_1re_partie_TitreI	supprimé	0	0
223 WP quater	223 WP quater	LivreI_1re_partie_TitreI	supprimé	0	0
223 WP quinquies	223 WP quinquies	LivreI_1re_partie_TitreI	supprimé	0	0
223 WP septies	223 WP septies	LivreI_1re_partie_TitreI	supprimé	0	0
223 WP sexies	223 WP sexies	LivreI_1re_partie_TitreI	supprimé	0	0
223 WP ter	223 WP ter	LivreI_1re_partie_TitreI	supprimé	0	0
223 WQ	223 WQ	LivreI_1re_partie_TitreI	supprimé	0	0
223 WQ bis	223 WQ bis	LivreI_1re_partie_TitreI	supprimé	0	0
223 WR	223 WR	LivreI_1re_partie_TitreI	supprimé	0	0
223 WR bis	223 WR bis	LivreI_1re_partie_TitreI	supprimé	0	0
223 WS	223 WS	LivreI_1re_partie_TitreI	supprimé	0	0
223 WS bis	223 WS bis	LivreI_1re_partie_TitreI	supprimé	0	0
223 WS quater	223 WS quater	LivreI_1re_partie_TitreI	supprimé	0	0
223 WS quinquies	223 WS quinquies	LivreI_1re_partie_TitreI	supprimé	0	0
223 WS septies	223 WS septies	LivreI_1re_partie_TitreI	supprimé	0	0
223 WS sexies	223 WS sexies	LivreI_1re_partie_TitreI	supprimé	0	0
223 WS ter	223 WS ter	LivreI_1re_partie_TitreI	supprimé	0	0
223 WT	223 WT	LivreI_1re_partie_TitreI	supprimé	0	0
223 WT bis	223 WT bis	LivreI_1re_partie_TitreI	supprimé	0	0
223 WT quater	223 WT quater	LivreI_1re_partie_TitreI	supprimé	0	0
223 WT quinquies	223 WT quinquies	LivreI_1re_partie_TitreI	supprimé	0	0
223 WT ter	223 WT ter	LivreI_1re_partie_TitreI	supprimé	0	0
223 WU	223 WU	LivreI_1re_partie_TitreI	supprimé	0	0
223 WU bis	223 WU bis	LivreI_1re_partie_TitreI	supprimé	0	0
223 WU ter	223 WU ter	LivreI_1re_partie_TitreI	supprimé	0	0
223 WV	223 WV	LivreI_1re_partie_TitreI	supprimé	0	0
223 WV bis	223 WV bis	LivreI_1re_partie_TitreI	supprimé	0	0
223 WV quater	223 WV quater	LivreI_1re_partie_TitreI	supprimé	0	0
223 WV quinquies	223 WV quinquies	LivreI_1re_partie_TitreI	supprimé	0	0
223 WV ter	223 WV ter	LivreI_1re_partie_TitreI	supprimé	0	0
223 WW	223 WW	LivreI_1re_partie_TitreI	supprimé	0	0
223 WW bis	223 WW bis	LivreI_1re_partie_TitreI	supprimé	0	0
223 WW ter	223 WW ter	LivreI_1re_partie_TitreI	supprimé	0	0
223 WX	223 WX	LivreI_1re_partie_TitreI	supprimé	0	0
223 WX bis	223 WX bis	LivreI_1re_partie_TitreI	supprimé	0	0
223 WX quater	223 WX quater	LivreI_1re_partie_TitreI	supprimé	0	0
223 WX ter	223 WX ter	LivreI_1re_partie_TitreI	supprimé	0	0
223 WY	223 WY	LivreI_1re_partie_TitreI	supprimé	0	0
223 WZ	223 WZ	LivreI_1re_partie_TitreI	supprimé	0	0
223 bis	223 bis	LivreI_1re_partie_TitreI	supprimé	0	0
223 quater	223 quater	LivreI_1re_partie_TitreI	supprimé	0	0
223 quinquies	223 quinquies	LivreI_1re_partie_TitreI	supprimé	0	0
223 quinquies B	223 quinquies B	LivreI_1re_partie_TitreI	supprimé	0	0
223 quinquies C	223 quinquies C	LivreI_1re_partie_TitreI	allégé	41	0
223 sexies	223 sexies	LivreI_1re_partie_TitreI	supprimé	0	0
223 ter	223 ter	LivreI_1re_partie_TitreI	supprimé	0	0
224	224	LivreI_1re_partie_TitreI	supprimé	0	0
231	231	LivreI_1re_partie_TitreI	supprimé	0	0
231 A	231 A	LivreI_1re_partie_TitreI	supprimé	0	0
231 bis D	231 bis D	LivreI_1re_partie_TitreI	supprimé	0	0
231 bis I	231 bis I	LivreI_1re_partie_TitreI	supprimé	0	0
231 bis L	231 bis L	LivreI_1re_partie_TitreI	supprimé	0	0
231 bis N	231 bis N	LivreI_1re_partie_TitreI	supprimé	0	0
231 bis P	231 bis P	LivreI_1re_partie_TitreI	supprimé	0	0
231 bis Q	231 bis Q	LivreI_1re_partie_TitreI	supprimé	0	0
231 bis R	231 bis R	LivreI_1re_partie_TitreI	supprimé	0	0
231 bis S	231 bis S	LivreI_1re_partie_TitreI	supprimé	0	0
231 bis U	231 bis U	LivreI_1re_partie_TitreI	supprimé	0	0
231 bis V	231 bis V	LivreI_1re_partie_TitreI	supprimé	0	0
231 quater	231 quater	LivreI_1re_partie_TitreI	supprimé	0	0
231 ter	231 ter	LivreI_1re_partie_TitreI	supprimé	18	0
232	232	LivreI_1re_partie_TitreI	supprimé	0	0
234 duodecies	234 duodecies	LivreI_1re_partie_TitreI	supprimé	0	0
234 nonies	234 nonies	LivreI_1re_partie_TitreI	supprimé	0	0
234 quaterdecies	234 quaterdecies	LivreI_1re_partie_TitreI	supprimé	0	0
234 quindecies	234 quindecies	LivreI_1re_partie_TitreI	supprimé	0	0
234 terdecies	234 terdecies	LivreI_1re_partie_TitreI	supprimé	0	0
235 bis	235 bis	LivreI_1re_partie_TitreI	supprimé	0	0
235 quater	235 quater	LivreI_1re_partie_TitreI	allégé	6769	0
235 quinquies	235 quinquies	LivreI_1re_partie_TitreI	réécrit	2095	0
235 ter	235 ter	LivreI_1re_partie_TitreI	supprimé	0	0
235 ter C	235 ter C	LivreI_1re_partie_TitreI	supprimé	0	0
235 ter X	235 ter X	LivreI_1re_partie_TitreI	supprimé	0	0
235 ter XA	235 ter XA	LivreI_1re_partie_TitreI	supprimé	0	0
235 ter XB	235 ter XB	LivreI_1re_partie_TitreI	supprimé	0	0
235 ter ZAA	235 ter ZAA	LivreI_1re_partie_TitreI	supprimé	0	0
235 ter ZC	235 ter ZC	LivreI_1re_partie_TitreI	supprimé	0	0
235 ter ZD	235 ter ZD	LivreI_1re_partie_TitreI	supprimé	0	0
235 ter ZD bis	235 ter ZD bis	LivreI_1re_partie_TitreI	supprimé	0	0
235 ter ZE	235 ter ZE	LivreI_1re_partie_TitreI	supprimé	0	0
235 ter ZE bis	235 ter ZE bis	LivreI_1re_partie_TitreI	supprimé	0	0
235 ter ZG	235 ter ZG	LivreI_1re_partie_TitreI	supprimé	0	0
236 bis	236	LivreI_1re_partie_TitreI	renuméroté (236 -> 236 bis)	0	1
236 bis	236 bis	LivreI_1re_partie_TitreI	complété	1477	0
236 ter	236 ter	LivreI_1re_partie_TitreI	supprimé	0	0
237	237	LivreI_1re_partie_TitreI	supprimé	0	0
237 bis	237 bis	LivreI_1re_partie_TitreI	supprimé	0	0
237 bis A	237 bis A	LivreI_1re_partie_TitreI	supprimé	0	0
237 quater	237 quater	LivreI_1re_partie_TitreI	supprimé	0	0
237 septies	237 septies	LivreI_1re_partie_TitreI	supprimé	0	0
237 sexies	237 sexies	LivreI_1re_partie_TitreI	supprimé	0	0
237 ter	237 ter	LivreI_1re_partie_TitreI	supprimé	0	1
237 ter A	237 ter A	LivreI_1re_partie_TitreI	supprimé	0	0
238	238	LivreI_1re_partie_TitreI	supprimé	0	0
238 A	238 A	LivreI_1re_partie_TitreI	supprimé	0	0
238 bis	238 bis	LivreI_1re_partie_TitreI	supprimé	0	0
238 bis AB	238 bis AB	LivreI_1re_partie_TitreI	supprimé	0	0
238 bis B	238 bis B	LivreI_1re_partie_TitreI	supprimé	0	0
238 bis C	238 bis C	LivreI_1re_partie_TitreI	supprimé	0	0
238 bis GA	238 bis GA	LivreI_1re_partie_TitreI	supprimé	0	0
238 bis GB	238 bis GB	LivreI_1re_partie_TitreI	supprimé	0	0
238 bis GC	238 bis GC	LivreI_1re_partie_TitreI	supprimé	0	0
238 bis GD	238 bis GD	LivreI_1re_partie_TitreI	supprimé	0	0
238 bis HE	238 bis HE	LivreI_1re_partie_TitreI	supprimé	0	0
238 bis HF	238 bis HF	LivreI_1re_partie_TitreI	supprimé	0	0
238 bis HG	238 bis HG	LivreI_1re_partie_TitreI	supprimé	0	0
238 bis HH	238 bis HH	LivreI_1re_partie_TitreI	supprimé	0	0
238 bis HI	238 bis HI	LivreI_1re_partie_TitreI	supprimé	0	0
238 bis HJ	238 bis HJ	LivreI_1re_partie_TitreI	supprimé	0	0
238 bis HK	238 bis HK	LivreI_1re_partie_TitreI	supprimé	0	0
238 bis HL	238 bis HL	LivreI_1re_partie_TitreI	supprimé	0	0
238 bis HM	238 bis HM	LivreI_1re_partie_TitreI	supprimé	0	0
238 bis HO	238 bis HO	LivreI_1re_partie_TitreI	supprimé	0	0
238 bis HP	238 bis HP	LivreI_1re_partie_TitreI	supprimé	0	0
238 bis HQ	238 bis HQ	LivreI_1re_partie_TitreI	supprimé	0	0
238 bis HR	238 bis HR	LivreI_1re_partie_TitreI	supprimé	0	0
238 bis HS	238 bis HS	LivreI_1re_partie_TitreI	supprimé	0	0
238 bis HT	238 bis HT	LivreI_1re_partie_TitreI	supprimé	0	0
238 bis HU	238 bis HU	LivreI_1re_partie_TitreI	supprimé	0	0
238 bis HV	238 bis HV	LivreI_1re_partie_TitreI	supprimé	0	0
238 bis HW	238 bis HW	LivreI_1re_partie_TitreI	supprimé	0	0
238 bis HX	238 bis HX	LivreI_1re_partie_TitreI	supprimé	0	0
238 bis HY	238 bis HY	LivreI_1re_partie_TitreI	supprimé	0	0
238 bis HZ	238 bis HZ	LivreI_1re_partie_TitreI	supprimé	0	0
238 bis HZ bis	238 bis HZ bis	LivreI_1re_partie_TitreI	allégé	73	0
238 bis I	238 bis I	LivreI_1re_partie_TitreI	supprimé	0	0
238 bis J	238 bis J	LivreI_1re_partie_TitreI	supprimé	0	0
238 bis JB	238 bis JB	LivreI_1re_partie_TitreI	allégé	275	0
238 bis-0 A	238 bis-0 A	LivreI_1re_partie_TitreI	supprimé	0	0
238 bis-0 I ter	238 bis-0 I ter	LivreI_1re_partie_TitreI	allégé	1660	0
238 decies	238 decies	LivreI_1re_partie_TitreI	supprimé	0	0
238 duodecies	238 duodecies	LivreI_1re_partie_TitreI	supprimé	0	0
238 nonies	238 nonies	LivreI_1re_partie_TitreI	supprimé	0	0
238 octies	238 octies	LivreI_1re_partie_TitreI	supprimé	0	0
238 octies A	238 octies A	LivreI_1re_partie_TitreI	réécrit	201	0
238 octies B	238 octies B	LivreI_1re_partie_TitreI	réécrit	544	0
238 octies C	238 octies C	LivreI_1re_partie_TitreI	supprimé	0	0
238 quater B	238 quater B	LivreI_1re_partie_TitreI	allégé	4136	0
238 quater J	238 quater J	LivreI_1re_partie_TitreI	réécrit	1298	0
238 quater K	238 quater K	LivreI_1re_partie_TitreI	allégé	3712	0
238 quindecies	238 quindecies	LivreI_1re_partie_TitreI	supprimé	0	0
238 septies E	238 septies E	LivreI_1re_partie_TitreI	allégé	5266	0
238 septies F	238 septies F	LivreI_1re_partie_TitreI	supprimé	0	0
238 sexdecies	238 sexdecies	LivreI_1re_partie_TitreI	allégé	291	0
238 terdecies	238 terdecies	LivreI_1re_partie_TitreI	supprimé	0	0
238 undecies	238 undecies	LivreI_1re_partie_TitreI	supprimé	0	0
238-0 A	238-0 A	LivreI_1re_partie_TitreI	supprimé	0	0
239	239	LivreI_1re_partie_TitreI	allégé	2642	0
239 bis AA	239 bis AA	LivreI_1re_partie_TitreI	allégé	173	0
239 bis AB	239 bis AB	LivreI_1re_partie_TitreI	allégé	105	0
239 nonies	239 nonies	LivreI_1re_partie_TitreI	allégé	147	0
239 octies	239 octies	LivreI_1re_partie_TitreI	supprimé	0	1
239 quater A	239 quater A	LivreI_1re_partie_TitreI	allégé	948	0
239 quater B	239 quater B	LivreI_1re_partie_TitreI	allégé	93	0
239 quater C	239 quater C	LivreI_1re_partie_TitreI	allégé	621	0
239 quater D	239 quater D	LivreI_1re_partie_TitreI	allégé	98	0
239 quinquies	239 quinquies	LivreI_1re_partie_TitreI	supprimé	0	0
239 septies	239 septies	LivreI_1re_partie_TitreI	supprimé	0	0
239 sexies	239 sexies	LivreI_1re_partie_TitreI	allégé	72	0
239 sexies B	239 sexies B	LivreI_1re_partie_TitreI	allégé	419	0
239 sexies C	239 sexies C	LivreI_1re_partie_TitreI	réécrit	1422	0
239 sexies D	239 sexies D	LivreI_1re_partie_TitreI	supprimé	0	0
242 quater	242 quater	LivreI_1re_partie_TitreI	supprimé	0	0
242 quinquies	242 quinquies	LivreI_1re_partie_TitreI	supprimé	0	0
242 septies	242 septies	LivreI_1re_partie_TitreI	supprimé	0	0
242 sexies	242 sexies	LivreI_1re_partie_TitreI	supprimé	0	0
242 ter	242 ter	LivreI_1re_partie_TitreI	allégé	2129	0
242 ter B	242 ter B	LivreI_1re_partie_TitreI	supprimé	0	0
242 ter C	242 ter C	LivreI_1re_partie_TitreI	supprimé	0	0
242 ter D	242 ter D	LivreI_1re_partie_TitreI	allégé	64	0
242 ter E	242 ter E	LivreI_1re_partie_TitreI	réécrit	447	0
243 bis	243 bis	LivreI_1re_partie_TitreI	supprimé	0	0
243 ter	243 ter	LivreI_1re_partie_TitreI	allégé	139	0
244 bis	244 bis	LivreI_1re_partie_TitreI	réécrit	972	1
244 bis A	244 bis A	LivreI_1re_partie_TitreI	réécrit	4210	0
244 bis B	244 bis B	LivreI_1re_partie_TitreI	réécrit	1563	0
244 bis C	244 bis C	LivreI_1re_partie_TitreI	allégé	566	0
244 quater A	244 quater A	LivreI_1re_partie_TitreI	allégé	945	0
244 quater B	244 quater B	LivreI_1re_partie_TitreI	supprimé	0	0
244 quater B bis	244 quater B bis	LivreI_1re_partie_TitreI	supprimé	0	0
244 quater C	244 quater C	LivreI_1re_partie_TitreI	supprimé	0	0
244 quater E	244 quater E	LivreI_1re_partie_TitreI	supprimé	0	0
244 quater F	244 quater F	LivreI_1re_partie_TitreI	supprimé	0	0
244 quater I	244 quater I	LivreI_1re_partie_TitreI	supprimé	0	0
244 quater J	244 quater J	LivreI_1re_partie_TitreI	supprimé	0	0
244 quater K	244 quater K	LivreI_1re_partie_TitreI	supprimé	0	0
244 quater L	244 quater L	LivreI_1re_partie_TitreI	supprimé	0	0
244 quater O	244 quater O	LivreI_1re_partie_TitreI	supprimé	0	0
244 quater T	244 quater T	LivreI_1re_partie_TitreI	supprimé	0	0
244 quater U	244 quater U	LivreI_1re_partie_TitreI	supprimé	0	0
244 quater V	244 quater V	LivreI_1re_partie_TitreI	supprimé	0	0
244 quater W	244 quater W	LivreI_1re_partie_TitreI	supprimé	0	0
244 quater X	244 quater X	LivreI_1re_partie_TitreI	supprimé	0	0
244 quater Y	244 quater Y	LivreI_1re_partie_TitreI	supprimé	0	0
246	246	LivreI_1re_partie_TitreI	supprimé	0	0
247	247	LivreI_1re_partie_TitreI	allégé	55	0
248	248	LivreI_1re_partie_TitreI	allégé	315	0
248 A	248 A	LivreI_1re_partie_TitreI	supprimé	0	0
248 B	248 B	LivreI_1re_partie_TitreI	supprimé	0	0
248 C	248 C	LivreI_1re_partie_TitreI	supprimé	0	0
248 E	248 E	LivreI_1re_partie_TitreI	supprimé	0	0
248 F	248 F	LivreI_1re_partie_TitreI	supprimé	0	0
248 G	248 G	LivreI_1re_partie_TitreI	supprimé	0	0
257	257	LivreI_1re_partie_TitresII_IV_TVA	réécrit	5052	0
260	260	LivreI_1re_partie_TitresII_IV_TVA	allégé	1272	0
262 bis	262 bis	LivreI_1re_partie_TitresII_IV_TVA	allégé	221	0
262 ter	262 ter	LivreI_1re_partie_TitresII_IV_TVA	allégé	3197	0
270	270	LivreI_1re_partie_TitresII_IV_TVA	allégé	751	0
278 bis	278 bis	LivreI_1re_partie_TitresII_IV_TVA	supprimé	0	0
278 quater	278 quater	LivreI_1re_partie_TitresII_IV_TVA	supprimé	0	0
278 sexies	278 sexies	LivreI_1re_partie_TitresII_IV_TVA	supprimé	0	0
278 sexies A	278 sexies A	LivreI_1re_partie_TitresII_IV_TVA	supprimé	0	0
278 sexies B	278 sexies B	LivreI_1re_partie_TitresII_IV_TVA	supprimé	0	0
278 sexies-0 A	278 sexies-0 A	LivreI_1re_partie_TitresII_IV_TVA	supprimé	0	0
278-0 bis	278-0 bis	LivreI_1re_partie_TitresII_IV_TVA	réécrit	1250	0
278-0 bis A	278-0 bis A	LivreI_1re_partie_TitresII_IV_TVA	supprimé	0	0
279	279	LivreI_1re_partie_TitresII_IV_TVA	supprimé	0	0
279 bis	279 bis	LivreI_1re_partie_TitresII_IV_TVA	supprimé	0	0
279-0 bis	279-0 bis	LivreI_1re_partie_TitresII_IV_TVA	supprimé	0	0
279-0 bis A	279-0 bis A	LivreI_1re_partie_TitresII_IV_TVA	supprimé	0	0
281 octies	281 octies	LivreI_1re_partie_TitresII_IV_TVA	supprimé	0	0
281 quater	281 quater	LivreI_1re_partie_TitresII_IV_TVA	supprimé	0	0
281 sexies	281 sexies	LivreI_1re_partie_TitresII_IV_TVA	supprimé	0	0
284	284	LivreI_1re_partie_TitresII_IV_TVA	allégé	2881	0
285 bis	285 bis	LivreI_1re_partie_TitresII_IV_TVA	réécrit	2449	0
286	286	LivreI_1re_partie_TitresII_IV_TVA	réécrit	3579	0
286 ter	286 ter	LivreI_1re_partie_TitresII_IV_TVA	allégé	1636	0
287	287	LivreI_1re_partie_TitresII_IV_TVA	allégé	7782	0
289 B	289 B	LivreI_1re_partie_TitresII_IV_TVA	allégé	3281	0
290 bis	290 bis	LivreI_1re_partie_TitresII_IV_TVA	allégé	470	0
290 quater	290 quater	LivreI_1re_partie_TitresII_IV_TVA	supprimé	0	0
290 quinquies	290 quinquies	LivreI_1re_partie_TitresII_IV_TVA	supprimé	0	0
293 B	293 B	LivreI_1re_partie_TitresII_IV_TVA	supprimé	0	0
293 B bis	293 B bis	LivreI_1re_partie_TitresII_IV_TVA	supprimé	0	0
293 B ter	293 B ter	LivreI_1re_partie_TitresII_IV_TVA	supprimé	0	0
293 BA	293 BA	LivreI_1re_partie_TitresII_IV_TVA	supprimé	0	0
293 C	293 C	LivreI_1re_partie_TitresII_IV_TVA	supprimé	0	0
293 D	293 D	LivreI_1re_partie_TitresII_IV_TVA	supprimé	0	0
293 E	293 E	LivreI_1re_partie_TitresII_IV_TVA	supprimé	0	0
293 F	293 F	LivreI_1re_partie_TitresII_IV_TVA	supprimé	0	0
293-0 B	293-0 B	LivreI_1re_partie_TitresII_IV_TVA	supprimé	0	0
294	294	LivreI_1re_partie_TitresII_IV_TVA	supprimé	0	0
295	295	LivreI_1re_partie_TitresII_IV_TVA	supprimé	0	0
296	296	LivreI_1re_partie_TitresII_IV_TVA	supprimé	0	0
296 bis	296 bis	LivreI_1re_partie_TitresII_IV_TVA	supprimé	0	0
296 quater	296 quater	LivreI_1re_partie_TitresII_IV_TVA	supprimé	0	0
296 ter	296 ter	LivreI_1re_partie_TitresII_IV_TVA	supprimé	0	0
297	297	LivreI_1re_partie_TitresII_IV_TVA	allégé	74	0
298 decies	298 decies	LivreI_1re_partie_TitresII_IV_TVA	supprimé	0	0
298 nonies	298 nonies	LivreI_1re_partie_TitresII_IV_TVA	supprimé	0	0
298 octies	298 octies	LivreI_1re_partie_TitresII_IV_TVA	supprimé	0	0
298 quaterdecies	298 quaterdecies	LivreI_1re_partie_TitresII_IV_TVA	supprimé	0	0
298 quindecies	298 quindecies	LivreI_1re_partie_TitresII_IV_TVA	supprimé	0	0
298 septies	298 septies	LivreI_1re_partie_TitresII_IV_TVA	supprimé	0	0
298 sexdecies	298 sexdecies	LivreI_1re_partie_TitresII_IV_TVA	supprimé	0	0
298 sexdecies A	298 sexdecies A	LivreI_1re_partie_TitresII_IV_TVA	supprimé	0	0
298 sexdecies B	298 sexdecies B	LivreI_1re_partie_TitresII_IV_TVA	supprimé	0	0
298 sexdecies C	298 sexdecies C	LivreI_1re_partie_TitresII_IV_TVA	supprimé	0	0
298 sexdecies D	298 sexdecies D	LivreI_1re_partie_TitresII_IV_TVA	supprimé	0	0
298 sexdecies E	298 sexdecies E	LivreI_1re_partie_TitresII_IV_TVA	allégé	360	0
298 sexies A	298 sexies A	LivreI_1re_partie_TitresII_IV_TVA	allégé	499	0
298 terdecies	298 terdecies	LivreI_1re_partie_TitresII_IV_TVA	supprimé	0	0
298 undecies	298 undecies	LivreI_1re_partie_TitresII_IV_TVA	supprimé	0	0
300 bis	300 bis	LivreI_1re_partie_TitresII_IV_TVA	supprimé	0	0
302 D bis	302 D bis	LivreI_1re_partie_TitresII_IV_TVA	supprimé	0	0
302 F ter	302 F ter	LivreI_1re_partie_TitresII_IV_TVA	supprimé	0	0
302 G	302 G	LivreI_1re_partie_TitresII_IV_TVA	supprimé	0	0
302 H quater	302 H quater	LivreI_1re_partie_TitresII_IV_TVA	allégé	154	0
302 H ter	302 H ter	LivreI_1re_partie_TitresII_IV_TVA	supprimé	0	0
302 V bis	302 V bis	LivreI_1re_partie_TitresII_IV_TVA	allégé	1032	0
302 bis MB	302 bis MB	LivreI_1re_partie_TitresII_IV_TVA	supprimé	0	0
302 bis N	302 bis N	LivreI_1re_partie_TitresII_IV_TVA	supprimé	0	0
302 bis O	302 bis O	LivreI_1re_partie_TitresII_IV_TVA	supprimé	0	0
302 bis P	302 bis P	LivreI_1re_partie_TitresII_IV_TVA	supprimé	0	0
302 bis R	302 bis R	LivreI_1re_partie_TitresII_IV_TVA	supprimé	0	0
302 bis S	302 bis S	LivreI_1re_partie_TitresII_IV_TVA	supprimé	0	0
302 bis T	302 bis T	LivreI_1re_partie_TitresII_IV_TVA	supprimé	0	0
302 bis U	302 bis U	LivreI_1re_partie_TitresII_IV_TVA	supprimé	0	0
302 bis V	302 bis V	LivreI_1re_partie_TitresII_IV_TVA	supprimé	0	0
302 bis W	302 bis W	LivreI_1re_partie_TitresII_IV_TVA	supprimé	0	0
302 bis WA	302 bis WA	LivreI_1re_partie_TitresII_IV_TVA	supprimé	0	0
302 bis WB	302 bis WB	LivreI_1re_partie_TitresII_IV_TVA	supprimé	0	0
302 bis WC	302 bis WC	LivreI_1re_partie_TitresII_IV_TVA	supprimé	0	0
302 bis WD	302 bis WD	LivreI_1re_partie_TitresII_IV_TVA	supprimé	0	0
302 bis WE	302 bis WE	LivreI_1re_partie_TitresII_IV_TVA	supprimé	0	0
302 bis WF	302 bis WF	LivreI_1re_partie_TitresII_IV_TVA	supprimé	0	0
302 bis WG	302 bis WG	LivreI_1re_partie_TitresII_IV_TVA	supprimé	0	0
302 bis ZA	302 bis ZA	LivreI_1re_partie_TitresII_IV_TVA	supprimé	0	0
302 bis ZG	302 bis ZG	LivreI_1re_partie_TitresII_IV_TVA	supprimé	0	0
302 bis ZH	302 bis ZH	LivreI_1re_partie_TitresII_IV_TVA	supprimé	0	0
302 bis ZI	302 bis ZI	LivreI_1re_partie_TitresII_IV_TVA	supprimé	0	0
302 bis ZJ	302 bis ZJ	LivreI_1re_partie_TitresII_IV_TVA	supprimé	0	0
302 bis ZK	302 bis ZK	LivreI_1re_partie_TitresII_IV_TVA	supprimé	0	0
302 bis ZL	302 bis ZL	LivreI_1re_partie_TitresII_IV_TVA	supprimé	0	0
302 bis ZM	302 bis ZM	LivreI_1re_partie_TitresII_IV_TVA	supprimé	0	0
302 bis ZN	302 bis ZN	LivreI_1re_partie_TitresII_IV_TVA	supprimé	0	0
302 bis ZO	302 bis ZO	LivreI_1re_partie_TitresII_IV_TVA	supprimé	36	0
302 decies	302 decies	LivreI_1re_partie_TitresII_IV_TVA	allégé	629	0
302 nonies	302 nonies	LivreI_1re_partie_TitresII_IV_TVA	supprimé	0	0
302 septies B	302 septies B	LivreI_1re_partie_TitresII_IV_TVA	supprimé	0	0
362	362	LivreI_1re_partie_TitresII_IV_TVA	supprimé	0	0
363	363	LivreI_1re_partie_TitresII_IV_TVA	supprimé	21	0
568	568	LivreI_1re_partie_TitresII_IV_TVA	allégé	211	0
635	635	LivreI_1re_partie_TitresII_IV_TVA	réécrit	2154	0
642	642	LivreI_1re_partie_TitresII_IV_TVA	supprimé	0	0
644	644	LivreI_1re_partie_TitresII_IV_TVA	supprimé	0	0
645	645	LivreI_1re_partie_TitresII_IV_TVA	allégé	196	0
648	648	LivreI_1re_partie_TitresII_IV_TVA	allégé	388	0
649	649	LivreI_1re_partie_TitresII_IV_TVA	allégé	148	0
678	678	LivreI_1re_partie_TitresII_IV_TVA	réécrit	275	0
681	681	LivreI_1re_partie_TitresII_IV_TVA	allégé	80	0
683	683	LivreI_1re_partie_TitresII_IV_TVA	réécrit	760	0
683 bis	683 bis	LivreI_1re_partie_TitresII_IV_TVA	réécrit	185	1
684	684	LivreI_1re_partie_TitresII_IV_TVA	réécrit	1230	0
689	689	LivreI_1re_partie_TitresII_IV_TVA	réécrit	245	0
691 bis	691 bis	LivreI_1re_partie_TitresII_IV_TVA	supprimé	0	1
699	699	LivreI_1re_partie_TitresII_IV_TVA	supprimé	0	0
700	700	LivreI_1re_partie_TitresII_IV_TVA	supprimé	0	0
707 bis	707 bis	LivreI_1re_partie_TitresII_IV_TVA	supprimé	0	0
708	708	LivreI_1re_partie_TitresII_IV_TVA	supprimé	33	0
714	714	LivreI_1re_partie_TitresII_IV_TVA	réécrit	432	0
716	716	LivreI_1re_partie_TitresII_IV_TVA	supprimé	0	0
717	717	LivreI_1re_partie_TitresII_IV_TVA	allégé	179	0
718 bis	718 bis	LivreI_1re_partie_TitresII_IV_TVA	réécrit	691	0
719	719	LivreI_1re_partie_TitresII_IV_TVA	supprimé	0	0
720	720	LivreI_1re_partie_TitresII_IV_TVA	supprimé	0	0
722 bis	722 bis	LivreI_1re_partie_TitresII_IV_TVA	supprimé	0	0
723	723	LivreI_1re_partie_TitresII_IV_TVA	supprimé	0	0
724	724	LivreI_1re_partie_TitresII_IV_TVA	allégé	123	0
726	726	LivreI_1re_partie_TitresII_IV_TVA	réécrit	1513	0
727	727	LivreI_1re_partie_TitresII_IV_TVA	supprimé	0	0
728	728	LivreI_1re_partie_TitresII_IV_TVA	supprimé	0	0
729	729	LivreI_1re_partie_TitresII_IV_TVA	supprimé	0	0
730	730	LivreI_1re_partie_TitresII_IV_TVA	supprimé	0	0
730 bis	730 bis	LivreI_1re_partie_TitresII_IV_TVA	supprimé	0	0
730 quater	730 quater	LivreI_1re_partie_TitresII_IV_TVA	supprimé	0	0
730 quinquies	730 quinquies	LivreI_1re_partie_TitresII_IV_TVA	supprimé	0	0
730 ter	730 ter	LivreI_1re_partie_TitresII_IV_TVA	supprimé	0	0
731	731	LivreI_1re_partie_TitresII_IV_TVA	supprimé	0	0
732	732	LivreI_1re_partie_TitresII_IV_TVA	supprimé	0	0
732 A	732 A	LivreI_1re_partie_TitresII_IV_TVA	supprimé	0	0
732 ter	732 ter	LivreI_1re_partie_TitresII_IV_TVA	supprimé	0	0
733	733	LivreI_1re_partie_TitresII_IV_TVA	supprimé	0	0
735	735	LivreI_1re_partie_TitresII_IV_TVA	supprimé	0	0
738	738	LivreI_1re_partie_TitresII_IV_TVA	supprimé	0	0
739	739	LivreI_1re_partie_TitresII_IV_TVA	supprimé	0	0
742	742	LivreI_1re_partie_TitresII_IV_TVA	supprimé	0	0
743	743	LivreI_1re_partie_TitresII_IV_TVA	supprimé	0	0
743 bis	743 bis	LivreI_1re_partie_TitresII_IV_TVA	supprimé	0	0
744	744	LivreI_1re_partie_TitresII_IV_TVA	supprimé	19	0
746	746	LivreI_1re_partie_TitresII_IV_TVA	réécrit	210	0
747	747	LivreI_1re_partie_TitresII_IV_TVA	supprimé	0	0
748	748	LivreI_1re_partie_TitresII_IV_TVA	supprimé	0	0
748 bis	748 bis	LivreI_1re_partie_TitresII_IV_TVA	supprimé	0	0
749	749	LivreI_1re_partie_TitresII_IV_TVA	supprimé	0	0
749 A	749 A	LivreI_1re_partie_TitresII_IV_TVA	supprimé	0	0
749 B	749 B	LivreI_1re_partie_TitresII_IV_TVA	supprimé	0	0
750	750	LivreI_1re_partie_TitresII_IV_TVA	supprimé	0	0
750 bis	750 bis	LivreI_1re_partie_TitresII_IV_TVA	supprimé	0	0
750 bis A	750 bis A	LivreI_1re_partie_TitresII_IV_TVA	supprimé	0	0
750 bis B	750 bis B	LivreI_1re_partie_TitresII_IV_TVA	supprimé	0	0
750 bis C	750 bis C	LivreI_1re_partie_TitresII_IV_TVA	allégé	81	0
754 B	754 B	LivreI_1re_partie_TitresII_IV_TVA	réécrit	1098	0
757	757	LivreI_1re_partie_TitresII_IV_TVA	allégé	680	0
757 A	757 A	LivreI_1re_partie_TitresII_IV_TVA	réécrit	255	0
757 B	757 B	LivreI_1re_partie_TitresII_IV_TVA	réécrit	190	0
757 C	757 C	LivreI_1re_partie_TitresII_IV_TVA	allégé	127	0
764 bis	764 bis	LivreI_1re_partie_TitresII_IV_TVA	supprimé	0	0
766	766	LivreI_1re_partie_TitresII_IV_TVA	supprimé	12	0
766 bis	766 bis	LivreI_1re_partie_TitresII_IV_TVA	allégé	832	0
768	768	LivreI_1re_partie_TitresII_IV_TVA	supprimé	0	0
769	769	LivreI_1re_partie_TitresII_IV_TVA	supprimé	0	0
770	770	LivreI_1re_partie_TitresII_IV_TVA	supprimé	0	0
773	773	LivreI_1re_partie_TitresII_IV_TVA	supprimé	0	0
774	774	LivreI_1re_partie_TitresII_IV_TVA	supprimé	0	0
774 bis	774 bis	LivreI_1re_partie_TitresII_IV_TVA	supprimé	0	0
775	775	LivreI_1re_partie_TitresII_IV_TVA	supprimé	0	0
775 bis	775 bis	LivreI_1re_partie_TitresII_IV_TVA	supprimé	0	0
775 quater	775 quater	LivreI_1re_partie_TitresII_IV_TVA	supprimé	0	0
775 quinquies	775 quinquies	LivreI_1re_partie_TitresII_IV_TVA	supprimé	0	0
775 sexies	775 sexies	LivreI_1re_partie_TitresII_IV_TVA	allégé	89	0
776 bis	776 bis	LivreI_1re_partie_TitresII_IV_TVA	supprimé	0	0
776 quater	776 quater	LivreI_1re_partie_TitresII_IV_TVA	supprimé	31	0
776 ter	776 ter	LivreI_1re_partie_TitresII_IV_TVA	supprimé	0	0
777	777	LivreI_1re_partie_TitresII_IV_TVA	réécrit	57	0
778	778	LivreI_1re_partie_TitresII_IV_TVA	supprimé	0	0
778 bis	778 bis	LivreI_1re_partie_TitresII_IV_TVA	supprimé	0	0
779	779	LivreI_1re_partie_TitresII_IV_TVA	supprimé	0	0
782	782	LivreI_1re_partie_TitresII_IV_TVA	supprimé	0	0
783	783	LivreI_1re_partie_TitresII_IV_TVA	supprimé	0	0
784	784	LivreI_1re_partie_TitresII_IV_TVA	supprimé	0	0
784 A	784 A	LivreI_1re_partie_TitresII_IV_TVA	supprimé	6	0
784 B	784 B	LivreI_1re_partie_TitresII_IV_TVA	supprimé	0	0
784 C	784 C	LivreI_1re_partie_TitresII_IV_TVA	supprimé	0	0
786	786	LivreI_1re_partie_TitresII_IV_TVA	supprimé	0	0
787 A	787 A	LivreI_1re_partie_TitresII_IV_TVA	supprimé	0	0
787 B	787 B	LivreI_1re_partie_TitresII_IV_TVA	supprimé	0	0
787 C	787 C	LivreI_1re_partie_TitresII_IV_TVA	supprimé	0	0
788	788	LivreI_1re_partie_TitresII_IV_TVA	supprimé	0	0
788 bis	788 bis	LivreI_1re_partie_TitresII_IV_TVA	supprimé	0	0
789	789	LivreI_1re_partie_TitresII_IV_TVA	supprimé	0	0
790	790	LivreI_1re_partie_TitresII_IV_TVA	supprimé	0	0
790 A	790 A	LivreI_1re_partie_TitresII_IV_TVA	supprimé	0	0
790 A bis	790 A bis	LivreI_1re_partie_TitresII_IV_TVA	supprimé	0	0
790 B	790 B	LivreI_1re_partie_TitresII_IV_TVA	supprimé	0	0
790 D	790 D	LivreI_1re_partie_TitresII_IV_TVA	supprimé	0	0
790 E	790 E	LivreI_1re_partie_TitresII_IV_TVA	supprimé	0	0
790 F	790 F	LivreI_1re_partie_TitresII_IV_TVA	supprimé	0	0
790 G	790 G	LivreI_1re_partie_TitresII_IV_TVA	supprimé	0	0
790 H	790 H	LivreI_1re_partie_TitresII_IV_TVA	supprimé	0	0
791	791	LivreI_1re_partie_TitresII_IV_TVA	supprimé	0	0
791 ter	791 ter	LivreI_1re_partie_TitresII_IV_TVA	supprimé	36	0
792 bis	792 bis	LivreI_1re_partie_TitresII_IV_TVA	réécrit	822	0
792-0 bis	792-0 bis	LivreI_1re_partie_TitresII_IV_TVA	allégé	3415	0
793	793	LivreI_1re_partie_TitresII_IV_TVA	supprimé	0	0
793 bis	793 bis	LivreI_1re_partie_TitresII_IV_TVA	supprimé	0	0
793 quater	793 quater	LivreI_1re_partie_TitresII_IV_TVA	supprimé	0	0
793 ter	793 ter	LivreI_1re_partie_TitresII_IV_TVA	supprimé	0	0
794	794	LivreI_1re_partie_TitresII_IV_TVA	supprimé	0	0
795	795	LivreI_1re_partie_TitresII_IV_TVA	supprimé	0	0
795 A	795 A	LivreI_1re_partie_TitresII_IV_TVA	supprimé	0	0
795 B	795 B	LivreI_1re_partie_TitresII_IV_TVA	supprimé	0	0
795-0 A	795-0 A	LivreI_1re_partie_TitresII_IV_TVA	supprimé	0	0
796	796	LivreI_1re_partie_TitresII_IV_TVA	supprimé	0	0
796 bis	796 bis	LivreI_1re_partie_TitresII_IV_TVA	supprimé	0	0
796-0	796-0	LivreI_1re_partie_TitresII_IV_TVA	supprimé	0	0
796-0 bis	796-0 bis	LivreI_1re_partie_TitresII_IV_TVA	supprimé	0	0
796-0 quater	796-0 quater	LivreI_1re_partie_TitresII_IV_TVA	supprimé	0	0
796-0 quinquies	796-0 quinquies	LivreI_1re_partie_TitresII_IV_TVA	supprimé	0	0
796-0 ter	796-0 ter	LivreI_1re_partie_TitresII_IV_TVA	supprimé	0	0
797	797	LivreI_1re_partie_TitresII_IV_TVA	supprimé	0	0
797 A	797 A	LivreI_1re_partie_TitresII_IV_TVA	supprimé	0	0
798	798	LivreI_1re_partie_TitresII_IV_TVA	supprimé	0	0
799	799	LivreI_1re_partie_TitresII_IV_TVA	allégé	66	0
800	800	LivreI_1re_partie_TitresII_IV_TVA	allégé	119	0
802 bis	802 bis	LivreI_1re_partie_TitresII_IV_TVA	allégé	1166	0
803	803	LivreI_1re_partie_TitresII_IV_TVA	allégé	115	0
810	809	LivreI_1re_partie_TitresII_IV_TVA	renuméroté (809 -> 810)	0	0
810	810	LivreI_1re_partie_TitresII_IV_TVA	allégé	42	0
810 quater	810 quater	LivreI_1re_partie_TitresII_IV_TVA	supprimé	0	0
812	812	LivreI_1re_partie_TitresII_IV_TVA	allégé	326	0
814 C	814 C	LivreI_1re_partie_TitresII_IV_TVA	réécrit	707	0
816	816	LivreI_1re_partie_TitresII_IV_TVA	réécrit	80	0
816 A	816 A	LivreI_1re_partie_TitresII_IV_TVA	allégé	179	0
817	817	LivreI_1re_partie_TitresII_IV_TVA	allégé	356	0
817 A	817 A	LivreI_1re_partie_TitresII_IV_TVA	supprimé	0	0
817 B	817 B	LivreI_1re_partie_TitresII_IV_TVA	allégé	151	0
825	825	LivreI_1re_partie_TitresII_IV_TVA	allégé	270	0
827	827	LivreI_1re_partie_TitresII_IV_TVA	supprimé	0	0
828	828	LivreI_1re_partie_TitresII_IV_TVA	supprimé	0	0
828 bis	828 bis	LivreI_1re_partie_TitresII_IV_TVA	allégé	183	0
844	844	LivreI_1re_partie_TitresII_IV_TVA	réécrit	92	0
845	845	LivreI_1re_partie_TitresII_IV_TVA	réécrit	48	0
846	846	LivreI_1re_partie_TitresII_IV_TVA	supprimé	0	0
846 bis	846 bis	LivreI_1re_partie_TitresII_IV_TVA	réécrit	299	0
847	847	LivreI_1re_partie_TitresII_IV_TVA	réécrit	54	0
847 bis	847 bis	LivreI_1re_partie_TitresII_IV_TVA	réécrit	385	0
848 bis	848 bis	LivreI_1re_partie_TitresII_IV_TVA	allégé	161	0
849	849	LivreI_1re_partie_TitresII_IV_TVA	allégé	425	0
850	850	LivreI_1re_partie_TitresII_IV_TVA	supprimé	0	0
851	851	LivreI_1re_partie_TitresII_IV_TVA	allégé	134	0
856	856	LivreI_1re_partie_TitresII_IV_TVA	supprimé	0	0
877	877	LivreI_1re_partie_TitresII_IV_TVA	allégé	44	1
879	879	LivreI_1re_partie_TitresII_IV_TVA	allégé	163	0
881	881	LivreI_1re_partie_TitresII_IV_TVA	supprimé	0	0
881 O	881 O	LivreI_1re_partie_TitresII_IV_TVA	supprimé	14	0
964	964	LivreI_1re_partie_TitresII_IV_TVA	supprimé	0	0
965	965	LivreI_1re_partie_TitresII_IV_TVA	supprimé	0	0
966	966	LivreI_1re_partie_TitresII_IV_TVA	supprimé	0	0
967	967	LivreI_1re_partie_TitresII_IV_TVA	supprimé	0	0
968	968	LivreI_1re_partie_TitresII_IV_TVA	supprimé	0	0
968 bis	968 bis	LivreI_1re_partie_TitresII_IV_TVA	supprimé	0	0
969	969	LivreI_1re_partie_TitresII_IV_TVA	supprimé	0	0
970	970	LivreI_1re_partie_TitresII_IV_TVA	supprimé	0	0
971	971	LivreI_1re_partie_TitresII_IV_TVA	supprimé	0	0
972	972	LivreI_1re_partie_TitresII_IV_TVA	supprimé	0	0
972 bis	972 bis	LivreI_1re_partie_TitresII_IV_TVA	supprimé	0	0
972 ter	972 ter	LivreI_1re_partie_TitresII_IV_TVA	supprimé	0	0
973	973	LivreI_1re_partie_TitresII_IV_TVA	supprimé	0	0
974	974	LivreI_1re_partie_TitresII_IV_TVA	supprimé	0	0
975	975	LivreI_1re_partie_TitresII_IV_TVA	supprimé	0	0
976	976	LivreI_1re_partie_TitresII_IV_TVA	supprimé	0	0
977	977	LivreI_1re_partie_TitresII_IV_TVA	supprimé	0	0
978	978	LivreI_1re_partie_TitresII_IV_TVA	supprimé	0	0
979	979	LivreI_1re_partie_TitresII_IV_TVA	supprimé	0	0
980	980	LivreI_1re_partie_TitresII_IV_TVA	supprimé	0	0
981	981	LivreI_1re_partie_TitresII_IV_TVA	supprimé	0	0
982	982	LivreI_1re_partie_TitresII_IV_TVA	supprimé	0	0
983	983	LivreI_1re_partie_TitresII_IV_TVA	supprimé	0	0
990 D	990 D	LivreI_1re_partie_TitresII_IV_TVA	supprimé	0	0
990 E	990 E	LivreI_1re_partie_TitresII_IV_TVA	supprimé	0	0
990 F	990 F	LivreI_1re_partie_TitresII_IV_TVA	supprimé	0	0
990 G	990 G	LivreI_1re_partie_TitresII_IV_TVA	supprimé	0	0
990 I	990 I	LivreI_1re_partie_TitresII_IV_TVA	supprimé	0	0
990 I bis	990 I bis	LivreI_1re_partie_TitresII_IV_TVA	supprimé	0	0
990 J	990 J	LivreI_1re_partie_TitresII_IV_TVA	supprimé	0	0
991	991	LivreI_1re_partie_TitresII_IV_TVA	supprimé	0	0
995	995	LivreI_1re_partie_TitresII_IV_TVA	supprimé	0	0
998	998	LivreI_1re_partie_TitresII_IV_TVA	supprimé	0	0
999	999	LivreI_1re_partie_TitresII_IV_TVA	supprimé	0	0
1000	1000	LivreI_1re_partie_TitresII_IV_TVA	supprimé	0	0
1001	1001	LivreI_1re_partie_TitresII_IV_TVA	supprimé	0	0
1004	1004	LivreI_1re_partie_TitresII_IV_TVA	supprimé	0	0
1005	1005	LivreI_1re_partie_TitresII_IV_TVA	supprimé	0	0
1006	1006	LivreI_1re_partie_TitresII_IV_TVA	supprimé	0	0
1018 A	1018 A	LivreI_1re_partie_TitresII_IV_TVA	supprimé	0	0
1018 A bis	1018 A bis	LivreI_1re_partie_TitresII_IV_TVA	supprimé	0	0
1020	1020	LivreI_1re_partie_TitresII_IV_TVA	supprimé	36	0
1021	1021	LivreI_1re_partie_TitresII_IV_TVA	réécrit	305	0
1023	1023	LivreI_1re_partie_TitresII_IV_TVA	réécrit	617	0
1025	1025	LivreI_1re_partie_TitresII_IV_TVA	réécrit	367	0
1027	1027	LivreI_1re_partie_TitresII_IV_TVA	allégé	854	1
1028 bis	1028 bis	LivreI_1re_partie_TitresII_IV_TVA	supprimé	0	0
1028 quater	1028 quater	LivreI_1re_partie_TitresII_IV_TVA	allégé	61	0
1028 ter	1028 ter	LivreI_1re_partie_TitresII_IV_TVA	supprimé	0	0
1037	1037	LivreI_1re_partie_TitresII_IV_TVA	allégé	291	0
1038	1038	LivreI_1re_partie_TitresII_IV_TVA	supprimé	0	0
1039	1039	LivreI_1re_partie_TitresII_IV_TVA	supprimé	0	0
1039 A	1039 A	LivreI_1re_partie_TitresII_IV_TVA	supprimé	0	0
1040	1040	LivreI_1re_partie_TitresII_IV_TVA	supprimé	0	0
1041	1041	LivreI_1re_partie_TitresII_IV_TVA	supprimé	0	0
1042	1042	LivreI_1re_partie_TitresII_IV_TVA	supprimé	0	0
1042 A	1042 A	LivreI_1re_partie_TitresII_IV_TVA	supprimé	0	0
1042 B	1042 B	LivreI_1re_partie_TitresII_IV_TVA	supprimé	0	0
1043	1043	LivreI_1re_partie_TitresII_IV_TVA	supprimé	0	0
1043 A	1043 A	LivreI_1re_partie_TitresII_IV_TVA	supprimé	0	0
1043 B	1043 B	LivreI_1re_partie_TitresII_IV_TVA	supprimé	0	0
1043-0 A	1043-0 A	LivreI_1re_partie_TitresII_IV_TVA	supprimé	0	0
1044 A	1044 A	LivreI_1re_partie_TitresII_IV_TVA	supprimé	0	0
1045	1045	LivreI_1re_partie_TitresII_IV_TVA	supprimé	0	0
1045 bis	1045 bis	LivreI_1re_partie_TitresII_IV_TVA	supprimé	0	0
1046	1046	LivreI_1re_partie_TitresII_IV_TVA	supprimé	0	0
1047	1047	LivreI_1re_partie_TitresII_IV_TVA	supprimé	0	0
1048	1048	LivreI_1re_partie_TitresII_IV_TVA	supprimé	0	0
1048 ter	1048 ter	LivreI_1re_partie_TitresII_IV_TVA	supprimé	0	0
1049	1049	LivreI_1re_partie_TitresII_IV_TVA	supprimé	0	0
1050	1050	LivreI_1re_partie_TitresII_IV_TVA	supprimé	0	0
1051	1051	LivreI_1re_partie_TitresII_IV_TVA	supprimé	0	0
1052	1052	LivreI_1re_partie_TitresII_IV_TVA	supprimé	0	0
1053	1053	LivreI_1re_partie_TitresII_IV_TVA	supprimé	0	0
1054	1054	LivreI_1re_partie_TitresII_IV_TVA	supprimé	0	0
1055	1055	LivreI_1re_partie_TitresII_IV_TVA	supprimé	0	0
1055 bis	1055 bis	LivreI_1re_partie_TitresII_IV_TVA	supprimé	0	0
1056	1056	LivreI_1re_partie_TitresII_IV_TVA	supprimé	0	0
1057	1057	LivreI_1re_partie_TitresII_IV_TVA	supprimé	0	0
1058	1058	LivreI_1re_partie_TitresII_IV_TVA	supprimé	0	0
1059	1059	LivreI_1re_partie_TitresII_IV_TVA	supprimé	0	0
1062	1062	LivreI_1re_partie_TitresII_IV_TVA	supprimé	0	0
1063	1063	LivreI_1re_partie_TitresII_IV_TVA	supprimé	0	0
1064	1064	LivreI_1re_partie_TitresII_IV_TVA	supprimé	0	0
1065	1065	LivreI_1re_partie_TitresII_IV_TVA	supprimé	0	0
1066	1066	LivreI_1re_partie_TitresII_IV_TVA	supprimé	0	0
1067	1067	LivreI_1re_partie_TitresII_IV_TVA	supprimé	0	0
1069	1069	LivreI_1re_partie_TitresII_IV_TVA	supprimé	0	0
1070	1070	LivreI_1re_partie_TitresII_IV_TVA	supprimé	0	0
1071	1071	LivreI_1re_partie_TitresII_IV_TVA	supprimé	0	0
1072	1072	LivreI_1re_partie_TitresII_IV_TVA	supprimé	0	0
1074	1074	LivreI_1re_partie_TitresII_IV_TVA	supprimé	0	0
1075	1075	LivreI_1re_partie_TitresII_IV_TVA	supprimé	0	0
1077	1077	LivreI_1re_partie_TitresII_IV_TVA	supprimé	0	0
1078	1078	LivreI_1re_partie_TitresII_IV_TVA	supprimé	0	0
1083	1083	LivreI_1re_partie_TitresII_IV_TVA	supprimé	0	0
1084	1084	LivreI_1re_partie_TitresII_IV_TVA	supprimé	0	0
1085	1085	LivreI_1re_partie_TitresII_IV_TVA	supprimé	0	0
1088	1088	LivreI_1re_partie_TitresII_IV_TVA	supprimé	0	0
1089	1089	LivreI_1re_partie_TitresII_IV_TVA	supprimé	0	0
1089 A	1089 A	LivreI_1re_partie_TitresII_IV_TVA	supprimé	0	0
1089 B	1089 B	LivreI_1re_partie_TitresII_IV_TVA	supprimé	0	0
1090	1090	LivreI_1re_partie_TitresII_IV_TVA	supprimé	0	0
1090 A	1090 A	LivreI_1re_partie_TitresII_IV_TVA	supprimé	0	0
1090 B	1090 B	LivreI_1re_partie_TitresII_IV_TVA	supprimé	0	0
1090 D	1090 D	LivreI_1re_partie_TitresII_IV_TVA	supprimé	0	0
1100	1100	LivreI_1re_partie_TitresII_IV_TVA	supprimé	0	0
1109	1109	LivreI_1re_partie_TitresII_IV_TVA	supprimé	0	0
1112 ter	1112 ter	LivreI_1re_partie_TitresII_IV_TVA	supprimé	0	0
1115	1115	LivreI_1re_partie_TitresII_IV_TVA	supprimé	0	0
1116	1116	LivreI_1re_partie_TitresII_IV_TVA	supprimé	0	0
1119	1119	LivreI_1re_partie_TitresII_IV_TVA	supprimé	0	0
1122	1122	LivreI_1re_partie_TitresII_IV_TVA	supprimé	0	0
1125	1125	LivreI_1re_partie_TitresII_IV_TVA	supprimé	0	0
1125 bis	1125 bis	LivreI_1re_partie_TitresII_IV_TVA	supprimé	0	0
1126	1126	LivreI_1re_partie_TitresII_IV_TVA	supprimé	0	0
1127	1127	LivreI_1re_partie_TitresII_IV_TVA	supprimé	0	0
1128	1128	LivreI_1re_partie_TitresII_IV_TVA	supprimé	0	0
1129	1129	LivreI_1re_partie_TitresII_IV_TVA	supprimé	0	0
1131	1131	LivreI_1re_partie_TitresII_IV_TVA	allégé	46	0
1133 quater	1133 quater	LivreI_1re_partie_TitresII_IV_TVA	réécrit	379	0
1135	1135	LivreI_1re_partie_TitresII_IV_TVA	supprimé	0	0
1135 bis	1135 bis	LivreI_1re_partie_TitresII_IV_TVA	supprimé	0	0
1135 ter	1135 ter	LivreI_1re_partie_TitresII_IV_TVA	supprimé	0	0
1136	1136	LivreI_1re_partie_TitresII_IV_TVA	supprimé	0	0
1137	1137	LivreI_1re_partie_TitresII_IV_TVA	supprimé	0	0
1161	1161	LivreI_1re_partie_TitresII_IV_TVA	supprimé	0	0
1167	1167	LivreI_1re_partie_TitresII_IV_TVA	supprimé	0	0
1207	1207	LivreI_1re_partie_TitresII_IV_TVA	supprimé	0	0
1238	1238	LivreI_1re_partie_TitresII_IV_TVA	supprimé	0	0
1273	1273	LivreI_1re_partie_TitresII_IV_TVA	supprimé	0	0
1378 nonies	1378 nonies	LivreI_1re_partie_TitresII_IV_TVA	supprimé	0	0
1378 octies	1378 octies	LivreI_1re_partie_TitresII_IV_TVA	supprimé	0	0
1378 quater A	1378 quater A	LivreI_1re_partie_TitresII_IV_TVA	supprimé	0	0
1378 sexies	1378 sexies	LivreI_1re_partie_TitresII_IV_TVA	supprimé	0	0
1379	1379	LivreI_2e_partie	réécrit	238	0
1379 bis	1379 bis	LivreI_2e_partie	allégé	165	0
1379-0 bis	1379-0 bis	LivreI_2e_partie	supprimé	0	0
1380	1380	LivreI_2e_partie	allégé	84	0
1381	1381	LivreI_2e_partie	réécrit	1448	0
1382	1382	LivreI_2e_partie	supprimé	0	0
1382 B	1382 B	LivreI_2e_partie	supprimé	0	0
1382 C	1382 C	LivreI_2e_partie	supprimé	0	0
1382 C bis	1382 C bis	LivreI_2e_partie	supprimé	0	0
1382 D	1382 D	LivreI_2e_partie	supprimé	0	0
1382 E	1382 E	LivreI_2e_partie	supprimé	0	0
1382 G	1382 G	LivreI_2e_partie	supprimé	0	0
1382 H	1382 H	LivreI_2e_partie	supprimé	0	0
1382 J	1382 J	LivreI_2e_partie	supprimé	0	0
1382-0	1382-0	LivreI_2e_partie	supprimé	0	0
1383	1383	LivreI_2e_partie	supprimé	0	0
1383 A	1383 A	LivreI_2e_partie	supprimé	0	0
1383 D	1383 D	LivreI_2e_partie	supprimé	0	0
1383 E	1383 E	LivreI_2e_partie	supprimé	0	0
1383 E bis	1383 E bis	LivreI_2e_partie	supprimé	0	0
1383 F	1383 F	LivreI_2e_partie	supprimé	0	0
1383 G	1383 G	LivreI_2e_partie	supprimé	0	0
1383 G bis	1383 G bis	LivreI_2e_partie	supprimé	0	0
1383 G ter	1383 G ter	LivreI_2e_partie	supprimé	0	0
1383 H	1383 H	LivreI_2e_partie	supprimé	0	0
1383 I	1383 I	LivreI_2e_partie	supprimé	0	0
1383 J	1383 J	LivreI_2e_partie	supprimé	0	0
1383 K	1383 K	LivreI_2e_partie	supprimé	0	0
1383-0 B	1383-0 B	LivreI_2e_partie	supprimé	0	0
1383-0 B bis	1383-0 B bis	LivreI_2e_partie	supprimé	0	0
1384	1384	LivreI_2e_partie	supprimé	0	0
1384 A	1384 A	LivreI_2e_partie	supprimé	0	0
1384 B	1384 B	LivreI_2e_partie	supprimé	0	0
1384 C	1384 C	LivreI_2e_partie	supprimé	0	0
1384 C bis	1384 C bis	LivreI_2e_partie	supprimé	0	0
1384 D	1384 D	LivreI_2e_partie	supprimé	0	0
1384 E	1384 E	LivreI_2e_partie	supprimé	0	0
1384 F	1384 F	LivreI_2e_partie	supprimé	0	0
1384 G	1384 G	LivreI_2e_partie	supprimé	0	0
1384-0 A	1384-0 A	LivreI_2e_partie	supprimé	0	0
1388	1388	LivreI_2e_partie	allégé	203	0
1388 bis	1388 bis	LivreI_2e_partie	supprimé	0	0
1388 nonies	1388 nonies	LivreI_2e_partie	supprimé	0	0
1388 octies	1388 octies	LivreI_2e_partie	supprimé	0	0
1388 quater	1388 quater	LivreI_2e_partie	supprimé	0	0
1388 quinquies	1388 quinquies	LivreI_2e_partie	supprimé	0	0
1388 quinquies A	1388 quinquies A	LivreI_2e_partie	supprimé	0	0
1388 quinquies B	1388 quinquies B	LivreI_2e_partie	supprimé	0	0
1388 quinquies C	1388 quinquies C	LivreI_2e_partie	supprimé	0	0
1388 septies	1388 septies	LivreI_2e_partie	supprimé	0	0
1388 sexies	1388 sexies	LivreI_2e_partie	supprimé	0	0
1388 ter	1388 ter	LivreI_2e_partie	supprimé	0	0
1388-0	1388-0	LivreI_2e_partie	allégé	161	0
1389	1389	LivreI_2e_partie	supprimé	0	0
1390	1390	LivreI_2e_partie	supprimé	0	0
1391	1391	LivreI_2e_partie	supprimé	0	0
1391 B	1391 B	LivreI_2e_partie	supprimé	0	0
1391 B bis	1391 B bis	LivreI_2e_partie	supprimé	0	0
1391 B ter	1391 B ter	LivreI_2e_partie	supprimé	0	0
1391 C	1391 C	LivreI_2e_partie	supprimé	0	0
1391 D	1391 D	LivreI_2e_partie	supprimé	0	0
1391 E	1391 E	LivreI_2e_partie	allégé	170	0
1393	1393	LivreI_2e_partie	allégé	569	0
1394	1394	LivreI_2e_partie	supprimé	0	0
1394 B	1394 B	LivreI_2e_partie	supprimé	0	0
1394 B bis	1394 B bis	LivreI_2e_partie	supprimé	0	0
1394 C	1394 C	LivreI_2e_partie	supprimé	0	0
1394 D	1394 D	LivreI_2e_partie	supprimé	0	0
1395	1395	LivreI_2e_partie	supprimé	0	0
1395 A	1395 A	LivreI_2e_partie	supprimé	0	0
1395 A bis	1395 A bis	LivreI_2e_partie	supprimé	0	0
1395 A ter	1395 A ter	LivreI_2e_partie	supprimé	0	0
1395 B	1395 B	LivreI_2e_partie	supprimé	0	0
1395 B bis	1395 B bis	LivreI_2e_partie	supprimé	0	0
1395 E	1395 E	LivreI_2e_partie	supprimé	0	0
1395 G	1395 G	LivreI_2e_partie	supprimé	0	0
1395 H	1395 H	LivreI_2e_partie	allégé	166	0
1396	1396	LivreI_2e_partie	réécrit	184	0
1396 bis	1396 bis	LivreI_2e_partie	supprimé	0	0
1397	1397	LivreI_2e_partie	supprimé	0	0
1398	1398	LivreI_2e_partie	supprimé	0	0
1398 A	1398 A	LivreI_2e_partie	allégé	201	0
1399	1399	LivreI_2e_partie	réécrit	1269	0
1400	1400	LivreI_2e_partie	allégé	943	1
1402	1402	LivreI_2e_partie	réécrit	562	0
1404	1404	LivreI_2e_partie	réécrit	683	0
1406	1406	LivreI_2e_partie	allégé	928	0
1406 bis	1406 bis	LivreI_2e_partie	supprimé	0	0
1407	1407	LivreI_2e_partie	supprimé	0	0
1407 bis	1407 bis	LivreI_2e_partie	supprimé	0	0
1407 ter	1407 ter	LivreI_2e_partie	supprimé	0	0
1408	1408	LivreI_2e_partie	supprimé	0	0
1409	1409	LivreI_2e_partie	supprimé	0	0
1411 bis	1411 bis	LivreI_2e_partie	supprimé	0	0
1413	1413	LivreI_2e_partie	supprimé	0	0
1414 A	1414 A	LivreI_2e_partie	supprimé	0	0
1414 B	1414 B	LivreI_2e_partie	allégé	97	0
1414 bis	1414 bis	LivreI_2e_partie	supprimé	0	0
1415	1415	LivreI_2e_partie	réécrit	198	0
1417	1417	LivreI_2e_partie	supprimé	0	0
1418	1418	LivreI_2e_partie	supprimé	0	0
1447	1447	LivreI_2e_partie	supprimé	0	0
1447 bis	1447 bis	LivreI_2e_partie	supprimé	0	0
1447-0	1447-0	LivreI_2e_partie	supprimé	0	0
1449	1449	LivreI_2e_partie	supprimé	0	0
1450	1450	LivreI_2e_partie	supprimé	0	0
1451	1451	LivreI_2e_partie	supprimé	0	0
1452	1452	LivreI_2e_partie	supprimé	0	0
1453	1453	LivreI_2e_partie	supprimé	0	0
1454	1454	LivreI_2e_partie	supprimé	0	0
1455	1455	LivreI_2e_partie	supprimé	0	0
1456	1456	LivreI_2e_partie	supprimé	0	0
1457	1457	LivreI_2e_partie	supprimé	0	0
1458	1458	LivreI_2e_partie	supprimé	0	0
1458 bis	1458 bis	LivreI_2e_partie	supprimé	0	0
1459	1459	LivreI_2e_partie	supprimé	0	0
1460	1460	LivreI_2e_partie	supprimé	0	0
1461	1461	LivreI_2e_partie	supprimé	0	0
1461 A	1461 A	LivreI_2e_partie	supprimé	0	0
1462	1462	LivreI_2e_partie	supprimé	0	0
1463	1463	LivreI_2e_partie	supprimé	0	0
1463 A	1463 A	LivreI_2e_partie	supprimé	0	0
1463 B	1463 B	LivreI_2e_partie	supprimé	0	0
1464	1464	LivreI_2e_partie	supprimé	0	0
1464 A	1464 A	LivreI_2e_partie	supprimé	0	0
1464 B	1464 B	LivreI_2e_partie	supprimé	0	0
1464 C	1464 C	LivreI_2e_partie	supprimé	0	0
1464 D	1464 D	LivreI_2e_partie	supprimé	0	0
1464 E	1464 E	LivreI_2e_partie	supprimé	0	0
1464 F	1464 F	LivreI_2e_partie	supprimé	0	0
1464 H	1464 H	LivreI_2e_partie	supprimé	0	0
1464 I	1464 I	LivreI_2e_partie	supprimé	0	0
1464 I bis	1464 I bis	LivreI_2e_partie	supprimé	0	0
1464 M	1464 M	LivreI_2e_partie	supprimé	0	0
1465	1465	LivreI_2e_partie	supprimé	0	0
1465 A	1465 A	LivreI_2e_partie	supprimé	0	0
1465 B	1465 B	LivreI_2e_partie	supprimé	0	0
1466 A	1466 A	LivreI_2e_partie	supprimé	0	0
1466 B	1466 B	LivreI_2e_partie	supprimé	0	0
1466 B bis	1466 B bis	LivreI_2e_partie	supprimé	0	0
1466 D	1466 D	LivreI_2e_partie	supprimé	0	0
1466 F	1466 F	LivreI_2e_partie	supprimé	0	0
1466 G	1466 G	LivreI_2e_partie	supprimé	0	0
1467	1467	LivreI_2e_partie	supprimé	0	0
1467 A	1467 A	LivreI_2e_partie	supprimé	0	0
1468	1468	LivreI_2e_partie	supprimé	0	0
1468 bis	1468 bis	LivreI_2e_partie	supprimé	0	0
1472 A ter	1472 A ter	LivreI_2e_partie	supprimé	0	0
1473	1473	LivreI_2e_partie	supprimé	0	0
1475	1475	LivreI_2e_partie	supprimé	0	0
1476	1476	LivreI_2e_partie	supprimé	0	0
1477	1477	LivreI_2e_partie	supprimé	0	0
1478	1478	LivreI_2e_partie	supprimé	0	0
1478 bis	1478 bis	LivreI_2e_partie	allégé	148	0
1494	1494	LivreI_2e_partie	réécrit	259	0
1495	1495	LivreI_2e_partie	réécrit	330	0
1496	1496	LivreI_2e_partie	réécrit	781	0
1496 bis	1496 bis	LivreI_2e_partie	supprimé	0	0
1497	1497	LivreI_2e_partie	allégé	158	0
1498	1498	LivreI_2e_partie	réécrit	1331	0
1498 bis	1498 bis	LivreI_2e_partie	réécrit	458	0
1499	1499	LivreI_2e_partie	supprimé	0	0
1499 A	1499 A	LivreI_2e_partie	supprimé	0	0
1499-0 A	1499-0 A	LivreI_2e_partie	supprimé	0	0
1499-00 A	1499-00 A	LivreI_2e_partie	supprimé	0	0
1500	1500	LivreI_2e_partie	allégé	215	0
1501	1501	LivreI_2e_partie	allégé	1185	0
1501 bis	1501 bis	LivreI_2e_partie	allégé	2318	0
1503	1503	LivreI_2e_partie	supprimé	0	0
1504	1504	LivreI_2e_partie	supprimé	0	0
1505	1505	LivreI_2e_partie	supprimé	0	0
1507	1502	LivreI_2e_partie	renuméroté (1502 -> 1507)	0	0
1507	1507	LivreI_2e_partie	allégé	305	0
1508	1508	LivreI_2e_partie	allégé	573	0
1509	1509	LivreI_2e_partie	réécrit	523	0
1510	1510	LivreI_2e_partie	réécrit	54	0
1511	1511	LivreI_2e_partie	réécrit	41	0
1515	1515	LivreI_2e_partie	allégé	254	0
1516	1516	LivreI_2e_partie	réécrit	373	0
1517	1517	LivreI_2e_partie	allégé	1913	0
1518	1518	LivreI_2e_partie	supprimé	0	0
1518 A	1518 A	LivreI_2e_partie	supprimé	0	0
1518 A bis	1518 A bis	LivreI_2e_partie	supprimé	0	0
1518 A quater	1518 A quater	LivreI_2e_partie	supprimé	0	0
1518 A quinquies	1518 A quinquies	LivreI_2e_partie	supprimé	0	0
1518 A sexies	1518 A sexies	LivreI_2e_partie	supprimé	0	0
1518 A ter	1518 A ter	LivreI_2e_partie	supprimé	0	0
1518 B	1518 B	LivreI_2e_partie	supprimé	0	0
1518 C	1518 C	LivreI_2e_partie	supprimé	0	0
1518 D	1518 D	LivreI_2e_partie	supprimé	0	0
1518 F	1518 F	LivreI_2e_partie	supprimé	0	0
1518 bis	1518 bis	LivreI_2e_partie	supprimé	0	0
1518 quater	1518 quater	LivreI_2e_partie	supprimé	0	0
1518 ter	1518 ter	LivreI_2e_partie	supprimé	0	0
1519	1519	LivreI_2e_partie	supprimé	0	0
1519 A	1519 A	LivreI_2e_partie	supprimé	0	0
1519 B	1519 B	LivreI_2e_partie	supprimé	0	0
1519 C	1519 C	LivreI_2e_partie	supprimé	0	0
1519 D	1519 D	LivreI_2e_partie	supprimé	0	0
1519 E	1519 E	LivreI_2e_partie	supprimé	0	0
1519 F	1519 F	LivreI_2e_partie	supprimé	0	0
1519 G	1519 G	LivreI_2e_partie	supprimé	0	0
1519 H	1519 H	LivreI_2e_partie	supprimé	0	0
1519 HA	1519 HA	LivreI_2e_partie	supprimé	0	0
1519 HB	1519 HB	LivreI_2e_partie	supprimé	0	0
1519 I	1519 I	LivreI_2e_partie	allégé	163	0
1520	1520	LivreI_2e_partie	allégé	289	0
1521	1521	LivreI_2e_partie	réécrit	144	0
1522	1522	LivreI_2e_partie	réécrit	172	0
1522 bis	1522 bis	LivreI_2e_partie	réécrit	182	0
1523	1523	LivreI_2e_partie	allégé	579	0
1524	1524	LivreI_2e_partie	supprimé	0	0
1525	1525	LivreI_2e_partie	supprimé	0	0
1526	1526	LivreI_2e_partie	allégé	117	0
1529	1529	LivreI_2e_partie	supprimé	0	0
1530	1530	LivreI_2e_partie	supprimé	0	0
1530 bis	1530 bis	LivreI_2e_partie	supprimé	0	0
1582	1582	LivreI_2e_partie	supprimé	0	0
1584	1584	LivreI_2e_partie	supprimé	0	0
1584 bis	1584 bis	LivreI_2e_partie	supprimé	0	0
1584 ter	1584 ter	LivreI_2e_partie	supprimé	0	0
1586	1586	LivreI_2e_partie	supprimé	0	0
1586 nonies	1586 nonies	LivreI_2e_partie	supprimé	0	0
1586 octies	1586 octies	LivreI_2e_partie	supprimé	0	0
1586 quater	1586 quater	LivreI_2e_partie	supprimé	0	0
1586 quinquies	1586 quinquies	LivreI_2e_partie	supprimé	0	0
1586 septies	1586 septies	LivreI_2e_partie	supprimé	0	0
1586 sexies	1586 sexies	LivreI_2e_partie	supprimé	0	0
1586 ter	1586 ter	LivreI_2e_partie	supprimé	0	0
1587	1587	LivreI_2e_partie	supprimé	0	0
1588	1588	LivreI_2e_partie	supprimé	0	0
1589	1589	LivreI_2e_partie	supprimé	0	0
1590	1590	LivreI_2e_partie	allégé	123	0
1594 A	1594 A	LivreI_2e_partie	réécrit	454	0
1594 B	1594 B	LivreI_2e_partie	supprimé	0	0
1594 D	1594 D	LivreI_2e_partie	allégé	139	0
1594 E	1594 E	LivreI_2e_partie	supprimé	0	0
1594 F quinquies	1594 F quinquies	LivreI_2e_partie	supprimé	0	0
1594 F septies	1594 F septies	LivreI_2e_partie	supprimé	0	0
1594 F sexies	1594 F sexies	LivreI_2e_partie	supprimé	0	0
1594 F ter	1594 F ter	LivreI_2e_partie	supprimé	0	0
1594 G	1594 G	LivreI_2e_partie	supprimé	0	0
1594 H	1594 H	LivreI_2e_partie	supprimé	0	0
1594 H bis	1594 H bis	LivreI_2e_partie	supprimé	0	0
1594 H-0 bis	1594 H-0 bis	LivreI_2e_partie	supprimé	0	0
1594 I	1594 I	LivreI_2e_partie	supprimé	0	0
1594 I bis	1594 I bis	LivreI_2e_partie	supprimé	0	0
1594 I ter	1594 I ter	LivreI_2e_partie	supprimé	0	0
1594 J	1594 J	LivreI_2e_partie	supprimé	0	0
1594 J bis	1594 J bis	LivreI_2e_partie	supprimé	0	0
1594-0 F sexies	1594-0 F sexies	LivreI_2e_partie	supprimé	0	0
1594-0 G	1594-0 G	LivreI_2e_partie	supprimé	0	0
1595	1595	LivreI_2e_partie	supprimé	0	0
1595 bis	1595 bis	LivreI_2e_partie	supprimé	0	0
1595 ter	1595 ter	LivreI_2e_partie	supprimé	0	0
1599 bis	1599 bis	LivreI_2e_partie	supprimé	0	0
1599 quater A	1599 quater A	LivreI_2e_partie	supprimé	0	0
1599 quater A bis	1599 quater A bis	LivreI_2e_partie	supprimé	0	0
1599 quater B	1599 quater B	LivreI_2e_partie	supprimé	0	0
1599 quater C	1599 quater C	LivreI_2e_partie	supprimé	0	0
1599 quater D	1599 quater D	LivreI_2e_partie	supprimé	0	0
1599 quater E	1599 quater E	LivreI_2e_partie	supprimé	0	0
1599 quinquies B	1599 quinquies B	LivreI_2e_partie	supprimé	0	0
1599 sexies	1599 sexies	LivreI_2e_partie	supprimé	0	0
1600	1600	LivreI_2e_partie	supprimé	0	0
1600 A	1600 A	LivreI_2e_partie	supprimé	0	0
1600-0 C	1600-0 C	LivreI_2e_partie	supprimé	0	0
1600-0 D	1600-0 D	LivreI_2e_partie	supprimé	0	0
1600-0 E	1600-0 E	LivreI_2e_partie	supprimé	0	0
1600-0 G	1600-0 G	LivreI_2e_partie	supprimé	0	0
1600-0 H	1600-0 H	LivreI_2e_partie	supprimé	0	0
1600-0 I	1600-0 I	LivreI_2e_partie	supprimé	0	0
1600-0 J	1600-0 J	LivreI_2e_partie	supprimé	0	0
1600-00 C	1600-00 C	LivreI_2e_partie	supprimé	0	1
1601	1601	LivreI_2e_partie	supprimé	0	0
1601-0 A	1601-0 A	LivreI_2e_partie	supprimé	0	0
1604	1604	LivreI_2e_partie	supprimé	0	0
1605 nonies	1605 nonies	LivreI_2e_partie	supprimé	0	0
1607 A	1607 A	LivreI_2e_partie	supprimé	0	0
1607 bis	1607 bis	LivreI_2e_partie	supprimé	0	0
1607 ter	1607 ter	LivreI_2e_partie	supprimé	0	0
1609 B	1609 B	LivreI_2e_partie	supprimé	0	0
1609 C	1609 C	LivreI_2e_partie	supprimé	0	0
1609 D	1609 D	LivreI_2e_partie	supprimé	0	0
1609 G	1609 G	LivreI_2e_partie	supprimé	0	0
1609 H	1609 H	LivreI_2e_partie	supprimé	0	0
1609 I	1609 I	LivreI_2e_partie	supprimé	0	0
1609 duotricies	1609 duotricies	LivreI_2e_partie	supprimé	0	0
1609 nonies C	1609 nonies C	LivreI_2e_partie	supprimé	0	0
1609 nonies G	1609 nonies G	LivreI_2e_partie	supprimé	0	0
1609 novovicies	1609 novovicies	LivreI_2e_partie	supprimé	0	0
1609 quater	1609 quater	LivreI_2e_partie	supprimé	0	0
1609 quatertricies	1609 quatertricies	LivreI_2e_partie	supprimé	0	0
1609 quinquies BA	1609 quinquies BA	LivreI_2e_partie	supprimé	0	0
1609 quinquies C	1609 quinquies C	LivreI_2e_partie	supprimé	0	0
1609 sexdecies C	1609 sexdecies C	LivreI_2e_partie	supprimé	0	0
1609 sexvicies	1609 sexvicies	LivreI_2e_partie	supprimé	0	0
1609 tertricies	1609 tertricies	LivreI_2e_partie	supprimé	0	0
1609 tricies	1609 tricies	LivreI_2e_partie	supprimé	0	0
1609 untricies	1609 untricies	LivreI_2e_partie	supprimé	0	0
1613 bis	1613 bis	LivreI_2e_partie	supprimé	0	0
1613 quater	1613 quater	LivreI_2e_partie	supprimé	0	0
1613 ter	1613 ter	LivreI_2e_partie	supprimé	0	0
1615	1615	LivreI_2e_partie	supprimé	0	0
1622	1622	LivreI_2e_partie	supprimé	0	0
1623	1623	LivreI_2e_partie	allégé	97	0
1628 bis	1628 bis	LivreI_2e_partie	allégé	161	0
1629	1629	LivreI_2e_partie	supprimé	0	0
1630	1630	LivreI_2e_partie	supprimé	0	0
1635 bis A	1635 bis A	LivreI_2e_partie	supprimé	0	0
1635 bis AE	1635 bis AE	LivreI_2e_partie	supprimé	0	0
1635 bis AF	1635 bis AF	LivreI_2e_partie	supprimé	0	0
1635 bis AG	1635 bis AG	LivreI_2e_partie	supprimé	0	0
1635 bis AH	1635 bis AH	LivreI_2e_partie	supprimé	0	0
1635 bis N	1635 bis N	LivreI_2e_partie	supprimé	0	0
1635 bis P	1635 bis P	LivreI_2e_partie	supprimé	0	0
1635 bis Q	1635 bis Q	LivreI_2e_partie	supprimé	0	0
1635 quater A	1635 quater A	LivreI_2e_partie	supprimé	0	0
1635 quater B	1635 quater B	LivreI_2e_partie	supprimé	0	0
1635 quater C	1635 quater C	LivreI_2e_partie	supprimé	0	0
1635 quater D	1635 quater D	LivreI_2e_partie	supprimé	0	0
1635 quater E	1635 quater E	LivreI_2e_partie	supprimé	0	0
1635 quater F	1635 quater F	LivreI_2e_partie	supprimé	0	0
1635 quater G	1635 quater G	LivreI_2e_partie	supprimé	0	0
1635 quater H	1635 quater H	LivreI_2e_partie	supprimé	0	0
1635 quater I	1635 quater I	LivreI_2e_partie	supprimé	0	0
1635 quater J	1635 quater J	LivreI_2e_partie	supprimé	0	0
1635 quater K	1635 quater K	LivreI_2e_partie	supprimé	0	0
1635 quater L	1635 quater L	LivreI_2e_partie	supprimé	0	0
1635 quater M	1635 quater M	LivreI_2e_partie	supprimé	0	0
1635 quater N	1635 quater N	LivreI_2e_partie	supprimé	0	0
1635 quater O	1635 quater O	LivreI_2e_partie	supprimé	0	0
1635 quater P	1635 quater P	LivreI_2e_partie	supprimé	0	0
1635 quater Q	1635 quater Q	LivreI_2e_partie	supprimé	0	0
1635 quater R	1635 quater R	LivreI_2e_partie	supprimé	0	0
1635 quater S	1635 quater S	LivreI_2e_partie	supprimé	0	0
1635 quater T	1635 quater T	LivreI_2e_partie	supprimé	0	0
1635 quinquies	1635 quinquies	LivreI_2e_partie	supprimé	0	0
1635 sexies	1635 sexies	LivreI_2e_partie	allégé	97	0
1635 ter	1635 ter	LivreI_2e_partie	supprimé	0	0
1635-0 quinquies	1635-0 quinquies	LivreI_2e_partie	supprimé	0	0
1636 B decies	1636 B decies	LivreI_2e_partie	réécrit	91	0
1636 B nonies	1636 B nonies	LivreI_2e_partie	supprimé	0	0
1636 B octies	1636 B octies	LivreI_2e_partie	supprimé	0	0
1636 B septies	1636 B septies	LivreI_2e_partie	supprimé	32	0
1636 B sexies	1636 B sexies	LivreI_2e_partie	réécrit	274	0
1636 B undecies	1636 B undecies	LivreI_2e_partie	réécrit	2386	0
1636 C	1636 C	LivreI_2e_partie	supprimé	0	0
1638	1638	LivreI_2e_partie	supprimé	0	0
1638 quater	1638 quater	LivreI_2e_partie	supprimé	0	0
1638 quinquies	1638 quinquies	LivreI_2e_partie	supprimé	0	0
1638-0 bis	1638-0 bis	LivreI_2e_partie	supprimé	0	0
1638-00 bis	1638-00 bis	LivreI_2e_partie	supprimé	0	0
1639 A	1639 A	LivreI_2e_partie	supprimé	0	0
1639 A bis	1639 A bis	LivreI_2e_partie	supprimé	0	0
1639 A quater	1639 A quater	LivreI_2e_partie	supprimé	0	0
1639 A ter	1639 A ter	LivreI_2e_partie	supprimé	0	0
1640	1640	LivreI_2e_partie	supprimé	0	0
1640 B	1640 B	LivreI_2e_partie	supprimé	0	0
1640 C	1640 C	LivreI_2e_partie	supprimé	0	0
1640 D	1640 D	LivreI_2e_partie	supprimé	0	0
1640 E	1640 E	LivreI_2e_partie	supprimé	0	0
1640 F	1640 F	LivreI_2e_partie	supprimé	0	0
1640 G	1640 G	LivreI_2e_partie	supprimé	0	0
1640 H	1640 H	LivreI_2e_partie	supprimé	0	0
1641	1641	LivreI_2e_partie	supprimé	0	0
1644	1644	LivreI_2e_partie	supprimé	0	0
1647	1647	LivreI_2e_partie	supprimé	0	0
1647 B sexies	1647 B sexies	LivreI_2e_partie	supprimé	0	0
1647 D	1647 D	LivreI_2e_partie	supprimé	0	0
1647 bis	1647 bis	LivreI_2e_partie	supprimé	0	0
1647-00 A	1647-00 A	LivreI_2e_partie	supprimé	0	0
1647-00 bis	1647-00 bis	LivreI_2e_partie	supprimé	0	0
1648 A	1648 A	LivreI_2e_partie	supprimé	0	0
1648 AC	1648 AC	LivreI_2e_partie	supprimé	0	0
1649	1649	LivreI_2e_partie	supprimé	0	0
1649 A quater	1649 A quater	LivreI_3e_partie	allégé	564	0
1649 B	1649 B	LivreI_3e_partie	allégé	125	0
1649 quater-0 B bis	1649 quater-0 B bis	LivreI_3e_partie	supprimé	0	0
1649 quater-0 B ter	1649 quater-0 B ter	LivreI_3e_partie	allégé	73	0
1649 undecies	1649 undecies	LivreI_3e_partie	allégé	206	0
1650	1650	LivreI_3e_partie	supprimé	0	0
1650 A	1650 A	LivreI_3e_partie	allégé	130	0
1650 B	1650 B	LivreI_3e_partie	allégé	2097	0
1651	1651	LivreI_3e_partie	supprimé	0	0
1651 A	1651 A	LivreI_3e_partie	supprimé	0	0
1651 B	1651 B	LivreI_3e_partie	supprimé	0	0
1651 C	1651 C	LivreI_3e_partie	supprimé	0	0
1651 D	1651 D	LivreI_3e_partie	supprimé	0	0
1651 E	1651 E	LivreI_3e_partie	supprimé	0	0
1651 F	1651 F	LivreI_3e_partie	supprimé	0	0
1651 G	1651 G	LivreI_3e_partie	supprimé	0	0
1651 H	1651 H	LivreI_3e_partie	supprimé	0	0
1651 I	1651 I	LivreI_3e_partie	supprimé	0	0
1651 J	1651 J	LivreI_3e_partie	supprimé	0	0
1651 K	1651 K	LivreI_3e_partie	supprimé	0	0
1651 L	1651 L	LivreI_3e_partie	supprimé	0	0
1651 L bis	1651 L bis	LivreI_3e_partie	supprimé	0	0
1651 M	1651 M	LivreI_3e_partie	supprimé	0	0
1653	1653	LivreI_3e_partie	allégé	166	0
1653 E	1653 E	LivreI_3e_partie	allégé	152	0
1653 F	1653 F	LivreI_3e_partie	allégé	120	0
1654	1654	LivreI_3e_partie	réécrit	940	0
1655	1655	LivreI_3e_partie	réécrit	1275	0
1655 septies	1655 septies	LivreI_3e_partie	allégé	73	0
1655 sexies A	1655 sexies A	LivreI_3e_partie	allégé	532	0
1668	1668	LivreII_recouvrement	allégé	3900	0
1668 B	1668 B	LivreII_recouvrement	supprimé	0	0
1668 D	1668 D	LivreII_recouvrement	allégé	83	0
1678 quater	1678 quater	LivreII_recouvrement	allégé	3467	0
1679	1679	LivreII_recouvrement	supprimé	0	0
1679 A	1679 A	LivreII_recouvrement	supprimé	0	0
1679 bis	1679 bis	LivreII_recouvrement	supprimé	0	0
1679 bis B	1679 bis B	LivreII_recouvrement	supprimé	1	0
1679 decies	1679 decies	LivreII_recouvrement	supprimé	0	0
1679 nonies	1679 nonies	LivreII_recouvrement	supprimé	0	0
1679 octies	1679 octies	LivreII_recouvrement	supprimé	0	0
1679 quinquies	1679 quinquies	LivreII_recouvrement	supprimé	5	0
1679 septies	1679 septies	LivreII_recouvrement	supprimé	9	0
1679 ter	1679 ter	LivreII_recouvrement	supprimé	20	0
1679 undecies	1679 undecies	LivreII_recouvrement	supprimé	0	0
1680	1680	LivreII_recouvrement	supprimé	0	0
1680 A	1680 A	LivreII_recouvrement	supprimé	0	0
1681	1681	LivreII_recouvrement	supprimé	0	0
1681 F	1681 F	LivreII_recouvrement	supprimé	24	0
1681 quater A	1681 quater A	LivreII_recouvrement	allégé	181	0
1681 quinquies	1681 quinquies	LivreII_recouvrement	allégé	1028	0
1681 septies	1681 septies	LivreII_recouvrement	allégé	1127	0
1681 sexies	1681 sexies	LivreII_recouvrement	allégé	1256	0
1681 ter	1681 ter	LivreII_recouvrement	réécrit	1932	0
1684	1684	LivreII_recouvrement	supprimé	0	0
1686	1686	LivreII_recouvrement	supprimé	0	0
1687	1687	LivreII_recouvrement	supprimé	0	0
1688	1688	LivreII_recouvrement	supprimé	1	0
1691	1691	LivreII_recouvrement	allégé	765	0
1691 bis	1691 bis	LivreII_recouvrement	supprimé	0	0
1691 bis A	1691 bis A	LivreII_recouvrement	supprimé	0	0
1691 ter	1691 ter	LivreII_recouvrement	supprimé	18	0
1716 A	1716 A	LivreII_recouvrement	allégé	808	0
1716 bis	1716 bis	LivreII_recouvrement	supprimé	0	0
1717	1717	LivreII_recouvrement	supprimé	0	0
1717 bis	1717 bis	LivreII_recouvrement	supprimé	0	0
1722 bis	1722 bis	LivreII_recouvrement	supprimé	0	0
1722 quater	1722 quater	LivreII_recouvrement	allégé	49	0
1722 ter	1722 ter	LivreII_recouvrement	supprimé	0	0
1723 ter	1723 ter	LivreII_recouvrement	allégé	355	0
1723 ter-00 B	1723 ter-00 B	LivreII_recouvrement	supprimé	24	0
1727	1727	LivreII_recouvrement	réécrit	7597	0
1728	1728	LivreII_recouvrement	réécrit	2227	0
1738	1738	LivreII_recouvrement	allégé	1954	0
1739	1739	LivreII_recouvrement	supprimé	0	0
1739 A	1739 A	LivreII_recouvrement	supprimé	0	0
1740	1740	LivreII_recouvrement	supprimé	0	0
1740-0 A	1740-0 A	LivreII_recouvrement	supprimé	0	0
1740-0 B	1740-0 B	LivreII_recouvrement	supprimé	0	0
1740-0 C	1740-0 C	LivreII_recouvrement	supprimé	31	0
1740-00 A	1740-00 A	LivreII_recouvrement	supprimé	0	0
1740-00 AB	1740-00 AB	LivreII_recouvrement	supprimé	0	0
1741	1741	LivreII_recouvrement	réécrit	4369	0
