fichier	article	etat	version_base	debut_base	version_mill	debut_mill	fin_programmee
a971c8e6-CGI_-_Livre_I_-_Premi_re_Partie_-_T	200 quaterdecies	disparu depuis la base	LEGIARTI000051213097	2025-02-16			
a971c8e6-CGI_-_Livre_I_-_Premi_re_Partie_-_T	235 ter ZAA	disparu depuis la base	LEGIARTI000029355234	2015-01-01			
ad56724a-CGI_-_Livre_I_-_Premi_re_Partie_-_T	297	disparu depuis la base	LEGIARTI000048827176	2023-12-31			
ad56724a-CGI_-_Livre_I_-_Premi_re_Partie_-_T	750 bis A	disparu depuis la base	LEGIARTI000024435939	2012-01-01			
ad56724a-CGI_-_Livre_I_-_Premi_re_Partie_-_T	1018 A	stable	LEGIARTI000051877580	2025-07-11	LEGIARTI000051877580	2025-07-11	2029-01-01
ad56724a-CGI_-_Livre_I_-_Premi_re_Partie_-_T	1042	stable	LEGIARTI000037666927	2018-11-25	LEGIARTI000037666927	2018-11-25	2027-01-01
ad56724a-CGI_-_Livre_I_-_Premi_re_Partie_-_T	1100	stable	LEGIARTI000006305892	1993-08-18	LEGIARTI000006305892	1993-08-18	2029-01-01
ad56724a-CGI_-_Livre_I_-_Premi_re_Partie_-_T	1115	stable	LEGIARTI000024188977	2011-06-12	LEGIARTI000024188977	2011-06-12	2027-01-01
ad56724a-CGI_-_Livre_I_-_Premi_re_Partie_-_T	1161	stable	LEGIARTI000049106372	1950-04-30	LEGIARTI000049106372	1950-04-30	2222-02-22
ad56724a-CGI_-_Livre_I_-_Premi_re_Partie_-_T	1167	stable	LEGIARTI000049107087	1950-04-30	LEGIARTI000049107087	1950-04-30	2222-02-22
a971c8e6-CGI_-_Livre_I_-_Premi_re_Partie_-_T	119 ter	stable	LEGIARTI000031815505	2016-01-01	LEGIARTI000031815505	2016-01-01	2027-01-01
a971c8e6-CGI_-_Livre_I_-_Premi_re_Partie_-_T	119 ter	stable	LEGIARTI000031815505	2016-01-01	LEGIARTI000031815505	2016-01-01	2027-01-01
ad56724a-CGI_-_Livre_I_-_Premi_re_Partie_-_T	1207	stable	LEGIARTI000049114938	1950-04-30	LEGIARTI000049114938	1950-04-30	2222-02-22
ad56724a-CGI_-_Livre_I_-_Premi_re_Partie_-_T	1238	stable	LEGIARTI000049117453	1950-04-30	LEGIARTI000049117453	1950-04-30	2222-02-22
a971c8e6-CGI_-_Livre_I_-_Premi_re_Partie_-_T	125-00 A	stable	LEGIARTI000046860937	2023-01-01	LEGIARTI000046860937	2023-01-01	2027-01-01
ad56724a-CGI_-_Livre_I_-_Premi_re_Partie_-_T	1273	stable	LEGIARTI000049120511	1950-04-30	LEGIARTI000049120511	1950-04-30	2222-02-22
b87844dc-CGI_-_Livre_I_-_Deuxi_me_Partie_Com	1382-0	stable	LEGIARTI000048846391	2025-01-01	LEGIARTI000048846391	2025-01-01	2027-01-01
b87844dc-CGI_-_Livre_I_-_Deuxi_me_Partie_Com	1383-0 B	stable	LEGIARTI000048835829	2025-01-01	LEGIARTI000048835829	2025-01-01	2027-01-01
b87844dc-CGI_-_Livre_I_-_Deuxi_me_Partie_Com	1384 A	stable	LEGIARTI000046900644	2023-04-01	LEGIARTI000046900644	2023-04-01	2027-01-01
b87844dc-CGI_-_Livre_I_-_Deuxi_me_Partie_Com	1384-0 A	stable	LEGIARTI000044983143	2022-01-01	LEGIARTI000044983143	2022-01-01	2027-01-01
b87844dc-CGI_-_Livre_I_-_Deuxi_me_Partie_Com	1388 quinquies	stable	LEGIARTI000053543428	2026-02-21	LEGIARTI000053543428	2026-02-21	2031-01-01
b87844dc-CGI_-_Livre_I_-_Deuxi_me_Partie_Com	1388-0	stable	LEGIARTI000041425367	2021-01-01	LEGIARTI000041425367	2021-01-01	2027-01-01
b87844dc-CGI_-_Livre_I_-_Deuxi_me_Partie_Com	1391 E	stable	LEGIARTI000048826210	2023-12-31	LEGIARTI000048826210	2023-12-31	2027-01-01
b87844dc-CGI_-_Livre_I_-_Deuxi_me_Partie_Com	1407 bis	stable	LEGIARTI000051219184	2025-02-16	LEGIARTI000051219184	2025-02-16	2027-01-01
b87844dc-CGI_-_Livre_I_-_Deuxi_me_Partie_Com	1447	stable	LEGIARTI000053544997	2026-02-21	LEGIARTI000053544997	2026-02-21	2030-01-01
b87844dc-CGI_-_Livre_I_-_Deuxi_me_Partie_Com	1447-0	stable	LEGIARTI000021640942	2010-01-01	LEGIARTI000021640942	2010-01-01	2030-01-01
b87844dc-CGI_-_Livre_I_-_Deuxi_me_Partie_Com	1460	stable	LEGIARTI000051217560	2025-02-16	LEGIARTI000051217560	2025-02-16	2027-01-01
b87844dc-CGI_-_Livre_I_-_Deuxi_me_Partie_Com	1464 A	stable	LEGIARTI000033814147	2017-01-01	LEGIARTI000033814147	2017-01-01	2027-01-01
b87844dc-CGI_-_Livre_I_-_Deuxi_me_Partie_Com	1468 bis	stable	LEGIARTI000048846772	2024-07-01	LEGIARTI000048846772	2024-07-01	2027-01-01
a971c8e6-CGI_-_Livre_I_-_Premi_re_Partie_-_T	148	stable	LEGIARTI000049489669	1954-08-17	LEGIARTI000049489669	1954-08-17	2222-02-22
a971c8e6-CGI_-_Livre_I_-_Premi_re_Partie_-_T	150 VM	stable	LEGIARTI000030752146	2016-02-01	LEGIARTI000030752146	2016-02-01	2027-01-01
b87844dc-CGI_-_Livre_I_-_Deuxi_me_Partie_Com	1509	stable	LEGIARTI000027517709	2013-06-07	LEGIARTI000027517709	2013-06-07	2027-01-01
b87844dc-CGI_-_Livre_I_-_Deuxi_me_Partie_Com	1515	stable	LEGIARTI000042654123	2020-12-09	LEGIARTI000042654123	2020-12-09	2027-01-01
b87844dc-CGI_-_Livre_I_-_Deuxi_me_Partie_Com	1518 A quinquies	stable	LEGIARTI000053589332	2026-01-01	LEGIARTI000053589332	2026-01-01	2027-01-01
b87844dc-CGI_-_Livre_I_-_Deuxi_me_Partie_Com	1518 A sexies	stable	LEGIARTI000053545912	2026-02-21	LEGIARTI000053545912	2026-02-21	2027-01-01
b87844dc-CGI_-_Livre_I_-_Deuxi_me_Partie_Com	1582	stable	LEGIARTI000044873045	2022-01-01	LEGIARTI000044873045	2022-01-01	2027-01-01
b87844dc-CGI_-_Livre_I_-_Deuxi_me_Partie_Com	1586 octies	stable	LEGIARTI000042909509	2021-01-01	LEGIARTI000042909509	2021-01-01	2030-01-01
b87844dc-CGI_-_Livre_I_-_Deuxi_me_Partie_Com	1586 quater	stable	LEGIARTI000048860944	2026-01-01	LEGIARTI000048860944	2026-01-01	2028-01-01
b87844dc-CGI_-_Livre_I_-_Deuxi_me_Partie_Com	1586 quinquies	stable	LEGIARTI000023380915	2010-12-31	LEGIARTI000023380915	2010-12-31	2030-01-01
b87844dc-CGI_-_Livre_I_-_Deuxi_me_Partie_Com	1586 septies	stable	LEGIARTI000048846991	2024-01-01	LEGIARTI000048846991	2024-01-01	2030-01-01
b87844dc-CGI_-_Livre_I_-_Deuxi_me_Partie_Com	1586 sexies	stable	LEGIARTI000043048297	2022-01-01	LEGIARTI000043048297	2022-01-01	2029-01-01
b87844dc-CGI_-_Livre_I_-_Deuxi_me_Partie_Com	1586 ter	stable	LEGIARTI000048847020	2024-01-01	LEGIARTI000048847020	2024-01-01	2027-01-01
b87844dc-CGI_-_Livre_I_-_Deuxi_me_Partie_Com	1590	stable	LEGIARTI000036355447	2018-01-01	LEGIARTI000036355447	2018-01-01	2027-01-01
b87844dc-CGI_-_Livre_I_-_Deuxi_me_Partie_Com	1594 F quinquies	stable	LEGIARTI000048864675	2024-07-01	LEGIARTI000048864675	2024-07-01	2027-01-01
b87844dc-CGI_-_Livre_I_-_Deuxi_me_Partie_Com	1594-0 G	stable	LEGIARTI000031219381	2016-01-01	LEGIARTI000031219381	2016-01-01	2027-01-01
b87844dc-CGI_-_Livre_I_-_Deuxi_me_Partie_Com	1600	stable	LEGIARTI000053562172	2026-03-01	LEGIARTI000053562172	2026-03-01	2027-01-01
b87844dc-CGI_-_Livre_I_-_Deuxi_me_Partie_Com	1609 duotricies	stable	LEGIARTI000022209298	2010-05-13	LEGIARTI000022209298	2010-05-13	2027-01-01
b87844dc-CGI_-_Livre_I_-_Deuxi_me_Partie_Com	1609 sexdecies C	stable	LEGIARTI000051200895	2025-01-01	LEGIARTI000051200895	2025-01-01	2027-01-01
b87844dc-CGI_-_Livre_I_-_Deuxi_me_Partie_Com	1609 sexvicies	stable	LEGIARTI000048826662	2025-01-01	LEGIARTI000048826662	2025-01-01	2027-01-01
b87844dc-CGI_-_Livre_I_-_Deuxi_me_Partie_Com	1609 tertricies	stable	LEGIARTI000041466911	2022-09-01	LEGIARTI000041466911	2022-09-01	2027-01-01
b87844dc-CGI_-_Livre_I_-_Deuxi_me_Partie_Com	1609 untricies	stable	LEGIARTI000030517151	2015-04-25	LEGIARTI000030517151	2015-04-25	2027-01-01
b87844dc-CGI_-_Livre_I_-_Deuxi_me_Partie_Com	1613 quater	stable	LEGIARTI000051288275	2026-01-01	LEGIARTI000051288275	2026-01-01	2027-01-01
b87844dc-CGI_-_Livre_I_-_Deuxi_me_Partie_Com	1615	stable	LEGIARTI000049754007	1956-07-01	LEGIARTI000049754007	1956-07-01	2222-02-22
b87844dc-CGI_-_Livre_I_-_Deuxi_me_Partie_Com	1622	stable	LEGIARTI000033713742	2018-01-01	LEGIARTI000033713742	2018-01-01	2027-01-01
b87844dc-CGI_-_Livre_I_-_Deuxi_me_Partie_Com	1635 quater D	stable	LEGIARTI000053546564	2026-01-01	LEGIARTI000053546564	2026-01-01	2027-01-01
b87844dc-CGI_-_Livre_I_-_Deuxi_me_Partie_Com	1635 quater I	stable	LEGIARTI000051217646	2025-02-16	LEGIARTI000051217646	2025-02-16	2027-01-01
b87844dc-CGI_-_Livre_I_-_Deuxi_me_Partie_Com	1635 quinquies	stable	LEGIARTI000034596458	2017-05-05	LEGIARTI000034596458	2017-05-05	2029-01-01
b87844dc-CGI_-_Livre_I_-_Deuxi_me_Partie_Com	1647 B sexies	stable	LEGIARTI000048860555	2026-01-01	LEGIARTI000048860555	2026-01-01	2028-01-01
0091bc40-CGI_-_Livre_I_-_Troisi_me_Partie_Co	1649 quater-0 B bis	stable	LEGIARTI000048638140	2025-07-01	LEGIARTI000048638140	2025-07-01	2029-01-01
0091bc40-CGI_-_Livre_I_-_Troisi_me_Partie_Co	1651	stable	LEGIARTI000037993384	2020-01-01	LEGIARTI000037993384	2020-01-01	2027-01-01
0091bc40-CGI_-_Livre_I_-_Troisi_me_Partie_Co	1651 F	stable	LEGIARTI000033817179	2017-09-01	LEGIARTI000033817179	2017-09-01	2027-01-01
0091bc40-CGI_-_Livre_I_-_Troisi_me_Partie_Co	1651 H	stable	LEGIARTI000037993381	2020-01-01	LEGIARTI000037993381	2020-01-01	2027-01-01
0091bc40-CGI_-_Livre_I_-_Troisi_me_Partie_Co	1651 M	stable	LEGIARTI000044873157	2022-01-01	LEGIARTI000044873157	2022-01-01	2027-01-01
0ac87529-CGI_-_Livre_II_-_Recouvrement_Compa	1679 septies	stable	LEGIARTI000042908204	2021-01-01	LEGIARTI000042908204	2021-01-01	2030-01-01
0ac87529-CGI_-_Livre_II_-_Recouvrement_Compa	1681 septies	stable	LEGIARTI000051764486	2025-06-19	LEGIARTI000051764486	2025-06-19	2030-01-01
0ac87529-CGI_-_Livre_II_-_Recouvrement_Compa	1727	stable	LEGIARTI000051213330	2025-02-16	LEGIARTI000051213330	2025-02-16	2027-01-01
0ac87529-CGI_-_Livre_II_-_Recouvrement_Compa	1741	stable	LEGIARTI000051742509	2025-06-15	LEGIARTI000051742509	2025-06-15	2027-01-01
a971c8e6-CGI_-_Livre_I_-_Premi_re_Partie_-_T	199 novovicies	stable	LEGIARTI000049399676	2024-04-11	LEGIARTI000049399676	2024-04-11	2027-01-01
a971c8e6-CGI_-_Livre_I_-_Premi_re_Partie_-_T	199 septvicies	stable	LEGIARTI000048847534	2023-12-31	LEGIARTI000048847534	2023-12-31	2027-01-01
a971c8e6-CGI_-_Livre_I_-_Premi_re_Partie_-_T	199 terdecies-0 A ter	stable	LEGIARTI000053543758	2026-02-21	LEGIARTI000053543758	2026-02-21	2029-01-01
a971c8e6-CGI_-_Livre_I_-_Premi_re_Partie_-_T	200	stable	LEGIARTI000053543932	2026-02-21	LEGIARTI000053543932	2026-02-21	2027-01-01
a971c8e6-CGI_-_Livre_I_-_Premi_re_Partie_-_T	200 quater	stable	LEGIARTI000051213165	2025-02-16	LEGIARTI000051213165	2025-02-16	2027-01-01
a971c8e6-CGI_-_Livre_I_-_Premi_re_Partie_-_T	200 quater A	stable	LEGIARTI000051765119	2025-06-19	LEGIARTI000051765119	2025-06-19	2027-01-01
a971c8e6-CGI_-_Livre_I_-_Premi_re_Partie_-_T	220 Z septies	stable	LEGIARTI000048826400	2024-01-01	LEGIARTI000048826400	2024-01-01	2027-01-01
a971c8e6-CGI_-_Livre_I_-_Premi_re_Partie_-_T	231 A	stable	LEGIARTI000051203013	2025-02-16	LEGIARTI000051203013	2025-02-16	2027-01-01
a971c8e6-CGI_-_Livre_I_-_Premi_re_Partie_-_T	231 bis L	stable	LEGIARTI000006303790	1983-07-10	LEGIARTI000006303790	1983-07-10	2027-01-01
a971c8e6-CGI_-_Livre_I_-_Premi_re_Partie_-_T	232	stable	LEGIARTI000046872468	2023-01-01	LEGIARTI000046872468	2023-01-01	2027-01-01
a971c8e6-CGI_-_Livre_I_-_Premi_re_Partie_-_T	235 ter X	stable	LEGIARTI000030059687	2014-12-30	LEGIARTI000030059687	2014-12-30	2027-01-01
a971c8e6-CGI_-_Livre_I_-_Premi_re_Partie_-_T	235 ter XB	stable	LEGIARTI000051206139	2025-02-16	LEGIARTI000051206139	2025-02-16	2027-01-01
a971c8e6-CGI_-_Livre_I_-_Premi_re_Partie_-_T	235 ter ZD	stable	LEGIARTI000053543343	2026-01-01	LEGIARTI000053543343	2026-01-01	2027-01-01
a971c8e6-CGI_-_Livre_I_-_Premi_re_Partie_-_T	235 ter ZD bis	stable	LEGIARTI000028447781	2014-02-01	LEGIARTI000028447781	2014-02-01	2027-01-01
a971c8e6-CGI_-_Livre_I_-_Premi_re_Partie_-_T	235 ter ZE bis	stable	LEGIARTI000031779544	2016-01-01	LEGIARTI000031779544	2016-01-01	2027-01-01
a971c8e6-CGI_-_Livre_I_-_Premi_re_Partie_-_T	238 bis HW	stable	LEGIARTI000047303743	2023-03-12	LEGIARTI000047303743	2023-03-12	2030-01-01
a971c8e6-CGI_-_Livre_I_-_Premi_re_Partie_-_T	244 quater C	stable	LEGIARTI000053544478	2026-01-01	LEGIARTI000053544478	2026-01-01	2027-01-01
ad56724a-CGI_-_Livre_I_-_Premi_re_Partie_-_T	257	stable	LEGIARTI000046196126	2022-08-18	LEGIARTI000046196126	2022-08-18	2222-02-22
ad56724a-CGI_-_Livre_I_-_Premi_re_Partie_-_T	260	stable	LEGIARTI000025576729	2012-03-24	LEGIARTI000025576729	2012-03-24	2027-01-01
ad56724a-CGI_-_Livre_I_-_Premi_re_Partie_-_T	262 bis	stable	LEGIARTI000042910028	2020-12-31	LEGIARTI000042910028	2020-12-31	2027-01-01
ad56724a-CGI_-_Livre_I_-_Premi_re_Partie_-_T	262 ter	stable	LEGIARTI000051764907	2025-06-19	LEGIARTI000051764907	2025-06-19	2027-01-01
ad56724a-CGI_-_Livre_I_-_Premi_re_Partie_-_T	270	stable	LEGIARTI000042910192	2020-12-31	LEGIARTI000042910192	2020-12-31	2222-02-22
ad56724a-CGI_-_Livre_I_-_Premi_re_Partie_-_T	278 bis	stable	LEGIARTI000046869153	2023-01-01	LEGIARTI000046869153	2023-01-01	2027-01-01
ad56724a-CGI_-_Livre_I_-_Premi_re_Partie_-_T	278 quater	stable	LEGIARTI000042910083	2021-01-01	LEGIARTI000042910083	2021-01-01	2027-01-01
ad56724a-CGI_-_Livre_I_-_Premi_re_Partie_-_T	278 sexies	stable	LEGIARTI000053545600	2026-02-21	LEGIARTI000053545600	2026-02-21	2027-01-01
ad56724a-CGI_-_Livre_I_-_Premi_re_Partie_-_T	278 sexies A	stable	LEGIARTI000049641491	2024-06-02	LEGIARTI000049641491	2024-06-02	2027-01-01
ad56724a-CGI_-_Livre_I_-_Premi_re_Partie_-_T	278 sexies B	stable	LEGIARTI000048800146	2023-12-31	LEGIARTI000048800146	2023-12-31	2027-01-01
ad56724a-CGI_-_Livre_I_-_Premi_re_Partie_-_T	278 sexies-0 A	stable	LEGIARTI000044983897	2022-01-01	LEGIARTI000044983897	2022-01-01	2027-01-01
ad56724a-CGI_-_Livre_I_-_Premi_re_Partie_-_T	278-0 bis	stable	LEGIARTI000053562844	2026-03-01	LEGIARTI000053562844	2026-03-01	2222-02-22
ad56724a-CGI_-_Livre_I_-_Premi_re_Partie_-_T	278-0 bis A	stable	LEGIARTI000053545596	2026-02-21	LEGIARTI000053545596	2026-02-21	2222-02-22
ad56724a-CGI_-_Livre_I_-_Premi_re_Partie_-_T	279	stable	LEGIARTI000053562872	2026-03-01	LEGIARTI000053562872	2026-03-01	2027-01-01
ad56724a-CGI_-_Livre_I_-_Premi_re_Partie_-_T	279 bis	stable	LEGIARTI000025091630	2012-01-01	LEGIARTI000025091630	2012-01-01	2222-02-22
ad56724a-CGI_-_Livre_I_-_Premi_re_Partie_-_T	279-0 bis	stable	LEGIARTI000051215062	2025-03-01	LEGIARTI000051215062	2025-03-01	2222-02-22
ad56724a-CGI_-_Livre_I_-_Premi_re_Partie_-_T	279-0 bis A	stable	LEGIARTI000053561519	2026-02-21	LEGIARTI000053561519	2026-02-21	2222-02-22
ad56724a-CGI_-_Livre_I_-_Premi_re_Partie_-_T	281 octies	stable	LEGIARTI000044983676	2022-01-01	LEGIARTI000044983676	2022-01-01	2027-01-01
ad56724a-CGI_-_Livre_I_-_Premi_re_Partie_-_T	281 quater	stable	LEGIARTI000028416981	2012-12-31	LEGIARTI000028416981	2012-12-31	2027-01-01
ad56724a-CGI_-_Livre_I_-_Premi_re_Partie_-_T	281 sexies	stable	LEGIARTI000006309516	2001-03-31	LEGIARTI000006309516	2001-03-31	2027-01-01
ad56724a-CGI_-_Livre_I_-_Premi_re_Partie_-_T	284	stable	LEGIARTI000053561652	2026-02-21	LEGIARTI000053561652	2026-02-21	2027-01-01
ad56724a-CGI_-_Livre_I_-_Premi_re_Partie_-_T	285 bis	stable	LEGIARTI000051215143	2025-03-01	LEGIARTI000051215143	2025-03-01	2222-02-22
ad56724a-CGI_-_Livre_I_-_Premi_re_Partie_-_T	286 ter	stable	LEGIARTI000048826954	2025-01-01	LEGIARTI000048826954	2025-01-01	2222-02-22
ad56724a-CGI_-_Livre_I_-_Premi_re_Partie_-_T	287	stable	LEGIARTI000048826856	2025-01-01	LEGIARTI000048826856	2025-01-01	2222-02-22
ad56724a-CGI_-_Livre_I_-_Premi_re_Partie_-_T	289 B	stable	LEGIARTI000048826837	2025-01-01	LEGIARTI000048826837	2025-01-01	2222-02-22
ad56724a-CGI_-_Livre_I_-_Premi_re_Partie_-_T	290 bis	stable	LEGIARTI000006304458	1993-01-01	LEGIARTI000006304458	1993-01-01	2222-02-22
ad56724a-CGI_-_Livre_I_-_Premi_re_Partie_-_T	290 quater	stable	LEGIARTI000018619290	2008-04-03	LEGIARTI000018619290	2008-04-03	2222-02-22
ad56724a-CGI_-_Livre_I_-_Premi_re_Partie_-_T	290 quinquies	stable	LEGIARTI000006304459	1982-09-01	LEGIARTI000006304459	1982-09-01	2222-02-22
ad56724a-CGI_-_Livre_I_-_Premi_re_Partie_-_T	293 A quater	stable	LEGIARTI000044894135	2022-01-01	LEGIARTI000044894135	2022-01-01	2222-02-22
ad56724a-CGI_-_Livre_I_-_Premi_re_Partie_-_T	293 B	stable	LEGIARTI000052488142	2025-03-01	LEGIARTI000052488142	2025-03-01	2027-01-01
ad56724a-CGI_-_Livre_I_-_Premi_re_Partie_-_T	293 B bis	stable	LEGIARTI000051215133	2025-03-01	LEGIARTI000051215133	2025-03-01	2222-02-22
ad56724a-CGI_-_Livre_I_-_Premi_re_Partie_-_T	293 B ter	stable	LEGIARTI000048799414	2025-01-01	LEGIARTI000048799414	2025-01-01	2222-02-22
ad56724a-CGI_-_Livre_I_-_Premi_re_Partie_-_T	293 BA	stable	LEGIARTI000048826696	2025-01-01	LEGIARTI000048826696	2025-01-01	2027-01-01
ad56724a-CGI_-_Livre_I_-_Premi_re_Partie_-_T	293 C	stable	LEGIARTI000048826686	2025-01-01	LEGIARTI000048826686	2025-01-01	2027-01-01
ad56724a-CGI_-_Livre_I_-_Premi_re_Partie_-_T	293 D	stable	LEGIARTI000052488147	2025-03-01	LEGIARTI000052488147	2025-03-01	2027-01-01
ad56724a-CGI_-_Livre_I_-_Premi_re_Partie_-_T	293 E	stable	LEGIARTI000048826675	2025-01-01	LEGIARTI000048826675	2025-01-01	2222-02-22
ad56724a-CGI_-_Livre_I_-_Premi_re_Partie_-_T	293 F	stable	LEGIARTI000006304492	1999-03-31	LEGIARTI000006304492	1999-03-31	2222-02-22
ad56724a-CGI_-_Livre_I_-_Premi_re_Partie_-_T	293-0 B	stable	LEGIARTI000048799371	2025-01-01	LEGIARTI000048799371	2025-01-01	2027-01-01
ad56724a-CGI_-_Livre_I_-_Premi_re_Partie_-_T	294	stable	LEGIARTI000027978194	2014-01-01	LEGIARTI000027978194	2014-01-01	2027-01-01
ad56724a-CGI_-_Livre_I_-_Premi_re_Partie_-_T	295	stable	LEGIARTI000053545643	2026-02-21	LEGIARTI000053545643	2026-02-21	2027-01-01
ad56724a-CGI_-_Livre_I_-_Premi_re_Partie_-_T	296	stable	LEGIARTI000028419532	2014-01-01	LEGIARTI000028419532	2014-01-01	2027-01-01
ad56724a-CGI_-_Livre_I_-_Premi_re_Partie_-_T	296 bis	stable	LEGIARTI000006309578	1993-01-01	LEGIARTI000006309578	1993-01-01	2027-01-01
ad56724a-CGI_-_Livre_I_-_Premi_re_Partie_-_T	296 quater	stable	LEGIARTI000041407311	2021-07-01	LEGIARTI000041407311	2021-07-01	2222-02-22
ad56724a-CGI_-_Livre_I_-_Premi_re_Partie_-_T	296 ter	stable	LEGIARTI000042159598	2020-07-25	LEGIARTI000042159598	2020-07-25	2027-01-01
ad56724a-CGI_-_Livre_I_-_Premi_re_Partie_-_T	298 decies	stable	LEGIARTI000026944648	2012-03-24	LEGIARTI000026944648	2012-03-24	2027-01-01
ad56724a-CGI_-_Livre_I_-_Premi_re_Partie_-_T	298 nonies	stable	LEGIARTI000021660990	2010-01-01	LEGIARTI000021660990	2010-01-01	2027-01-01
ad56724a-CGI_-_Livre_I_-_Premi_re_Partie_-_T	298 octies	stable	LEGIARTI000026950027	2014-01-01	LEGIARTI000026950027	2014-01-01	2027-01-01
ad56724a-CGI_-_Livre_I_-_Premi_re_Partie_-_T	298 quaterdecies	stable	LEGIARTI000044873394	2022-01-01	LEGIARTI000044873394	2022-01-01	2222-02-22
ad56724a-CGI_-_Livre_I_-_Premi_re_Partie_-_T	298 quindecies	stable	LEGIARTI000006304533	1995-10-27	LEGIARTI000006304533	1995-10-27	2027-01-01
ad56724a-CGI_-_Livre_I_-_Premi_re_Partie_-_T	298 septies	stable	LEGIARTI000044983740	2022-01-01	LEGIARTI000044983740	2022-01-01	2027-01-01
ad56724a-CGI_-_Livre_I_-_Premi_re_Partie_-_T	298 sexdecies	stable	LEGIARTI000006304534	1979-07-01	LEGIARTI000006304534	1979-07-01	2027-01-01
ad56724a-CGI_-_Livre_I_-_Premi_re_Partie_-_T	298 sexdecies A	stable	LEGIARTI000006304536	2000-03-31	LEGIARTI000006304536	2000-03-31	2027-01-01
ad56724a-CGI_-_Livre_I_-_Premi_re_Partie_-_T	298 sexdecies B	stable	LEGIARTI000018035961	2008-01-01	LEGIARTI000018035961	2008-01-01	2222-02-22
ad56724a-CGI_-_Livre_I_-_Premi_re_Partie_-_T	298 sexdecies C	stable	LEGIARTI000006304539	2000-03-31	LEGIARTI000006304539	2000-03-31	2027-01-01
ad56724a-CGI_-_Livre_I_-_Premi_re_Partie_-_T	298 sexdecies D	stable	LEGIARTI000006304541	2000-03-31	LEGIARTI000006304541	2000-03-31	2027-01-01
ad56724a-CGI_-_Livre_I_-_Premi_re_Partie_-_T	298 sexdecies E	stable	LEGIARTI000048638159	2025-07-01	LEGIARTI000048638159	2025-07-01	2222-02-22
ad56724a-CGI_-_Livre_I_-_Premi_re_Partie_-_T	298 sexies A	stable	LEGIARTI000030009931	2014-12-30	LEGIARTI000030009931	2014-12-30	2222-02-22
ad56724a-CGI_-_Livre_I_-_Premi_re_Partie_-_T	298 terdecies	stable	LEGIARTI000048847442	2023-12-31	LEGIARTI000048847442	2023-12-31	2027-01-01
ad56724a-CGI_-_Livre_I_-_Premi_re_Partie_-_T	298 undecies	stable	LEGIARTI000039248210	2019-10-20	LEGIARTI000039248210	2019-10-20	2027-01-01
ad56724a-CGI_-_Livre_I_-_Premi_re_Partie_-_T	300 bis	stable	LEGIARTI000053189823	2026-03-31	LEGIARTI000053189823	2026-03-31	2027-01-01
ad56724a-CGI_-_Livre_I_-_Premi_re_Partie_-_T	302 D bis	stable	LEGIARTI000041472187	2021-01-01	LEGIARTI000041472187	2021-01-01	2222-02-22
ad56724a-CGI_-_Livre_I_-_Premi_re_Partie_-_T	302 F ter	stable	LEGIARTI000043829226	2021-07-21	LEGIARTI000043829226	2021-07-21	2222-02-22
ad56724a-CGI_-_Livre_I_-_Premi_re_Partie_-_T	302 G	stable	LEGIARTI000050085168	2022-01-01	LEGIARTI000050085168	2022-01-01	2222-02-22
ad56724a-CGI_-_Livre_I_-_Premi_re_Partie_-_T	302 H quater	stable	LEGIARTI000021664269	2010-04-01	LEGIARTI000021664269	2010-04-01	2222-02-22
ad56724a-CGI_-_Livre_I_-_Premi_re_Partie_-_T	302 H ter	stable	LEGIARTI000036365528	2018-01-01	LEGIARTI000036365528	2018-01-01	2222-02-22
ad56724a-CGI_-_Livre_I_-_Premi_re_Partie_-_T	302 V bis	stable	LEGIARTI000041472195	2020-01-01	LEGIARTI000041472195	2020-01-01	2222-02-22
ad56724a-CGI_-_Livre_I_-_Premi_re_Partie_-_T	302 bis MB	stable	LEGIARTI000048826666	2025-01-01	LEGIARTI000048826666	2025-01-01	2027-01-01
ad56724a-CGI_-_Livre_I_-_Premi_re_Partie_-_T	302 bis P	stable	LEGIARTI000006304588	1990-06-15	LEGIARTI000006304588	1990-06-15	2027-01-01
ad56724a-CGI_-_Livre_I_-_Premi_re_Partie_-_T	302 bis S	stable	LEGIARTI000041471216	2021-07-01	LEGIARTI000041471216	2021-07-01	2027-01-01
ad56724a-CGI_-_Livre_I_-_Premi_re_Partie_-_T	302 bis U	stable	LEGIARTI000006304604	1990-06-15	LEGIARTI000006304604	1990-06-15	2027-01-01
ad56724a-CGI_-_Livre_I_-_Premi_re_Partie_-_T	302 bis WA	stable	LEGIARTI000022201411	2010-05-01	LEGIARTI000022201411	2010-05-01	2027-01-01
ad56724a-CGI_-_Livre_I_-_Premi_re_Partie_-_T	302 bis WB	stable	LEGIARTI000022201403	2010-05-01	LEGIARTI000022201403	2010-05-01	2027-01-01
ad56724a-CGI_-_Livre_I_-_Premi_re_Partie_-_T	302 bis WC	stable	LEGIARTI000022334934	2010-05-08	LEGIARTI000022334934	2010-05-08	2027-01-01
ad56724a-CGI_-_Livre_I_-_Premi_re_Partie_-_T	302 bis WD	stable	LEGIARTI000028447771	2015-02-01	LEGIARTI000028447771	2015-02-01	2027-01-01
ad56724a-CGI_-_Livre_I_-_Premi_re_Partie_-_T	302 bis WF	stable	LEGIARTI000021664479	2010-01-01	LEGIARTI000021664479	2010-01-01	2027-01-01
ad56724a-CGI_-_Livre_I_-_Premi_re_Partie_-_T	302 bis ZA	stable	LEGIARTI000051217139	2025-02-16	LEGIARTI000051217139	2025-02-16	2027-01-01
ad56724a-CGI_-_Livre_I_-_Premi_re_Partie_-_T	302 bis ZL	stable	LEGIARTI000041480036	2022-01-01	LEGIARTI000041480036	2022-01-01	2027-01-01
ad56724a-CGI_-_Livre_I_-_Premi_re_Partie_-_T	302 bis ZM	stable	LEGIARTI000028447842	2014-01-01	LEGIARTI000028447842	2014-01-01	2027-01-01
a971c8e6-CGI_-_Livre_I_-_Premi_re_Partie_-_T	31	stable	LEGIARTI000053544761	2026-02-21	LEGIARTI000053544761	2026-02-21	2027-01-01
a971c8e6-CGI_-_Livre_I_-_Premi_re_Partie_-_T	39	stable	LEGIARTI000053542680	2026-02-21	LEGIARTI000053542680	2026-02-21	2027-01-01
a971c8e6-CGI_-_Livre_I_-_Premi_re_Partie_-_T	39 quinquies G	stable	LEGIARTI000048805546	2024-01-01	LEGIARTI000048805546	2024-01-01	2222-02-22
a971c8e6-CGI_-_Livre_I_-_Premi_re_Partie_-_T	44 quaterdecies	stable	LEGIARTI000053543403	2026-02-21	LEGIARTI000053543403	2026-02-21	2031-01-01
a971c8e6-CGI_-_Livre_I_-_Premi_re_Partie_-_T	44 sexies-0 A	stable	LEGIARTI000053543750	2026-02-21	LEGIARTI000053543750	2026-02-21	2029-01-01
ad56724a-CGI_-_Livre_I_-_Premi_re_Partie_-_T	723	stable	LEGIARTI000006305303	2005-12-31	LEGIARTI000006305303	2005-12-31	2027-01-01
ad56724a-CGI_-_Livre_I_-_Premi_re_Partie_-_T	730	stable	LEGIARTI000021957582	2010-03-11	LEGIARTI000021957582	2010-03-11	2027-01-01
ad56724a-CGI_-_Livre_I_-_Premi_re_Partie_-_T	790 H	stable	LEGIARTI000029997561	2015-01-01	LEGIARTI000029997561	2015-01-01	2027-01-01
a971c8e6-CGI_-_Livre_I_-_Premi_re_Partie_-_T	80	stable	LEGIARTI000033971416	2017-01-29	LEGIARTI000033971416	2017-01-29	2027-01-01
ad56724a-CGI_-_Livre_I_-_Premi_re_Partie_-_T	809	stable	LEGIARTI000037986535	2019-01-01	LEGIARTI000037986535	2019-01-01	2027-01-01
ad56724a-CGI_-_Livre_I_-_Premi_re_Partie_-_T	828	stable	LEGIARTI000037986458	2019-01-01	LEGIARTI000037986458	2019-01-01	2027-01-01
ad56724a-CGI_-_Livre_I_-_Premi_re_Partie_-_T	881 O	stable	LEGIARTI000053629981	2026-02-21	LEGIARTI000053629981	2026-02-21	2029-01-01
a971c8e6-CGI_-_Livre_I_-_Premi_re_Partie_-_T	93	stable	LEGIARTI000053559885	2026-01-01	LEGIARTI000053559885	2026-01-01	2027-01-01
a971c8e6-CGI_-_Livre_I_-_Premi_re_Partie_-_T	99	stable	LEGIARTI000053546818	2026-02-21	LEGIARTI000053546818	2026-02-21	2027-01-01
ad56724a-CGI_-_Livre_I_-_Premi_re_Partie_-_T	1001	version changée	LEGIARTI000052093322	2026-01-01	LEGIARTI000054373350	2026-07-01	
a971c8e6-CGI_-_Livre_I_-_Premi_re_Partie_-_T	102 ter	version changée	LEGIARTI000053546823	2026-02-21	LEGIARTI000054373747	2026-07-01	
a971c8e6-CGI_-_Livre_I_-_Premi_re_Partie_-_T	119 bis A	version changée	LEGIARTI000051228690	2026-01-01	LEGIARTI000054373745	2026-07-01	
b87844dc-CGI_-_Livre_I_-_Deuxi_me_Partie_Com	1379	version changée	LEGIARTI000053575941	2026-02-21	LEGIARTI000054356151	2026-09-01	
b87844dc-CGI_-_Livre_I_-_Deuxi_me_Partie_Com	1379-0 bis	version changée	LEGIARTI000051219195	2025-02-16	LEGIARTI000054356148	2026-09-01	
b87844dc-CGI_-_Livre_I_-_Deuxi_me_Partie_Com	1382	version changée	LEGIARTI000048835797	2023-12-31	LEGIARTI000054712995	2026-08-20	
b87844dc-CGI_-_Livre_I_-_Deuxi_me_Partie_Com	1383 I	version changée	LEGIARTI000051217671	2025-02-16	LEGIARTI000054373336	2026-07-01	
b87844dc-CGI_-_Livre_I_-_Deuxi_me_Partie_Com	1394	version changée	LEGIARTI000043516167	2021-06-01	LEGIARTI000054712989	2026-08-20	
b87844dc-CGI_-_Livre_I_-_Deuxi_me_Partie_Com	1417	version changée	LEGIARTI000053544248	2026-01-01	LEGIARTI000054373249	2026-07-01	
b87844dc-CGI_-_Livre_I_-_Deuxi_me_Partie_Com	1466 A	version changée	LEGIARTI000053544553	2026-01-01	LEGIARTI000054373245	2026-07-01	
a971c8e6-CGI_-_Livre_I_-_Premi_re_Partie_-_T	150 VH bis	version changée	LEGIARTI000038612228	2019-05-24	LEGIARTI000050366751	2026-07-01	
b87844dc-CGI_-_Livre_I_-_Deuxi_me_Partie_Com	1518 ter	version changée	LEGIARTI000042913678	2020-12-31	LEGIARTI000054373226	2026-07-01	
b87844dc-CGI_-_Livre_I_-_Deuxi_me_Partie_Com	1519 A	version changée	LEGIARTI000051764733	2025-06-19	LEGIARTI000054374023	2026-07-01	2027-01-01
b87844dc-CGI_-_Livre_I_-_Deuxi_me_Partie_Com	1519 B	version changée	LEGIARTI000051764728	2025-06-19	LEGIARTI000054374020	2026-07-01	2027-01-01
b87844dc-CGI_-_Livre_I_-_Deuxi_me_Partie_Com	1519 D	version changée	LEGIARTI000051764719	2025-06-19	LEGIARTI000054373218	2026-07-01	
b87844dc-CGI_-_Livre_I_-_Deuxi_me_Partie_Com	1519 E	version changée	LEGIARTI000051764712	2025-06-19	LEGIARTI000054373211	2026-07-01	
b87844dc-CGI_-_Livre_I_-_Deuxi_me_Partie_Com	1519 F	version changée	LEGIARTI000053545331	2026-02-21	LEGIARTI000054356142	2026-09-01	
b87844dc-CGI_-_Livre_I_-_Deuxi_me_Partie_Com	1519 G	version changée	LEGIARTI000051764696	2025-06-19	LEGIARTI000054373204	2026-07-01	
b87844dc-CGI_-_Livre_I_-_Deuxi_me_Partie_Com	1519 H	version changée	LEGIARTI000051764677	2025-06-19	LEGIARTI000054373185	2026-07-01	
b87844dc-CGI_-_Livre_I_-_Deuxi_me_Partie_Com	1519 HA	version changée	LEGIARTI000051764664	2025-06-19	LEGIARTI000054373172	2026-07-01	
b87844dc-CGI_-_Livre_I_-_Deuxi_me_Partie_Com	1519 HB	version changée	LEGIARTI000051764657	2025-06-19	LEGIARTI000054373165	2026-07-01	
a971c8e6-CGI_-_Livre_I_-_Premi_re_Partie_-_T	154 quinquies	version changée	LEGIARTI000047288608	2023-03-11	LEGIARTI000054336634	2026-06-27	
a971c8e6-CGI_-_Livre_I_-_Premi_re_Partie_-_T	156	version changée	LEGIARTI000053544806	2026-02-21	LEGIARTI000054373682	2026-07-01	
a971c8e6-CGI_-_Livre_I_-_Premi_re_Partie_-_T	157 bis	version changée	LEGIARTI000051765211	2025-06-19	LEGIARTI000054373677	2026-07-01	
a971c8e6-CGI_-_Livre_I_-_Premi_re_Partie_-_T	158	version changée	LEGIARTI000053542725	2026-01-01	LEGIARTI000054373673	2026-07-01	
b87844dc-CGI_-_Livre_I_-_Deuxi_me_Partie_Com	1586	version changée	LEGIARTI000046897004	2023-01-01	LEGIARTI000054356130	2026-09-01	
b87844dc-CGI_-_Livre_I_-_Deuxi_me_Partie_Com	1586 nonies	version changée	LEGIARTI000051765414	2025-06-19	LEGIARTI000054374005	2026-07-01	2030-01-01
b87844dc-CGI_-_Livre_I_-_Deuxi_me_Partie_Com	1594 F septies	version changée	LEGIARTI000051177296	2025-02-16	LEGIARTI000054373157	2026-07-01	
b87844dc-CGI_-_Livre_I_-_Deuxi_me_Partie_Com	1599 quater A	version changée	LEGIARTI000051764641	2025-06-19	LEGIARTI000054373150	2026-07-01	
b87844dc-CGI_-_Livre_I_-_Deuxi_me_Partie_Com	1599 quater A bis	version changée	LEGIARTI000051764477	2025-06-19	LEGIARTI000054373143	2026-07-01	
b87844dc-CGI_-_Livre_I_-_Deuxi_me_Partie_Com	1599 quater B	version changée	LEGIARTI000051764630	2025-06-19	LEGIARTI000054373136	2026-07-01	
b87844dc-CGI_-_Livre_I_-_Deuxi_me_Partie_Com	1599 quater C	version changée	LEGIARTI000053544558	2026-01-01	LEGIARTI000054373125	2026-07-01	
b87844dc-CGI_-_Livre_I_-_Deuxi_me_Partie_Com	1600-0 E	version changée	LEGIARTI000006306499	2006-01-01	LEGIARTI000054373117	2026-07-01	
b87844dc-CGI_-_Livre_I_-_Deuxi_me_Partie_Com	1609 B	version changée	LEGIARTI000051659482	2025-08-08	LEGIARTI000054373110	2026-07-01	
b87844dc-CGI_-_Livre_I_-_Deuxi_me_Partie_Com	1609 H	version changée	LEGIARTI000051764614	2025-06-19	LEGIARTI000054373107	2026-07-01	
b87844dc-CGI_-_Livre_I_-_Deuxi_me_Partie_Com	1609 I	version changée	LEGIARTI000051764612	2025-06-19	LEGIARTI000054373104	2026-07-01	
b87844dc-CGI_-_Livre_I_-_Deuxi_me_Partie_Com	1609 nonies C	version changée	LEGIARTI000053548272	2026-02-21	LEGIARTI000054356088	2026-09-01	
b87844dc-CGI_-_Livre_I_-_Deuxi_me_Partie_Com	1613 ter	version changée	LEGIARTI000052022129	2025-08-02	LEGIARTI000054374000	2026-07-01	2027-01-01
b87844dc-CGI_-_Livre_I_-_Deuxi_me_Partie_Com	1635 bis Q	version changée	LEGIARTI000053547096	2026-02-21	LEGIARTI000054373093	2026-07-01	
b87844dc-CGI_-_Livre_I_-_Deuxi_me_Partie_Com	1635 quater H	version changée	LEGIARTI000051764598	2025-06-19	LEGIARTI000054373090	2026-07-01	
b87844dc-CGI_-_Livre_I_-_Deuxi_me_Partie_Com	1635 quater J	version changée	LEGIARTI000051764596	2025-06-19	LEGIARTI000054373087	2026-07-01	
b87844dc-CGI_-_Livre_I_-_Deuxi_me_Partie_Com	1635 quater K	version changée	LEGIARTI000051764594	2025-06-19	LEGIARTI000054373084	2026-07-01	
b87844dc-CGI_-_Livre_I_-_Deuxi_me_Partie_Com	1647	version changée	LEGIARTI000053562192	2026-03-01	LEGIARTI000054373998	2026-07-01	2222-02-22
b87844dc-CGI_-_Livre_I_-_Deuxi_me_Partie_Com	1647 D	version changée	LEGIARTI000052093335	2026-01-01	LEGIARTI000054373077	2026-07-01	
0ac87529-CGI_-_Livre_II_-_Recouvrement_Compa	1679 A	version changée	LEGIARTI000053278878	2025-12-31	LEGIARTI000054373070	2026-07-01	
a971c8e6-CGI_-_Livre_I_-_Premi_re_Partie_-_T	168	version changée	LEGIARTI000051765196	2025-06-19	LEGIARTI000054373636	2026-07-01	
a971c8e6-CGI_-_Livre_I_-_Premi_re_Partie_-_T	182 A	version changée	LEGIARTI000053543850	2026-02-21	LEGIARTI000054373628	2026-07-01	
a971c8e6-CGI_-_Livre_I_-_Premi_re_Partie_-_T	193	version changée	LEGIARTI000051213183	2025-02-16	LEGIARTI000054373592	2026-07-01	
a971c8e6-CGI_-_Livre_I_-_Premi_re_Partie_-_T	199 sexdecies	version changée	LEGIARTI000053543952	2026-02-21	LEGIARTI000054251333	2026-06-14	
a971c8e6-CGI_-_Livre_I_-_Premi_re_Partie_-_T	204 D	version changée	LEGIARTI000053543860	2026-02-21	LEGIARTI000054373571	2026-07-01	
a971c8e6-CGI_-_Livre_I_-_Premi_re_Partie_-_T	204 H	version changée	LEGIARTI000053542654	2026-02-21	LEGIARTI000054373568	2026-07-01	
a971c8e6-CGI_-_Livre_I_-_Premi_re_Partie_-_T	206	version changée	LEGIARTI000051765059	2025-06-19	LEGIARTI000054373514	2026-07-01	
a971c8e6-CGI_-_Livre_I_-_Premi_re_Partie_-_T	207	version changée	LEGIARTI000044875929	2026-04-01	LEGIARTI000054373456	2026-07-01	2027-01-01
a971c8e6-CGI_-_Livre_I_-_Premi_re_Partie_-_T	213	version changée	LEGIARTI000048847356	2023-12-31	LEGIARTI000054373444	2026-07-01	
a971c8e6-CGI_-_Livre_I_-_Premi_re_Partie_-_T	223 VK	version changée	LEGIARTI000053545738	2026-02-21	LEGIARTI000054373422	2026-07-01	
a971c8e6-CGI_-_Livre_I_-_Premi_re_Partie_-_T	231	version changée	LEGIARTI000051764961	2025-06-19	LEGIARTI000054370158	2026-07-01	2027-01-01
a971c8e6-CGI_-_Livre_I_-_Premi_re_Partie_-_T	231 quater	version changée	LEGIARTI000053546004	2026-02-21	LEGIARTI000054374077	2026-07-01	2027-01-01
a971c8e6-CGI_-_Livre_I_-_Premi_re_Partie_-_T	231 ter	version changée	LEGIARTI000053544482	2026-01-01	LEGIARTI000054713030	2026-08-20	
a971c8e6-CGI_-_Livre_I_-_Premi_re_Partie_-_T	238 bis	version changée	LEGIARTI000051217200	2025-02-16	LEGIARTI000054402913	2026-07-10	2027-01-01
ad56724a-CGI_-_Livre_I_-_Premi_re_Partie_-_T	286	version changée	LEGIARTI000053546765	2026-02-21	LEGIARTI000054337091	2026-06-27	2222-02-22
ad56724a-CGI_-_Livre_I_-_Premi_re_Partie_-_T	299 septies	version changée	LEGIARTI000053189817	2026-03-31	LEGIARTI000054374033	2026-07-01	2027-01-01
ad56724a-CGI_-_Livre_I_-_Premi_re_Partie_-_T	302 bis ZG	version changée	LEGIARTI000052022136	2025-08-02	LEGIARTI000054373392	2026-07-01	
ad56724a-CGI_-_Livre_I_-_Premi_re_Partie_-_T	302 bis ZI	version changée	LEGIARTI000051764882	2025-06-19	LEGIARTI000054373381	2026-07-01	
ad56724a-CGI_-_Livre_I_-_Premi_re_Partie_-_T	302 decies	version changée	LEGIARTI000053187669	2026-03-31	LEGIARTI000054373376	2026-07-01	
ad56724a-CGI_-_Livre_I_-_Premi_re_Partie_-_T	363	version changée	LEGIARTI000006309798	1999-03-31	LEGIARTI000054591224	2026-07-29	2029-01-01
a971c8e6-CGI_-_Livre_I_-_Premi_re_Partie_-_T	39 decies C	version changée	LEGIARTI000053545280	2026-02-21	LEGIARTI000054373968	2026-07-01	
a971c8e6-CGI_-_Livre_I_-_Premi_re_Partie_-_T	50-0	version changée	LEGIARTI000051219252	2025-02-16	LEGIARTI000054373853	2026-07-01	
ad56724a-CGI_-_Livre_I_-_Premi_re_Partie_-_T	568	version changée	LEGIARTI000048638137	2025-07-01	LEGIARTI000054591219	2026-07-29	2029-01-01
a971c8e6-CGI_-_Livre_I_-_Premi_re_Partie_-_T	69	version changée	LEGIARTI000048833539	2024-01-01	LEGIARTI000054373846	2026-07-01	
a971c8e6-CGI_-_Livre_I_-_Premi_re_Partie_-_T	71	version changée	LEGIARTI000053543995	2026-02-21	LEGIARTI000054373841	2026-07-01	
a971c8e6-CGI_-_Livre_I_-_Premi_re_Partie_-_T	73	version changée	LEGIARTI000053561918	2026-02-21	LEGIARTI000054373816	2026-07-01	
ad56724a-CGI_-_Livre_I_-_Premi_re_Partie_-_T	786	version changée	LEGIARTI000045765214	2022-05-07	LEGIARTI000054373359	2026-07-01	
ad56724a-CGI_-_Livre_I_-_Premi_re_Partie_-_T	792-0 bis	version changée	LEGIARTI000037526690	2018-12-01	LEGIARTI000054335294	2026-06-27	
a971c8e6-CGI_-_Livre_I_-_Premi_re_Partie_-_T	81	version changée	LEGIARTI000053560507	2026-02-21	LEGIARTI000054703556	2026-08-19	2029-01-01
a971c8e6-CGI_-_Livre_I_-_Premi_re_Partie_-_T	83	version changée	LEGIARTI000053545390	2026-02-21	LEGIARTI000054373766	2026-07-01	
a971c8e6-CGI_-_Livre_I_-_Premi_re_Partie_-_T	92	version changée	LEGIARTI000044983291	2023-01-01	LEGIARTI000054335303	2026-06-27	
ad56724a-CGI_-_Livre_I_-_Premi_re_Partie_-_T	990 E	version changée	LEGIARTI000028441448	2014-01-04	LEGIARTI000054334448	2026-06-27	
ad56724a-CGI_-_Livre_I_-_Premi_re_Partie_-_T	990 F	version changée	LEGIARTI000030061776	2015-01-01	LEGIARTI000054334436	2026-06-27	
