piece	article	alinea	avant	texte_insere	apres
LivreI_3e_partie	1654	3		.	
LivreI_3e_partie	1655	1	s du Haut-Rhin, du Bas-Rhin et de la Moselle,	Les personnes qui	servent des repas, vendent des boissons à con
LivreII_recouvrement	1681 ter	1	itation sur les résidences secondaires et les	Les	taxes foncières sont recouvrées dans les cond
LivreII_recouvrement	1727	17	– Le taux de l'intérêt de retard est de 0,20	1	% par mois. Il s'applique sur le montant des 
LivreII_recouvrement	1728	4	80	100	% en cas de découverte d'une activité occulte
LivreII_recouvrement	1741	1	ales applicables, d'un emprisonnement de cinq	dix	ans et d'une amende de 500 000 €, dont le mon
LivreII_recouvrement	1741	1	isonnement de cinq ans et d'une amende de 500	5.000.	000 €, dont le montant peut être porté au dou
LivreII_recouvrement	1741	1	 €, dont le montant peut être porté au double	triple	du produit tiré de l'infraction.
LivreII_recouvrement	1741	2	Les peines sont portées à sept	svingt	ans d'emprisonnement et à une amende de 3 000
LivreII_recouvrement	1741	2	ept ans d'emprisonnement et à une amende de 3	30.	000 000 €, dont le montant peut être porté au
LivreII_recouvrement	1741	2	ans d'emprisonnement et à une amende de 3 000	.	000 €, dont le montant peut être porté au dou
LivreI_1re_partie_TitreI	1 A	1	ément aux dispositions des articles 156 à 168	du présent code	.
LivreI_1re_partie_TitreI	4 B	7	ins des critères fixés aux a à c du présent 1	ci-avant	ne peuvent toutefois pas être considérées com
LivreI_1re_partie_TitreI	4 bis	3	2° Les	les	personnes de nationalité française ou étrangè
LivreI_1re_partie_TitreI	6	1	charge au sens des articles 196 et 196 A bis.	mineurs dont il a la charge.	Les revenus perçus par les enfants réputés à 
LivreI_1re_partie_TitreI	6	1	et l'autre de leurs parents sont, sauf preuve	décision	contraire, réputés également partagés entre l
LivreI_1re_partie_TitreI	6	19	Abrogé	mineurs	
LivreI_1re_partie_TitreI	8	1	, lorsque ces sociétés n'ont pas opté pour le	non soumises de plein droit au	régime fiscal des sociétés
LivreI_1re_partie_TitreI	8	2	de capitaux,	et n'ayant pas opté pour ce régime fiscal sont	personnellement soumis à l'impôt sur le reven
LivreI_1re_partie_TitreI	13	2	et de l'abattement prévu à l'article 157 bis.	déterminés selon les règles prévues par le présent code.	
LivreI_1re_partie_TitreI	13	5	yer fiscal désignés aux 1 et 3 de l'article 6	ses enfants mineurs	possèdent en tant qu'associés ou membres de s
LivreI_1re_partie_TitreI	13	5	ssociés ou membres de sociétés ou groupements	non	soumis au régime fiscal des sociétés de perso
LivreI_1re_partie_TitreI	13	5	és ou groupements soumis au régime fiscal des	à l’impôt sur les	sociétés de personnes mentionné à l'article 8
LivreI_1re_partie_TitreI	14	1	éserve des dispositions de l'article 15, sont	Sont	compris dans la catégorie des revenus foncier
LivreI_1re_partie_TitreI	14	2	1° Les	, les	revenus des propriétés bâties, telles que mai
LivreI_1re_partie_TitreI	14	3	 attaché au fonds à perpétuelle demeure, dans	propriétés non bâties,	les conditions indiquées au premier paragraph
LivreI_1re_partie_TitreI	14	3	e l'article 525 du code civil ou reposant sur	revenus qui y sont accessoires et les revenus	des fondations spéciales faisant corps avec l
LivreI_1re_partie_TitreI	14	5	n un point fixe et aménagés pour l'habitation	l’habitation	, le commerce ou l'industrie, même s'ils sont
LivreI_1re_partie_TitreI	32	1		Le revenu foncier	
LivreI_1re_partie_TitreI	32	5	s revenus fonciers perçus par le foyer fiscal	contribuable et, le cas échéant, ses enfants mineurs	. Les contribuables concernés portent directe
LivreI_1re_partie_TitreI	33 quater	1	ur ajoutée pour les loyers de leurs immeubles	propriétés bâties ou non bâties	, les recettes brutes ainsi que les dépenses 
LivreI_1re_partie_TitreI	36	1	nier bilan, lorsque cette période ne coincide	coïncide	pas avec l'année civile.
LivreI_1re_partie_TitreI	38	1	rticles 33 ter, 40 à 43 bis et 151 sexies, le	Le	bénéfice imposable est le bénéfice net, déter
LivreI_1re_partie_TitreI	38	17	inéa de l'article 38 bis A évaluent les titre	titres	libellés en monnaie étrangère à la clôture de
LivreI_1re_partie_TitreI	38	19	d'investissement	d’investissement	mentionnés à l'article 38 bis B et des titres
LivreI_1re_partie_TitreI	38	40		.	
LivreI_1re_partie_TitreI	38	58	'acquisition des actions remises à l'échange.	.	
LivreI_1re_partie_TitreI	38	62	nt été conservés jusqu'à cette échéance. Pour	œuvre de la garantie prévue par le contrat.	
LivreI_1re_partie_TitreI	38	73	usion ou d'une scission de sociétés peut être	est	compris dans le résultat de l'exercice au cou
LivreI_1re_partie_TitreI	38	87	 de la valeur actuelle pour les obligations ;	.	
LivreI_1re_partie_TitreI	38	93	erminée en fonction de leur prix de revient ;	.	
LivreI_1re_partie_TitreI	39	1	ction de toutes charges, celles-ci comprenant	engagées dans l’intérêt de l’entreprise et constatées conformément aux règles comptables applicables	, sous réserve des dispositions du 5, notamme
LivreI_1re_partie_TitreI	39	19		présent article.	Toutefois, ne sont pas admis en déduction les
LivreI_1re_partie_TitreI	39	30	ent au cours de l'exercice, à l'exception des	Ne sont pas déductibles du bénéfice imposable l’impôt sur lequel ce bénéfice est assis, ainsi que les	impôts prélevés par un Etat ou territoire con
LivreI_1re_partie_TitreI	39	30	t complémentaire mentionné au deuxième alinéa	.	
LivreI_1re_partie_TitreI	39	89	nies comprennent notamment les amortissements	qui ne sont pas engagées dans l’intérêt de l’entreprise	.
LivreI_1re_partie_TitreI	39	140	 dont le taux effectif est au moins égal à 25	23	% sont exclues des charges déductibles pour l
LivreI_1re_partie_TitreI	39	140	ntant des redevances par le rapport entre, au	numérateur, la différence entre 23 % et le taux effectif d'imposition auquel ont été soumises les redevances et, au dénominateur, 23 %.	
LivreI_1re_partie_TitreI	39	145	1° Est	est	établie dans un Etat qui n'est ni membre de l
LivreI_1re_partie_TitreI	39	145	à l'accord sur l'Espace économique européen ;	.	
LivreI_1re_partie_TitreI	39	148	Le premier alinéa ne s'applique pas aux aides	qui sont	consenties en application d'un accord constat
LivreI_1re_partie_TitreI	39	148	merce ni aux aides consenties aux entreprises	l’intérêt social de l’entreprise aidante sous réserve qu’elles constituent un produit imposable	pour lesquelles une procédure de sauvegarde, 
LivreI_1re_partie_TitreI	39	148	aire ou de liquidation judiciaire est ouverte	l’entreprise aidée	.
LivreI_1re_partie_TitreI	39 C	1	modalités fixées par décret en conseil d'Etat	conformément aux règles comptables applicables	.
LivreI_1re_partie_TitreI	39 D	1	durée normale d'utilisation de chaque élément	, conformément aux principes comptables applicables	.
LivreI_1re_partie_TitreI	39 D	2	te disposition n'est pas applicable en cas de	Article 39 duodecies A	
LivreI_1re_partie_TitreI	39 D	3		La plus-value réalisée lors de la cession d'un contrat de crédit-	bail à construction passé dans les conditions
LivreI_1re_partie_TitreI	39 D	3	bail à construction passé	conclu	dans les conditions prévues par les articles 
LivreI_1re_partie_TitreI	39 D	3	es conditions prévues par les articles L 251-	aux	1 à L 251-8 du code de la construction et de 
LivreI_1re_partie_TitreI	39 D	3	251-1 à L 251-8 du code de la construction et	2	de l'habitation.
LivreI_1re_partie_TitreI	39 duodecies A	20	Les	Ces	dispositions des 1 à 5 s'appliquent aux droit
LivreI_1re_partie_TitreI	39 quindecies	1		- 1.	Sous réserve des dispositions de l'article 41
LivreI_1re_partie_TitreI	39 quindecies	1	Sous réserve des dispositions de l'article	des articles	41, les plus-values nettes constatées en cas 
LivreI_1re_partie_TitreI	39 quindecies	8	ance n° 2013-676 du 25 juillet 2013 modifiant	151 octies et 210 A à 210 C,	le cadre juridique de la gestion d'actifs ou 
LivreI_1re_partie_TitreI	39 quaterdecies	1	réalisation et sur les deux années suivantes.	values fait l'objet d'une imposition séparée au taux de 30 %, à l’exception de la fraction correspondant à la reprise des amortissements antérieurement pratiqués qui est imposable au taux de 23%.	
LivreI_1re_partie_TitreI	39 quaterdecies	2	 même nature qui ont été effectivement subies	constatées	au cours du même exercice.
LivreI_1re_partie_TitreI	50-0	1	 article pour l'imposition de leurs bénéfices	toutes	les entreprises dont
LivreI_1re_partie_TitreI	50-0	1	ition de leurs bénéfices les entreprises dont	Le résultat imposable, avant prise en compte des plus-values ou des moins-values provenant de la cession des biens affectés à l'exploitation, est égal au montant du chiffre d'affaires hors taxes diminué :	
LivreI_1re_partie_TitreI	50-0	2		d'un abattement de 71 % pour	le chiffre d'affaires hors taxes, ajusté s'il
LivreI_1re_partie_TitreI	50-0	3	1° 188 700 € s'il s'agit d'entreprises	réalisé par des entreprises	dont le commerce principal est de vendre des 
LivreI_1re_partie_TitreI	50-0	3	on meublés ou destinés à être loués meublés ;	,	
LivreI_1re_partie_TitreI	50-0	9		d'un abattement de 50 % pour le chiffre d'affaires réalisé par d’autres entreprises	
LivreI_1re_partie_TitreI	50-0	10	onditions prévues aux articles 39 duodecies à	à l’article	39 quindecies, sous réserve de l'article 151 
LivreI_1re_partie_TitreI	50-0	16	Les	les	personnes morales passibles de l'impôt sur le
LivreI_1re_partie_TitreI	50-0	27		L'option pour un régime réel d'imposition est définitive.	
LivreI_1re_partie_TitreI	53 A	1	soumis au régime défini à l'article 50-0 (1),	,	sont tenus de souscrire chaque année, dans le
LivreI_1re_partie_TitreI	55	1	nt à la procédure prévue à l'article L. 55 du	aux règles énoncées dans le	livre des procédures fiscales (1).
LivreI_1re_partie_TitreI	55	1	e L. 55 du livre des procédures fiscales (1).	.	
LivreI_1re_partie_TitreI	63	8	e l'éducation populaire et du sport mention "	«	attelages canins ”.
LivreI_1re_partie_TitreI	63	8	ire et du sport mention " attelages canins ”.	».	
LivreI_1re_partie_TitreI	64 bis	9	 titre de laquelle la renonciation s'applique	irrévocable	.
LivreI_1re_partie_TitreI	69	2	 d'imposition s'applique aux petits et moyens	Les	exploitants agricoles relevant de l'impôt sur
LivreI_1re_partie_TitreI	72	1	ncidence sur la gestion, qui sont notamment :	.	
LivreI_1re_partie_TitreI	72 E bis	1	rs taxes sous déduction d'un abattement de 87	.	
LivreI_1re_partie_TitreI	73 E	2	rticle 73 du deuxième alinéa du 3 del'article	de l'article	75-0 A, de l'avant-dernier alinéa de l'articl
LivreI_1re_partie_TitreI	73 E	4	ait application du régime défini aux articles	à l’article	39 duodecies et suivants. Si les contribuable
LivreI_1re_partie_TitreI	73 E	4	 défini aux articles 39 duodecies et suivants	quindecies	. Si les contribuables ne produisent pas ces 
LivreI_1re_partie_TitreI	80	1	même code sont considérés comme des salaires.	sont considérés comme des salaires.	
LivreI_1re_partie_TitreI	80	3	ème alinéas du d du 1° du 7 de l'article 261.	.	
LivreI_1re_partie_TitreI	80 decies	1	es au premier alinéa de l'article 163-0 A bis	traitements et salaires	.
LivreI_1re_partie_TitreI	80 decies	2	rofessionnel, à l'exclusion de la part de ces	.	
LivreI_1re_partie_TitreI	80 undecies	1	emnité parlementaire, définie à l'article 1er	Les indemnités parlementaires	de l'ordonnance n° 58-1210 du 13 décembre 195
LivreI_1re_partie_TitreI	80 undecies	2	ance n° 58-1210 du 13 décembre 1958 précitée,	toute nature	sont imposables à l'impôt sur le revenu suiva
LivreI_1re_partie_TitreI	80 undecies A	1	uel et l'indemnité de résidence que reçoivent	Les indemnités de toute nature reçues par	le Président de la République, le Premier min
LivreI_1re_partie_TitreI	80 undecies B	1	– Les indemnités de fonction	toute nature	perçues par les élus locaux en application du
LivreI_1re_partie_TitreI	81 D	4		.	
LivreI_1re_partie_TitreI	83	2	 cotisations de sécurité sociale, y compris :	obligatoires ;	
LivreI_1re_partie_TitreI	83	3		2°	Les cotisations d'assurance vieillesse versée
LivreI_1re_partie_TitreI	83	4	ons réglementaires ayant le même objet prises	versements effectués	sur le fondement de l'article L. 711-1 du cod
LivreI_1re_partie_TitreI	83	11	rendue obligatoire en application d'un accord	compte-épargne	prévu à l'article L. 827-2 du code général de
LivreI_1re_partie_TitreI	83	11	cation d'un accord prévu à l'article L. 827-2	l’article 163 quinquies D	du code général de la fonction publique ou en
LivreI_1re_partie_TitreI	93	1	 des dispositions de l'article 151 sexies, il	Il	tient compte des gains ou des pertes provenan
LivreI_1re_partie_TitreI	93	4	ents effectués suivant les règles applicables	charges constatées	en matière de bénéfices industriels et commer
LivreI_1re_partie_TitreI	93	8	ntrat de crédit-bail portant sur un immeuble,	comptabilité sous réserve qu’elles aient été engagées	dans les conditions et limites fixées au 10 d
LivreI_1re_partie_TitreI	93	8	ons et limites fixées au 10 de l'article 39 ;	l’intérêt de l’activité.	
LivreI_1re_partie_TitreI	93 B	1	que, dans une société mentionnée aux articles	à l’article	8 et 8 ter, qui exerce une activité professio
LivreI_1re_partie_TitreI	93 B	6	ligations déclaratives des contribuables (1).	.	
LivreI_1re_partie_TitreI	93 quater	2	er alinéa du I de l'article 39 quindecies, le	à l’impôt au	taux applicable aux opérations mentionnées au
LivreI_1re_partie_TitreI	93 quater	2	tions mentionnées au présent alinéa est de 10	de 30	%.
LivreI_1re_partie_TitreI	93 quater	4	, sur demande expresse du contribuable, faire	actif incorporel fait	l'objet d'un report jusqu'à la cession, au ra
LivreI_1re_partie_TitreI	93 quater	10	ciété des professions libérales réglementées,	,	est reportée au moment où s'opérera la transm
LivreI_1re_partie_TitreI	96	1	régime de la déclaration contrôlée lorsqu'ils	sur option, lorsqu’ils	ne peuvent pas bénéficier du régime défini à 
LivreI_1re_partie_TitreI	96	1	a déclaration contrôlée lorsqu'ils ne peuvent	souhaitent	pas bénéficier du régime défini à l'article 1
LivreI_1re_partie_TitreI	97	1	Les contribuables soumis obligatoirement ou	Les contribuables soumis	sur option au régime de la déclaration contrô
LivreI_1re_partie_TitreI	102 ter	14	Sont exclus de ce régime	les	contribuables qui exercent une activité occul
LivreI_1re_partie_TitreI	103	1	 des membres des sociétés visées aux articles	à l’article	8 et 8 ter, est déterminé dans les conditions
LivreI_1re_partie_TitreI	103	1	 articles 96 à 100 bis ainsi que de l'article	à	102 ter pour l'associé unique d'une société à
LivreI_1re_partie_TitreI	108	1	 sont déterminés les revenus distribués par :	les personnes morales passibles de l’impôt sur les sociétés.	
LivreI_1re_partie_TitreI	108	4	même en l'absence de l'option visée ci-dessus	d’assujettissement à l’impôt sur les sociétés	, aux revenus distribués aux commanditaires d
LivreI_1re_partie_TitreI	109	4	ités fixées par décret en conseil d'Etat (1).	.	
LivreI_1re_partie_TitreI	111	7	Les dépenses et charges dont la déduction	non déductibles	pour l'assiette de l'impôt sur les sociétés e
LivreI_1re_partie_TitreI	111	7	 et charges dont la déduction pour l'assiette	l’assiette	de l'impôt sur les sociétés est interdite en 
LivreI_1re_partie_TitreI	111	7	 dont la déduction pour l'assiette de l'impôt	l’impôt	sur les sociétés est interdite en vertu des d
LivreI_1re_partie_TitreI	115	5	L'apport	l'apport	est placé sous le régime de l'article 210 A ;
LivreI_1re_partie_TitreI	117 quater	1	ujetties à un prélèvement au taux de 12,8 % .	30%.	
LivreI_1re_partie_TitreI	117 quater	6	res détenus dans un plan d'épargne en actions	compte épargne	défini à l'article 163 quinquies D ;
LivreI_1re_partie_TitreI	117 quater	6	 actions défini à l'article 163 quinquies D ;	du code général des impôts ;	
LivreI_1re_partie_TitreI	117 quater	9	sujetties au prélèvement prévu au même I. Les	les	revenus sont déclarés et le prélèvement corre
LivreI_1re_partie_TitreI	117 quater	17	V.-Le prélèvement prévu au I n'est pas	est	libératoire de l'impôt sur le revenu établi d
LivreI_1re_partie_TitreI	119 bis	1	 siège en France ou à l'étranger ou qui n'ont	physiques qui n’ont	pas leur domicile fiscal en France.
LivreI_1re_partie_TitreI	119 ter	1	 retenue à la source prévue au 2 de l'article	à l'article	119 bis n'est pas applicable aux dividendes d
LivreI_1re_partie_TitreI	119 quater	13	sont soumis dans l'Etat membre où il se situe	soumise	à l'impôt sur les sociétés ou à un impôt équi
LivreI_1re_partie_TitreI	125-0 A	1	souscription, soumis à l'impôt sur le revenu.	au taux forfaitaire de 30%.	
LivreI_1re_partie_TitreI	125-0 A	43	s modalités d'application des I à I quinquies	présentes dispositions	et notamment les obligations déclaratives des
LivreI_1re_partie_TitreI	125-0 A	57	s prévues aux 1 ou 2 de l'article 200 A et dû	Ce prélèvement est libératoire de l'impôt sur le revenu	à raison des revenus auxquels s'est appliqué 
LivreI_1re_partie_TitreI	125 A	1	t associées ou actionnaires et portées sur un	compte bloqué individuel, sont assujetties à un prélèvement lorsque la personne qui assure le paiement de ces revenus est établie en France, qu'il s'agisse ou non du débiteur, ce dernier étant établi en France ou hors de France.	
LivreI_1re_partie_TitreI	125 A	14	bis.-Le taux du prélèvement est fixé à 12,8	30	%.
LivreI_1re_partie_TitreI	125 A	22		V.-1. Le prélèvement prévu au I est libératoire de l’impôt sur le revenu.	
LivreI_1re_partie_TitreI	125 D	5	me alinéa du 1 du II de l'article 125-0 A, le	– Le	prélèvement mentionné au II du présent articl
LivreI_1re_partie_TitreI	125 D	5	ticle 125-0 A, le prélèvement mentionné au II	I	du présent article libère les revenus, produi
LivreI_1re_partie_TitreI	150 ter	2	mposés dans les conditions prévues aux 1 ou 2	au taux	de l'article 200 A.
LivreI_1re_partie_TitreI	150 ter	2	itions prévues aux 1 ou 2 de l'article 200 A.	30%.	
LivreI_1re_partie_TitreI	150-0 A	11	is l'ouverture d'un plan d'épargne en actions	compte épargne	défini à l'article 163 quinquies D en cas de 
LivreI_1re_partie_TitreI	150-0 A	11	e 163 quinquies D en cas de retrait de titres	d’actifs	ou de liquidités ou de rachat avant l'expirat
LivreI_1re_partie_TitreI	150-0 A	16	t de capitalisation est inférieure au montant	, minoré	des versements
LivreI_1re_partie_TitreI	150-0 A	17	effectués	qui ont été déduits des sommes imposables à l’impôt	sur le plan depuis son ouverture, compte non 
LivreI_1re_partie_TitreI	150-0 A	17	lisation ait fait l'objet d'un rachat total ;	revenu.	
LivreI_1re_partie_TitreI	150-0 B	1	es dispositions de l'article 150-0 B ter, les	Les	dispositions de l'article 150-0 A ne sont pas
LivreI_1re_partie_TitreI	150-0 B	3	 10 % de la valeur nominale des titres reçus.	..	Toutefois, la plus-value est, à concurrence d
LivreI_1re_partie_TitreI	150-0 B bis	4	 10 % de la valeur nominale des titres reçus.	Ces dispositions sont également applicables aux échanges avec soulte.	Toutefois, la plus-value est, à concurrence d
LivreI_1re_partie_TitreI	150-0 B bis	4	e, imposée au titre de l'année de l'échange ;	.	
LivreI_1re_partie_TitreI	150-0 D	2	e 199 terdecies-0 A, ou, en cas d'acquisition	ou, en cas d’acquisition à titre gratuit, le prix effectif d’acquisition à titre onéreux acquitté par le précédent propriétaire ou, en cas d’acquisitions	à titre gratuit, leur valeur retenue pour la 
LivreI_1re_partie_TitreI	150-0 D	21	 Les actions, parts, droits ou titres ont été	successives, par le dernier contribuable ayant	acquis ou souscrits antérieurement au 1er jan
LivreI_1re_partie_TitreI	150-0 D	21	ouscrits antérieurement au 1er janvier 2018 ;	les titres ou droits à titre onéreux.	
LivreI_1re_partie_TitreI	150-0 D	67		d’acquisition à titre gratuit, le prix effectif d’acquisition à retenir dans les conditions définies ci-avant est majoré des droits de mutation à titre gratuit personnellement acquittés par le cédant.	
LivreI_1re_partie_TitreI	150-0 D	68		Le prix effectif d’acquisition, déterminé dans les conditions précisées ci-avant, doit par ailleurs être corrigé par application d’un coefficient d’érosion monétaire, égal au rapport entre l’indice des prix à la consommation hors table publié par l’Institut national de la statistique et des études économiques au titre de l’année d’acquisition ou de souscription des titres ou droits. Ce coefficient est publié chaque année par arrêté du ministre chargé du budget, sur la base des indices établis par l’Institut national de la statistique et des études économiques.	
LivreI_1re_partie_TitreI	150-0 D	79	rès la clôture d'un plan d'épargne en actions	compte épargne	défini à l'article 163 quinquies D ou leur re
LivreI_1re_partie_TitreI	150-0 D	83		.	Le gain net réalisé depuis l'ouverture d'un p
LivreI_1re_partie_TitreI	150-0 D	83	is l'ouverture d'un plan d'épargne en actions	compte épargne	défini à l'article 163 quinquies D s'entend d
LivreI_1re_partie_TitreI	150-0 D	84	chats n'ayant pas entraîné la clôture du plan	déjà intervenus	.
LivreI_1re_partie_TitreI	150-0 D	86	ge défini à l'article 80 bis du présent code.	.	
LivreI_1re_partie_TitreI	150-0 D	107	Aux	aux	pertes constatées afférentes à des valeurs mo
LivreI_1re_partie_TitreI	150-0 D	107	Aux pertes constatées afférentes	afférents	à des valeurs mobilières ou des droits sociau
LivreI_1re_partie_TitreI	150-0 D	107	 163 bis B, dans un plan d'épargne en actions	compte épargne	défini à l'article 163 quinquies D ou dans un
LivreI_1re_partie_TitreI	150-0 D	107	 plan d'épargne en actions défini à l'article	l’article	163 quinquies D ou dans un plan d'épargne ave
LivreI_1re_partie_TitreI	150-0 D	107	 L. 221-34-2 du code monétaire et financier ;	.	
LivreI_1re_partie_TitreI	150-0 D	110	tenue pour l'assiette des droits de mutation.	du prix effectif d’acquisition à titre onéreux acquitté par le précédent propriétaire ou, en cas d’acquisitions à titre gratuit successives, par le dernier contribuable ayant acquis les titres ou droits à titre onéreux.	Lorsque les titres ont été reçus, à compter d
LivreI_1re_partie_TitreI	150-0 D	111		En cas d’acquisition à titre gratuit, le prix effectif d’acquisition à retenir dans les conditions définies ci-avant est majoré des droits de mutation à titre gratuit personnellement acquittés par le cédant.	
LivreI_1re_partie_TitreI	150-0 D	112	Le	prix effectif d’acquisition, déterminé dans les conditions précisées ci-avant, doit par ailleurs être corrigé par application d’un coefficient d’érosion monétaire, égal au rapport entre l’indice des prix à la consommation hors table publié par l’Institut national de la statistique et des études économiques au titre de l’année d’acquisition ou de souscription des titres ou droits. Ce coefficient est publié chaque année par arrêté du ministre chargé du budget, sur la base des indices établis par l’Institut national de la statistique et des études économiques.	
LivreI_1re_partie_TitreI	150-0 D	114	Des	des	sommes ou valeurs remboursées dans la limite 
LivreI_1re_partie_TitreI	150 A bis	3	 les associés ou membres sont personnellement	passibles de l'impôt sur le revenu pour la part des bénéfices correspondant à leurs droits dans la société ou le groupement. Les conditions d'application de la deuxième phrase du présent alinéa sont précisées par décret. Ces dispositions sont également applicables aux échanges avec soulte. Toutefois, la partie de la plus-value correspondant à la soulte reçue est imposée immédiatement.	
LivreI_1re_partie_TitreI	150 A bis	6		En cas d’échanges avec soulte, la plus-value réalisée lors de l'opération d'échange est, à concurrence du	montant de la soulte reçue par le contribuabl
LivreI_1re_partie_TitreI	150 A bis	7		cette soulte, imposée au titre de l'année de l'échange suivant les dispositions du premier alinéa.	A compter du 1er janvier 2000, lorsque les ti
LivreI_1re_partie_TitreI	150 U	1	étés ou groupements qui relèvent des articles	de l’article	8 à 8 ter, lors de la cession à titre onéreux
LivreI_1re_partie_TitreI	150 UB	1	étés ou groupements qui relèvent des articles	de l’article	8 à 8 ter, dont l'actif est principalement co
LivreI_1re_partie_TitreI	150 UB	4	e exception n'est pas applicable aux échanges	En cas d’échanges	avec soulte lorsque le montant de la soulte r
LivreI_1re_partie_TitreI	150 UC	3	Aux	aux	plus-values de même nature réalisées par les 
LivreI_1re_partie_TitreI	150 VB	1	 pour la détermination des droits de mutation	le prix effectif d’acquisition à titre onéreux acquitté par le précédent propriétaire ou, en cas d’acquisitions	à titre gratuit. A défaut, selon le cas, de p
LivreI_1re_partie_TitreI	150 VB	1	 valeur vénale réelle à la date d'entrée dans	successives, par	le patrimoine du cédant d'après une déclarati
LivreI_1re_partie_TitreI	150 VB	1	claration détaillée et estimative des parties	dernier contribuable ayant acquis les titres ou droits à titre onéreux	.
LivreI_1re_partie_TitreI	150 VB	2		En cas d’acquisition à titre gratuit, le prix effectif d’acquisition à retenir dans les conditions définies ci-avant est majoré des droits de mutation à titre gratuit personnellement acquittés par le cédant.	
LivreI_1re_partie_TitreI	150 VB	11	4	3	° Des dépenses de construction, de reconstruc
LivreI_1re_partie_TitreI	150 VB	14	5	4	° Des frais de voirie, réseaux et distributio
LivreI_1re_partie_TitreI	150 VC	10		II- Le prix effectif d’acquisition déterminé dans les conditions précisées ci-avant, doit par ailleurs être corrigé par application d’un coefficient d’érosion monétaire, égal au rapport entre l’indice des prix à la consommation hors table publié par l’Institut national de la statistique et des études économiques au titre de l’année d’acquisition ou de réalisation des dépenses visées ci-avant. Ce coefficient est publié chaque année par arrêté du ministre chargé du budget, sur la base des indices établis par l’Institut national de la statistique et des études économiques.	
LivreI_1re_partie_TitreI	150 VF	3	iété ou un groupement qui relève des articles	de l’article	8 à 8 ter, l'impôt sur le revenu afférent à l
LivreI_1re_partie_TitreI	150 VG	10	du versement du prix de cession. L'absence de	L'absence de déclaration à l'appui de la réquisition de publier, de la demande d'inscription sur le livre foncier de Mayotte ou de la présentation à l'enregistrement n'entraîne pas le refus du dépôt ou de la formalité ;	
LivreI_1re_partie_TitreI	151 sexies	3	–	.–	La plus-value réalisée lors de la cession d'a
LivreI_1re_partie_TitreI	151 octies	12	e la société bénéficiaire de l'apport dans le	d’un élément d’actif utilisé dans la	cadre d'un contrat d'une durée d'au moins neu
LivreI_1re_partie_TitreI	151 octies	12	 d'un contrat d'une durée d'au moins neuf ans	de l’exploitation	;
LivreI_1re_partie_TitreI	151 octies A	10	Ces dispositions ne sont pas applicables si	à hauteur de	la soulte dépasse 10 % de la valeur nominale 
LivreI_1re_partie_TitreI	151 octies A	10	u dispositif visé au V de l'article 93 quater	éventuellement versée à l’apporteur	.
LivreI_1re_partie_TitreI	151 octies B	12	2° Les	les	droits ou parts reçus en rémunération de l'ap
LivreI_1re_partie_TitreI	151 octies B	12	ts apportés sont cédés, rachetés ou annulés ;	.	
LivreI_1re_partie_TitreI	151 octies C	2	és de personnes défini aux articles 8 à 8 ter	à l’article 8	en association d'avocats telle que visée à l'
LivreI_1re_partie_TitreI	154	1	es et autres prélèvements sociaux en vigueur.	.	Ce salaire est rattaché, à ce titre, à la cat
LivreI_1re_partie_TitreI	154	2	ne société mentionnée aux articles 8 et 8 ter	à l’article 8	.
LivreI_1re_partie_TitreI	154 bis	1	éfice imposable les cotisations à des régimes	sociales	obligatoires, de base ou complémentaires, d'a
LivreI_1re_partie_TitreI	154 bis	4	ticle L. 224-28 du même code ou dans un sous-	réalisés sur un	compte français du produit paneuropéen d'épar
LivreI_1re_partie_TitreI	154 bis	4	 de l'article L. 142-3 du code des assurances	épargne défini aux dispositions de l’article 163 quinquies D du code général des impôts	.
LivreI_1re_partie_TitreI	155	6	d'un élément d'actif immobilisé, les articles	L’article	39 duodecies à 39 novodecies sont applicables
LivreI_1re_partie_TitreI	155	6	39 duodecies à 39 novodecies sont applicables	quindecies est applicable	dans les conditions suivantes :
LivreI_1re_partie_TitreI	156	3	– Du déficit constaté	contribuable et, le cas échéant, ses enfants mineurs. Les déficits constatés	pour une année dans une catégorie de revenus 
LivreI_1re_partie_TitreI	156	5	'exploitations agricoles lorsque le total des	ne sont imputables que sur les	revenus nets d'autres sources excède 127 677 
LivreI_1re_partie_TitreI	156	6	Le montant mentionné	constatés	au premier alinéa est révisé chaque année sel
LivreI_1re_partie_TitreI	156	9	rectement, à l'un des membres du foyer fiscal	des années ultérieures	.
LivreI_1re_partie_TitreI	157	9	 dans le cadre d'un plan d'épargne en actions	compte épargne	défini à l'article 163 quinquies D ; toutefoi
LivreI_1re_partie_TitreI	157	9	s en actions ou parts de sociétés qui ne sont	.	
LivreI_1re_partie_TitreI	162	2	à responsabilité limitée mentionnées au 5° de	visés à	l'article 8, aux associés des sociétés en nom
LivreI_1re_partie_TitreI	162	2	au 1° de l'article 8 et à l'article 8 ter (1)	visés à l’article 8	dont les noms et adresses ont été indiqués à 
LivreI_1re_partie_TitreI	163 quinquies D	1	– Le plan d'épargne en actions	compte épargne	est ouvert et fonctionne conformément aux art
LivreI_1re_partie_TitreI	163 quinquies D	1	onformément aux articles L. 221-30, L. 221-31	[XX]	et
LivreI_1re_partie_TitreI	163 quinquies D	2	L. 221-32	[XX]	du code monétaire et financier
LivreI_1re_partie_TitreI	163 quinquies D	2	L. 221-32 du code monétaire et financier	.	
LivreI_1re_partie_TitreI	164 B	6	ts tirés d'opérations définies à l'article 35	34	, lorsqu'ils sont relatifs à des fonds de com
LivreI_1re_partie_TitreI	164 B	10	oupements qui relèvent des articles 8 à 8 ter	de l’article 8	dont le siège social est situé en France et d
LivreI_1re_partie_TitreI	164 B	12	obiliers cotées mentionnées à l'article 208 C	droits, parts ou d'actions d’entités	dont l'actif est, à la date de la cession, pr
LivreI_1re_partie_TitreI	164 B	12	à l'article 208 C dont l'actif est, à la date	clôture	de la cession, principalement constitué direc
LivreI_1re_partie_TitreI	164 B	12	'article 208 C dont l'actif est, à la date de	l’exercice qui précède	la cession, principalement constitué directem
LivreI_1re_partie_TitreI	174	1	 tenu compte de leurs charges de famille, les	Les	contribuables doivent faire parvenir à l'admi
LivreI_1re_partie_TitreI	182 A	1	ons prévues au IV de l'article 163 bis H, les	Les	traitements, salaires, pensions et rentes via
LivreI_1re_partie_TitreI	182 A	3	mes soumises à retenue qui excède 17 122 € le	au	taux de :
LivreI_1re_partie_TitreI	182 A	3	es à retenue qui excède 17 122 € le taux de :	23%	
LivreI_1re_partie_TitreI	182 A	10		La retenue est libératoire de l’impôt sur le revenu.	
LivreI_1re_partie_TitreI	182 A bis	3	– Le taux de la retenue est fixé à 15	23	%.
LivreI_1re_partie_TitreI	182 A bis	7		– La retenue est libératoire de l’impôt sur le revenu.	
LivreI_1re_partie_TitreI	182 B	8	Il est ramené à 15	23	% pour les rémunérations visées au d du I.
LivreI_1re_partie_TitreI	187	8		Le taux de la retenue à la source prévue à l'article 119 bis est fixé 23 %.	
LivreI_1re_partie_TitreI	197	2	rt de revenu qui excède 11 600 € le taux de :	23%.	
LivreI_1re_partie_TitreI	200 septdecies	1	 4126-8 du code de la défense ouvrent droit à	1° Il est institué	un crédit d'impôt sur le revenu.
LivreI_1re_partie_TitreI	200 septdecies	5	Le versement des cotisations ouvre droit	universel	au bénéfice du crédit d'impôt, sous réserve q
LivreI_1re_partie_TitreI	199 terdecies-0 A	1	I.-A.-Les contribuables domiciliés	résidant	fiscalement en France peuvent bénéficier d'un
LivreI_1re_partie_TitreI	199 terdecies-0 A	1	le à 18 % des versements effectués au titre :	au sens de l'article 4 B du présent code.	
LivreI_1re_partie_TitreI	199 terdecies-0 A	13	C.-Le	2° Le crédit d'impôt est destiné à garantir à chaque bénéficiaire un socle minimal de ressources. Il est servi indépendamment de toute condition de ressources, d'activité professionnelle ou de situation familiale, sous réserve des dispositions du III ci-après.	
LivreI_1re_partie_TitreI	199 terdecies-0 A	14		Le montant mensuel du crédit d'impôt est fixé à 500 € par mois pour les personnes physiques âgés de plus de 18 ans, et à 250 € par mois pour les enfants mineurs, sous réserve des dispositions du III. Il est majoré de 250 € par mois pour toute personne en situation de handicap au sens de l’article [XX] du code de la sécurité sociale. [terme à définir].	
LivreI_1re_partie_TitreI	199 terdecies-0 A	15		Sont éligibles au crédit d'impôt les personnes physiques ayant leur domicile fiscal en France au sens de l'article 4 B depuis plus de 10 ans.	
LivreI_1re_partie_TitreI	199 terdecies-0 A	16		Le crédit d'impôt est versé mensuellement par l'administration fiscale, à terme échu, au plus tard le cinquième jour ouvré du mois suivant celui au titre duquel il est dû.	
LivreI_1re_partie_TitreI	199 terdecies-0 A	17		Le crédit d'impôt s'impute sur le montant de l'impôt sur le revenu dû par le bénéficiaire au titre de l'année au cours de laquelle il a été versé.	
LivreI_1re_partie_TitreI	199 terdecies-0 A	18		Lorsque le montant cumulé du crédit d'impôt versé au titre d'une année excède le montant de l'impôt sur le revenu dû par le contribuable au titre de la même année, l'excédent est acquis au bénéficiaire. Aucune restitution n'est exigée à ce titre.	
LivreI_1re_partie_TitreI	199 terdecies-0 A	19		Les bénéficiaires du crédit d'impôt sont tenus de signaler à l'administration fiscale, dans un délai de trente jours, tout changement de situation susceptible d'affecter leur éligibilité ou le montant de leur droit.	
LivreI_1re_partie_TitreI	199 terdecies-0 A	20		Le crédit d'impôt figure sur l'avis d'imposition du contribuable. Il est mentionné distinctement dans la déclaration de revenus prévue à l'article 170 du présent code.	
LivreI_1re_partie_TitreI	199 terdecies-0 A	21		Les sommes indûment perçues au titre du crédit d'impôt sont recouvrées selon les procédures et sous les garanties prévues en matière d'impôt sur le revenu.	
LivreI_1re_partie_TitreI	199 terdecies-0 A	22		Les manœuvres frauduleuses tendant à obtenir le	bénéfice de l'avantage fiscal prévu au A est 
LivreI_1re_partie_TitreI	199 terdecies-0 A	25	 offrant un complément de rémunération défini	indu du crédit d'impôt sont passibles des sanctions prévues	à l'article L. 314-18 du code de l'énergie, d
LivreI_1re_partie_TitreI	199 terdecies-0 A	55	IV.-Le 5 du I de l'article 197	1741	du présent code est applicable.
LivreI_1re_partie_TitreI	199 terdecies-0 A	72	V.-Un décret fixe les modalités	Un décret en Conseil d'État précise les conditions	d'application du présent article, notamment l
LivreI_1re_partie_TitreI	199 terdecies-0 A	72	application du présent article, notamment les	modalités de liquidation, de versement et de contrôle du crédit d'impôt, ainsi que les conditions dans lesquelles il peut être suspendu ou supprimé en cas de manquement du bénéficiaire à ses	obligations déclaratives incombant aux contri
LivreI_1re_partie_TitreI	200 A	3	de l'impôt en vertu des articles 125-0 A, 155	versés sur un compte épargne défini à l’article 163 quinquies D du code général des impôts., ainsi que des revenus qui sont pris en compte pour la détermination du bénéfice imposable d'une entreprise industrielle, commerciale, artisanale ou agricole, ou d'une profession non commerciale.	
LivreI_1re_partie_TitreI	200 A	10	u premier alinéa du présent 1 est fixé à 12,8	30	% ;
LivreI_1re_partie_TitreI	200 A	14	ue le montant des primes tel que déterminé au	2 ter.	a du présent 2° excède le seuil de 150 000 €,
LivreI_1re_partie_TitreI	200 A	22	 sur le revenu au taux déterminé comme suit :	de 30 %.	
LivreI_1re_partie_TitreI	200 B	1	50 UC sont imposées au taux forfaitaire de 19	30	%. Elles sont imposées aux taux prévus au III
LivreI_1re_partie_TitreI	200 B	1	immobilier mentionnés à l'article 239 nonies,	de l’article 8	qui ne sont pas fiscalement domiciliés en Fra
LivreI_1re_partie_TitreI	200 C	1	bis sont imposées au taux forfaitaire de 12,8	30	%.
LivreI_1re_partie_TitreI	201	2	ables doivent, dans un délai de quarante-cinq	soixante	jours déterminé comme il est indiqué ci-après
LivreI_1re_partie_TitreI	201	3	Le délai de quarante-cinq	soixante	jours commence à courir :
LivreI_1re_partie_TitreI	202	1	mpte mentionné au 2° du 2 de l'article 204 A.	de 23%.	
LivreI_1re_partie_TitreI	202 ter	1	des sociétés de personnes défini aux articles	à l’article	8 à 8 ter cessent totalement ou partiellement
LivreI_1re_partie_TitreI	202 ter	3	oumis à l'un des régimes définis aux articles	au régime défini à l’article	8 à 8 ter,
LivreI_1re_partie_TitreI	202 ter	8	gime ou d'activité mentionné auxdits I et II,	produire le bilan d'ouverture de la première période d'imposition ou du premier exercice au titre duquel le changement prend effet.	
LivreI_1re_partie_TitreI	202 quater	1	associé d'une société mentionnée aux articles	à l’article	8 et 8 ter ou d'une société d'exercice libéra
LivreI_1re_partie_TitreI	202 quater	3	nt lorsqu'une société mentionnée aux articles	à l’article	8 et 8 ter, exerçant une activité libérale, c
LivreI_1re_partie_TitreI	203	2	yer fiscal désignés aux 1 et 3 de l'article 6	le contribuable	au cours de l'année de la cession, de la cess
LivreI_1re_partie_TitreI	204 E	1	odalités prévues aux articles 204 H et 204 I.	de 23%.	
LivreI_1re_partie_TitreI	204 G	1	es ou revenus imposés au barème progressif de	à	l'impôt sur le revenu la dernière année pour 
LivreI_1re_partie_TitreI	204 G	7	s fonciers imputables conformément au 3° du I	minoré	de l'article 156 ;
LivreI_1re_partie_TitreI	204 G	7	bles conformément au 3° du I de l'article 156	l’abattement mentionné à l’article 32	;
LivreI_1re_partie_TitreI	204 G	10	plus-values définies à l'article 39 duodecies	quindecies	, les subventions d'équipement, les indemnité
LivreI_1re_partie_TitreI	204 G	11	-values définies au même article 39 duodecies	quindecies	ne sont pas retenus dans l'assiette de l'acom
LivreI_1re_partie_TitreI	204 L	1	Lorsque l'un des membres du foyer fiscal	Lorsqu’un contribuable	n'est plus titulaire de revenus ou de bénéfic
LivreI_1re_partie_TitreI	206	9	Sont soumis à l'impôt sur les sociétés s'ils	les personnes morales et entités qui	optent pour leur assujettissement à cet impôt
LivreI_1re_partie_TitreI	206	9	dans les conditions prévues à l'article 239 :	.	
LivreI_1re_partie_TitreI	209	3	l'option prévue à l'article 220 quinquies, en	En	cas de déficit subi pendant un exercice, ce d
LivreI_1re_partie_TitreI	209	3	e dudit exercice excédant ce premier montant.	.	Si ce bénéfice n'est pas suffisant pour que l
LivreI_1re_partie_TitreI	209	6	ransférés, sous réserve d'un agrément délivré	à la ou aux sociétés bénéficiaires des apports, et imputables sur ses ou leurs bénéfices ultérieurs	dans les conditions prévues à l'article 1649 
LivreI_1re_partie_TitreI	209	6	grément délivré dans les conditions prévues à	respectivement au troisième alinéa du I du présent article et aux 1 et 2 du VIII de	l'article 1649 nonies, à la ou
LivreI_1re_partie_TitreI	209	6	ions prévues à l'article 1649 nonies, à la ou	212 bis.	
LivreI_1re_partie_TitreI	210	1	Les dispositions du premier alinéa ne	présent article	s'appliquent pas en cas de sortie du régime p
LivreI_1re_partie_TitreI	210	1	, des articles 39 duodecies à 39 quindecies A	plus-values	.
LivreI_1re_partie_TitreI	210	7	e sous l'une de ces formes, à condition que :	la société bénéficiaire de l'apport soit de nationalité française au sens du a du 1° ;	
LivreI_1re_partie_TitreI	210-0 A	3	as 10 % de la valeur nominale de ces titres ;	.	
LivreI_1re_partie_TitreI	210-0 A	4	as 10 % de la valeur nominale de ces titres ;	.	
LivreI_1re_partie_TitreI	210 A	9	u sixième alinéa du 5° du 1 de l'article 39 ;	;	
LivreI_1re_partie_TitreI	210 E bis	1	 aux régimes prévus aux articles 39 duodecies	au régime prévu	à 39 quindecies qui sont réalisés par une ent
LivreI_1re_partie_TitreI	210 E bis	1	ux régimes prévus aux articles 39 duodecies à	l’article	39 quindecies qui sont réalisés par une entre
LivreI_1re_partie_TitreI	212	2	Dans	dans	la limite de ceux calculés d'après le taux pr
LivreI_1re_partie_TitreI	212	2	 indépendants dans des conditions analogues ;	.	
LivreI_1re_partie_TitreI	212 bis	22	ations accessoires facturés au preneur en cas	d'opération de crédit-bail, de location avec option d'achat ou de location de biens mobiliers conclue entre entreprises liées au sens du 12 de l'article 39 ;	
LivreI_1re_partie_TitreI	213	1	 235 ter ZAA et l'impôt sur le revenu ne sont	n’est	pas admis dans les charges déductibles pour l
LivreI_1re_partie_TitreI	216	1	l'article 145, touchés au cours d'un exercice	perçus	par une société mère, peuvent être retranchés
LivreI_1re_partie_TitreI	216	4	à raison d'une participation dans une société	personne morale	soumise à un impôt équivalent à l'impôt sur l
LivreI_1re_partie_TitreI	216	4	ciété soumise à un impôt équivalent à l'impôt	l’impôt	sur les sociétés dans un Etat membre de l'Uni
LivreI_1re_partie_TitreI	216	4	vention d'assistance administrative en vue de	sont exonérées d’impôt sur les sociétés.	
LivreI_1re_partie_TitreI	219	2	Le taux normal de l'impôt	sur les sociétés	est fixé à 25 %. Toutefois :
LivreI_1re_partie_TitreI	219	4	ire déterminé en application de l'article 238	sur titres	est soustrait du résultat soumis au taux norm
LivreI_1re_partie_TitreI	219	4	té sur les bénéfices des exercices ultérieurs	exonéré d’impôt sur les sociétés	.
LivreI_1re_partie_TitreI	219	5	Par Pour	symétrie,	les exercices ouverts à compter du 31 décembr
LivreI_1re_partie_TitreI	219	5	Par Pour les exercices ouverts à compter	moins-values résultant de la cession de ces mêmes titres ne sont pas admises en déduction	du 31 décembre 2007, le montant net des plus-
LivreI_1re_partie_TitreI	219	5	à compter du 31 décembre 2007, le montant net	résultat imposable. Il en va de même	des plus-values à long terme afférentes aux t
LivreI_1re_partie_TitreI	219	5	t net des plus-values à long terme afférentes	dotations	aux titres des
LivreI_1re_partie_TitreI	219	5	lus-values à long terme afférentes aux titres	provisions ou dépréciations comptabilisées à raison de ces titres, qui ne sont pas déductibles, et	des
LivreI_1re_partie_TitreI	219	5	values à long terme afférentes aux titres des	reprises de provisions antérieurement constituées, qui ne sont pas imposables.	
LivreI_1re_partie_TitreI	219	6		Les dispositions du a et du b ne s’applique pas aux titres de sociétés à prépondérance immobilière	
LivreI_1re_partie_TitreI	219	7		Sont exclus du bénéfice de l'exonération prévue au a les titres de	sociétés à prépondérance immobilière définies
LivreI_1re_partie_TitreI	219	9	1° Des titres de	, entendues comme les	sociétés dont l'actif est, à la date de la ce
LivreI_1re_partie_TitreI	219	9	itres de sociétés dont l'actif est, à la date	clôture	de la cession, constitué pour plus de 50 % de
LivreI_1re_partie_TitreI	219	9	es de sociétés dont l'actif est, à la date de	l’exercice précédant	la cession, constitué pour plus de 50 % de sa
LivreI_1re_partie_TitreI	219	48	eubles, des droits portant sur des immeubles,	ou	des droits afférents à un contrat de crédit-b
LivreI_1re_partie_TitreI	219	48	ticle L. 313-7 du code monétaire et financier	immobilier, non affectés par ces sociétés à leur propre exploitation industrielle, commerciale, agricole ou à l'exercice d'une profession non commerciale,	ou par des titres d'autres sociétés à prépond
LivreI_1re_partie_TitreI	219	71	icle 206, soumises à l'impôt sur les sociétés	sont imposées	dans les conditions de droit commun, autres q
LivreI_1re_partie_TitreI	219	92	able mentionnée au 3° nonies de l'article 208	prévu au a du I	.
LivreI_1re_partie_TitreI	223 B	4	et exclus du régime des plus-values ou moins-	. Il est également majoré du montant des dotations complémentaires aux provisions constituées par une société après son entrée dans le groupe, à raison des créances qu'elle détient sur des sociétés intermédiaires, sur des sociétés étrangères ou sur l'entité mère non résidente ou des risques qu'elle encourt du fait de telles sociétés, à l'exception de la fraction de ces dotations pour laquelle la société mère apporte la preuve qu'elle n'est pas liée, directement ou indirectement, aux déficits retenus pour la détermination du résultat d'ensemble. En cas de cession d'un élément d'actif entre sociétés du groupe, les dotations aux provisions pour dépréciation de cet élément d'actif effectuées postérieurement à la cession sont rapportées au résultat d'ensemble, à hauteur de l'excédent des plus-values ou profits sur les moins-values ou pertes afférent à ce même élément, qui n'a pas été pris en compte, en application du premier alinéa de l'article 223 F, pour le calcul du résultat ou de la plus ou moins-value nette d'ensemble du groupe. Lorsqu'en application du deuxième alinéa de l'article 223 F, la société mère comprend dans le résultat d'ensemble le résultat ou la plus ou moins-value non pris en compte lors de sa réalisation, la fraction de la provision qui n'a pas été déduite en application de la deuxième phrase du présent alinéa, ni rapportée	
LivreI_1re_partie_TitreI	223 E	3	terme d'ensemble du groupe encore reportables	reportable	à la clôture de l'exercice du groupe précédan
LivreI_1re_partie_TitreI	223 E	3	ts ou moins-values nettes à long terme subies	subis	par la filiale concernée. Le montant du défic
LivreI_1re_partie_TitreI	223 F	1	u de la plus-value ou de la moins-value nette	d'ensemble au titre de l'exercice de cette cession.	
LivreI_1re_partie_TitreI	223 F	5	alue ou de la moins-value afférent aux titres	éléments	cédés, lors de la cession par une société int
LivreI_1re_partie_TitreI	223 I	5	it ou la moins-value nette à long terme subis	subi	par cette société au titre de l'exercice de c
LivreI_1re_partie_TitreI	223 S	6	ins-value nette à long terme d'ensemble subis	subi	par le groupe pendant la période d'applicatio
LivreI_1re_partie_TitreI	238 quater J	3	des sociétés de personnes défini aux articles	à l’article	8 à 8 ter cesse totalement ou partiellement d
LivreI_1re_partie_TitreI	238 octies A	9	à une société relevant des articles 8 à 8 ter	de l’article 8	et exerçant une activité immobilière
LivreI_1re_partie_TitreI	238 octies B	1	tés, dans une société qui relève des articles	de l’article	8 à 8 ter et qui exerce une activité
LivreI_1re_partie_TitreI	239 sexies C	2	tions mentionnées au 2° du 1 de l'article 39.	Toutefois, pour les immeubles visés au deuxième alinéa du 10 de l'article 39, le prix de revient des constructions est amorti sur la durée normale d'utilisation du bien restant à courir à cette date depuis son acquisition par le bailleur.	
LivreI_1re_partie_TitreI	242 ter E	1	à terme mentionnés au 8° du I de l'article 35	visés à l’article 34	, au 5° du 2 de l'article 92 et à l'article 1
LivreI_1re_partie_TitreI	244 bis	1	Les profits mentionnés	visés	à l'article 35 donnent lieu à la perception d
LivreI_1re_partie_TitreI	244 bis	1	Les profits mentionnés à l'article 35	l’article 34	donnent lieu à la perception d'un prélèvement
LivreI_1re_partie_TitreI	244 bis	1	révu au deuxième alinéa du I de l'article 219	de 30%	lorsqu'ils sont réalisés par des contribuable
LivreI_1re_partie_TitreI	244 bis	1	qu'ils sont réalisés par des contribuables ou	personnes physiques et 25% lorsqu’ils sont réalisés	par des sociétés, quelle qu'en soit la forme,
LivreI_1re_partie_TitreI	244 bis A	11	oupements qui relèvent des articles 8 à 8 ter	de l’article 8	dont le siège social est situé en France, au 
LivreI_1re_partie_TitreI	244 bis A	23	l'actif est, à la clôture des trois exercices	de l’exercice	qui précèdent la cession, principalement cons
LivreI_1re_partie_TitreI	244 bis A	23	 la clôture des trois exercices qui précèdent	précède	la cession, principalement constitué directem
LivreI_1re_partie_TitreI	244 bis A	24	nt déterminées selon les modalités définies :	qui auraient été applicables s’ils avaient été domiciliés en France.	
LivreI_1re_partie_TitreI	244 bis A	31		1	– Lorsque le prélèvement mentionné au I est d
LivreI_1re_partie_TitreI	244 bis A	33	 même I sont soumises au prélèvement selon le	au	taux prévu au deuxième alinéa du I de l'artic
LivreI_1re_partie_TitreI	244 bis A	34	Toutefois,	l’impôt sur	les
LivreI_1re_partie_TitreI	244 bis A	34	Toutefois, les	sociétés.	
LivreI_1re_partie_TitreI	244 bis A	35		Les	personnes physiques, les associés personnes p
LivreI_1re_partie_TitreI	244 bis A	35	nies sont soumis au prélèvement au taux de 19	30	%.
LivreI_1re_partie_TitreI	244 bis A	49	n raison des sommes qui ont supporté celui-ci	ce prélèvement	.
LivreI_1re_partie_TitreI	244 bis B	1	tionnés au deuxième alinéa du présent article	de 30%	lorsque les droits dans les bénéfices de la s
LivreI_1re_partie_TitresII_IV_TVA	257	15	1° Les	les	livraisons à soi-même de travaux immobiliers 
LivreI_1re_partie_TitresII_IV_TVA	278-0 bis	1	leur ajoutée est perçue au taux réduit de 5,5	7	% en ce qui concerne :
LivreI_1re_partie_TitresII_IV_TVA	278-0 bis	5	de cacao sont admis au taux réduit de 5,5 % ;	;	
LivreI_1re_partie_TitresII_IV_TVA	278-0 bis	29		3	– La fourniture de repas par des prestataires
LivreI_1re_partie_TitresII_IV_TVA	278-0 bis	29	'enseignement du premier et du second degré ;	.	
LivreI_1re_partie_TitresII_IV_TVA	285 bis	4		ajoutée.	
LivreI_1re_partie_TitresII_IV_TVA	286	15	III	II	.-L'option formulée au titre du III de l'arti
LivreI_1re_partie_TitresII_IV_TVA	635	4	3	2	° Les actes portant transmission de propriété
LivreI_1re_partie_TitresII_IV_TVA	635	5	4	3	° Les actes portant mutation de jouissance à 
LivreI_1re_partie_TitresII_IV_TVA	635	6	5	4	° Les actes constatant la transformation d'un
LivreI_1re_partie_TitresII_IV_TVA	635	9		6	° Les actes constatant un partage de biens à 
LivreI_1re_partie_TitresII_IV_TVA	635	10	8	7	° Les actes constatant la formation, la modif
LivreI_1re_partie_TitresII_IV_TVA	635	11	9	8	° La transaction prévoyant, en contrepartie d
LivreI_1re_partie_TitresII_IV_TVA	635	16	5	2	° Les actes portant transmission de propriété
LivreI_1re_partie_TitresII_IV_TVA	635	18	7	3	° Les actes portant cession d'actions, de par
LivreI_1re_partie_TitresII_IV_TVA	635	19	7° bis	4°	Les actes portant cession de participations d
LivreI_1re_partie_TitresII_IV_TVA	678	1	ne imposition proportionnelle au taux de 0,70	3	%.
LivreI_1re_partie_TitresII_IV_TVA	683	1	egistrement au taux prévu à l'article 1594 D.	de 3%.	
LivreI_1re_partie_TitresII_IV_TVA	683 bis	1	ère ou à un droit d'enregistrement de 2,20 %.	3 %. [à discuter]	
LivreI_1re_partie_TitresII_IV_TVA	684	1	 foncière ou à un droit d'enregistrement de 5	3	%.
LivreI_1re_partie_TitresII_IV_TVA	684	2	la taxe, ou le droit, est payée à raison de 5	3	% sur la moindre portion, et comme pour vente
LivreI_1re_partie_TitresII_IV_TVA	689	1	icité foncière au taux prévu à l'article 742.	de 3%.	
LivreI_1re_partie_TitresII_IV_TVA	714	1	t pas établi, sont assujettis à un droit de 5	3	%.
LivreI_1re_partie_TitresII_IV_TVA	718 bis	1	pondérance immobilière définies au 2° du I de	à	l'article 726 sont soumises au droit d'enregi
LivreI_1re_partie_TitresII_IV_TVA	726	1		I.	– Les cessions de droits sociaux sont soumise
LivreI_1re_partie_TitresII_IV_TVA	726	10	pour	enregistrées gratuitementPar exception,	les cessions de participations dans des perso
LivreI_1re_partie_TitresII_IV_TVA	726	10	ersonnes morales à prépondérance immobilière.	sont soumises à un droit d’enregistrement dont le taux est fixé à 3%.	
LivreI_1re_partie_TitresII_IV_TVA	726	11	e code et dont l'actif est, ou a été au cours	à la date	de l'année précédant la cession des participa
LivreI_1re_partie_TitresII_IV_TVA	726	13		II.	– Le droit d'enregistrement prévu au I est as
LivreI_1re_partie_TitresII_IV_TVA	726	21	III.-A.-	III.-.-	Lorsque les cessions de participations mentio
LivreI_1re_partie_TitresII_IV_TVA	746	1	 à une rupture d'un pacte civil de solidarité	de 125 euros.	
LivreI_1re_partie_TitresII_IV_TVA	754 B	1	as avoir effectué toute diligence pourassurer	pour assurer	l'application effective des dispositions de l
LivreI_1re_partie_TitresII_IV_TVA	754 B	1	dispositions de l'article précité, lesgérants	les gérants	, le président du conseil d'administration ou
LivreI_1re_partie_TitresII_IV_TVA	754 B	1	priétaires des actions qui ne revêtiraientpas	revêtiraient pas	la forme nominative ou qui n'auraient pas été
LivreI_1re_partie_TitresII_IV_TVA	754 B	1	nt pas été vendues dans les conditionsprévues	conditions prévues	au III du même article.
LivreI_1re_partie_TitresII_IV_TVA	757 A	1	s par l'article 373-2-3 du code civil ne sont	pas	soumis aux droits de mutation à titre gratuit
LivreI_1re_partie_TitresII_IV_TVA	757 B	1	imes versées après l'âge de soixante-dix ans.	au taux de 3%..	
LivreI_1re_partie_TitresII_IV_TVA	777	1	ts de mutation à titre gratuit sont fixés aux	au	taux indiqués dans les tableaux ci-après, pou
LivreI_1re_partie_TitresII_IV_TVA	792 bis	1	rsonnes non parentes mentionné au tableau III	taux	de l'article 777.
LivreI_1re_partie_TitresII_IV_TVA	792 bis	1	es mentionné au tableau III de l'article 777.	3%.	
LivreI_1re_partie_TitresII_IV_TVA	814 C	1	 dernier alinéa du III de l'article 810, sont	Sont	enregistrés gratuitement :
LivreI_1re_partie_TitresII_IV_TVA	816	1	ans ces actes, sont enregistrés gratuitement.	sont enregistrés gratuitement.	
LivreI_1re_partie_TitresII_IV_TVA	844	1	ionnelle de publicité foncière applicable aux	Les	inscriptions d'hypothèques judiciaires ou con
LivreI_1re_partie_TitresII_IV_TVA	845	8	du code de la construction et de l'habitation	sont enregistrées gratuitement	.
LivreI_1re_partie_TitresII_IV_TVA	846 bis	1	nt, à un droit fixe d'enregistrement de 25 €.	enregistrées gratuitement.	
LivreI_1re_partie_TitresII_IV_TVA	846 bis	2	né au premier alinéa s'applique également aux	Les	déclarations et états descriptifs de division
LivreI_1re_partie_TitresII_IV_TVA	846 bis	2	cles L. 526-1 à L. 526-3 du code de commerce.	sont enregistrés gratuitement	
LivreI_1re_partie_TitresII_IV_TVA	847	1	Sont	Les contrats de mariage sont	enregistrés gratuitement :
LivreI_1re_partie_TitresII_IV_TVA	847	1	Sont enregistrés gratuitement :	.	
LivreI_1re_partie_TitresII_IV_TVA	847 bis	1	Sont exonérés des droits d'enregistrement	enregistrés gratuitement	:
LivreI_1re_partie_TitresII_IV_TVA	1021	1	istrement et de la taxe de publicité foncière	enregistrés gratuitement	.
LivreI_1re_partie_TitresII_IV_TVA	1023	2	t ainsi que de la taxe de publicité foncière.	enregistrés gratuitement.	Il en est de même des extraits, copies ou exp
LivreI_1re_partie_TitresII_IV_TVA	1025	2	e l'article 1020, des droits d'enregistrement	enregistrés gratuitement	.
LivreI_1re_partie_TitresII_IV_TVA	1133 quater	1	uciaire sont soumis à un droit fixe de 125 €.	enregistrés gratuitement.	
LivreI_2e_partie	1379	3	priétés non bâties, prévue à l'article 1393 ;	.	
LivreI_2e_partie	1381	9	7	6	° Les terrains, cultivés ou non, utilisés pou
LivreI_2e_partie	1396	1	rticles 1509 à 1518 A et sous déduction de 20	1517.	
LivreI_2e_partie	1399	5		.	
LivreI_2e_partie	1404	2	 l'Etat dans la limite de ce dégrèvement (1).	.	
LivreI_2e_partie	1415	1	La taxe foncière sur les propriétés bâties,	et	la taxe foncière sur les propriétés non bâtie
LivreI_2e_partie	1494	1	ent destinée à une utilisation distincte (1).	.	
LivreI_2e_partie	1495	1	n et son état, à la date de l'évaluation (1).	.	
LivreI_2e_partie	1496	1	e activité salariée à domicile est déterminée	par référence à la dernière valeur locative connue ou, à défaut,	par comparaison avec celle de locaux de référ
LivreI_2e_partie	1496	3	r compte de la nature des différentes parties	réelle	du local, ainsi que de sa situation, de son i
LivreI_2e_partie	1498	1	ion de propriété bâtie, autres que les locaux	à usage d’habitation	mentionnés au I de l'article 1496, que les ét
LivreI_2e_partie	1498	5		du tarif par mètre carré déterminé dans les conditions du 2 du II.	Elle est obtenue par application d'un tarif p
LivreI_2e_partie	1498	5	au 2 du B du présent II à la surface pondérée	réelle	du local définie au C du présent II.
LivreI_2e_partie	1498	6	 1. Il est constitué, dans chaque département	commune	, un ou plusieurs secteurs d'évaluation qui r
LivreI_2e_partie	1498	10	 sur la base des loyers moyens constatés dans	votés	chaque secteur d'évaluation par catégorie de 
LivreI_2e_partie	1498	10	ns constatés dans chaque secteur d'évaluation	année	par catégorie de propriétés.
LivreI_2e_partie	1498	11	erminés par comparaison avec les tarifs fixés	le conseil municipal	pour les autres catégories de locaux du même 
LivreI_2e_partie	1498	11	même sous-groupe du même secteur d'évaluation	le 1er janvier de l’année suivante	.
LivreI_2e_partie	1509	1	instruction ministérielle du 31 décembre 1908	hectare et par commune, en fonction du loyer des propriétés non bâties louées librement à des conditions de prix normales et de manière à assurer l'homogénéité des évaluations dans la commune et de commune à commune	.
LivreI_2e_partie	1510	1	Les tarifs d'évaluation	sont	arrêtés soit par le service des impôts d'acco
LivreI_2e_partie	1510	2	l'administration des impôts. Le maire doit	annuellement	, dans un délai de cinq jours à compter de la
LivreI_2e_partie	1511	1	e à l'article 1651, le maire, dûment autorisé	chaque commune,	par le conseil municipal, est admis à les con
LivreI_2e_partie	1511	1	ans les deux mois qui suivent leur affichage.	.	
LivreI_2e_partie	1516	3	vision générale ; 3° L'exécution de révisions	annuellement,	dans les conditions fixées par la loi.
LivreI_2e_partie	1516	3	ution de révisions dans les conditions fixées	chaque commune,	par la loi.
LivreI_2e_partie	1516	3	isions dans les conditions fixées par la loi.	les conseils municipaux.	
LivreI_2e_partie	1521	1	– La taxe porte sur toutes les propriétés	non bâties	soumises à la taxe foncière sur les propriété
LivreI_2e_partie	1521	5	enseignement et d'assistance et affectés à un	utilisent le	service public,
LivreI_2e_partie	1521	10	es pour l'institution de la taxe d'enlèvement	d’enlèvement	des ordures ménagères.
LivreI_2e_partie	1522	1	et servant de base à la taxe foncière, défini	un tarif fixé annuellement	par l'article 1388.
LivreI_2e_partie	1522	4	639 A bis, de plafonner les valeurs locatives	le conseil municipal	de chaque local à usage d'habitation et de ch
LivreI_2e_partie	1522	4	épendances dans la limite d'un montant qui ne	commune ou, le cas échéant, par le syndicat mixte. Le tarif	peut être inférieur à deux fois le montant de
LivreI_2e_partie	1522	5	 locative moyenne est déterminée chaque année	fixé	en divisant le total des valeurs locatives de
LivreI_2e_partie	1522	8	issement public de coopération intercommunale	tout	ou du syndicat. Elle est déterminée en divisa
LivreI_2e_partie	1522 bis	1	A bis, une part incitative de la taxe, assise	partie considération de critères incitatifs assis notamment	sur la quantité et éventuellement la nature d
LivreI_2e_partie	1594 A	1	Sont perçus au profit des départements	communes	:
LivreI_2e_partie	1636 B sexies	1	 articles 1636 B septies et 1636 B decies les	– Les	conseils municipaux et les instances délibéra
LivreI_2e_partie	1636 B sexies	1	n intercommunale dotés d'une fiscalité propre	votent chaque année les taux des taxes foncières.	
LivreI_2e_partie	1636 B sexies	10	cation des dispositions du premier alinéa aux	1636 B decies	
LivreI_2e_partie	1636 B sexies	11		Les	communes membres d'établissements publics de 
LivreI_2e_partie	1636 B decies	1	'habitation sur les résidences secondaires et	votent le tarif	des taxes foncières conformément aux disposit
LivreI_2e_partie	1636 B undecies	1	379-0 bis, 1520 et 1609 quater votent le taux	tarif	de cette taxe dans les conditions fixées à l'
