article	operation	valeur	contexte
32	réécrit	30 %	Le revenu foncier Par imposable est fixé à une somme égale au montant de ce revenu brut diminué d'un abattement de 30 %. Ces dispositions s'appliquen
39	réécrit	23 %	n de ces mêmes redevances à un impôt sur le revenu ou sur les bénéfices dont le taux effectif est au moins égal à 23 % sont exclues des charges dédu
39 quindecies	réécrit	30 %	montant net des plus- values fait l'objet d'une imposition séparée au taux de 30 %, à l’exception de la fraction
39 quindecies	réécrit	23 %	t à la reprise des amortissements antérieurement pratiqués qui est imposable au taux de 23%. Il s'entend de l'excédent de
50-0	réécrit	71 %	s moins-values provenant de la cession des biens affectés à l'exploitation, est égal au montant du chiffre d'affaires hors taxes diminué : d'un abattement de 71 % pour le chiffre d'affaires ré
50-0	réécrit	50 %	dises, objets, fournitures et denrées à emporter ou à consommer sur place, d'un abattement de 50 % pour le chiffre d'affaires ré
64 bis	réécrit	87 %	ors taxes de l'année d'imposition et des deux années précédentes, diminuée d'un abattement de 87 %. Les recettes à retenir s'ent
93 quater	réécrit	30 %	Les plus-values réalisées sur des immobilisations sont soumises à l’impôt au taux de 30 %. I ter. L'imposition de la pl
102 ter	réécrit	34 %	fice imposable des contribuables qui perçoivent des revenus non commerciaux est égal au montant brut des recettes annuelles diminué d'un abattement forfaitaire de 34 %. Les plus ou moins-values pro
117 quater	réécrit	30 %	ux articles 108 à 117 bis et 120 à 123 bis sont assujetties à un prélèvement au taux de 30%. Pour le calcul de ce prélève
125 A	réécrit	30 %	droit, dans les conditions prévues par les conventions internationales. bis.-Le taux du prélèvement est fixé à 30 %. V.-1. Le prélèvement prévu a
125-0 A	réécrit	30 %	t et quelle que soit sa date de souscription, soumis à l'impôt sur le revenu au taux forfaitaire de 30%. Les produits en cause sont c
150 ter	réécrit	30 %	domiciliées en France au sens de l'article 4 B du présent code sont imposés au taux de 30%. Les pertes nettes sont soumi
182 A	réécrit	23 %	oient la déduction des frais professionnels réels. - La retenue est calculée au taux de 23% La retenue est libératoire de
182 A bis	réécrit	23 %	tés, qui n'ont pas dans ce pays d'installation professionnelle permanente. – Le taux de la retenue est fixé à 23 %. – La retenue est libératoire
187	réécrit	23 %	Le taux de la retenue à la source prévue à l'article 119 bis est fixé 23 %.
197	réécrit	23 %	e les contribuables visés à l'article 4 B, l'impôt est calculé en appliquant le taux de 23%.
200 septdecies	réécrit	500 € par mois	s dispositions du III ci-après. Le montant mensuel du crédit d'impôt est fixé à 500 € par mois pour les personnes physiques
200 septdecies	réécrit	250 € par mois	fixé à 500 € par mois pour les personnes physiques âgés de plus de 18 ans, et à 250 € par mois pour les enfants mineurs, sou
200 A	réécrit	30 %	6 bis de l'article 158, déterminés conformément à ces mêmes dispositions. 1° Le taux forfaitaire mentionné au premier alinéa du présent 1 est fixé à 30 % ; 2 ter. a . Les plus-values
200 B	réécrit	30 %	lisées dans les conditions prévues aux articles 150 U à 150 UC sont imposées au taux forfaitaire de 30 %. Elles sont imposées aux taux
200 C	réécrit	30 %	s réalisées dans les conditions prévues à l'article 150 VH bis sont imposées au taux forfaitaire de 30 %.
202	réécrit	23 %	et qui n'ont pas encore été imposés est immédiatement établi. Il est calculé au taux de 23%. Les contribuables doivent, d
204 E	réécrit	23 %	revenus, déterminé dans les conditions prévues aux articles 204 F et 204 G, un taux de 23%.
210 A	réécrit	10 %	ociété absorbée a porté les plus-values à long terme soumises antérieurement au taux réduit de 10 %, de 15 %, de 18 %, de 19 % ou
212 bis	réécrit	10 %	au cours de l'exercice ; Pour leur solde, dans la limite du plus élevé des deux montants, entre un million d'euros et 10 % du résultat déterminé dans le
219	réécrit	25 %	à l'euro le plus proche. La fraction d'euro égale à 0,50 est comptée pour 1. Le taux de l'impôt sur les sociétés est fixé à 25 %. Toutefois : Le montant net d
235 quater	allégé	5 %	révu par celle-ci entraîne l'application d'une amende, due par le bénéficiaire, égale à 5 % des impositions placées en re
238 septies E	allégé	105 %	leur de remboursement, les dispositions du 2 s'appliquent en considérant que le taux d'intérêt actuariel à la date d'acquisition est égal à 105% du dernier taux mensuel des e
242 ter	allégé	40 %	étés mentionnés au 4° du 3 de ce même article au regard de leur éligibilité à l'abattement de 40 % mentionné au 2° du 3 de l'art
244 bis	réécrit	30 %	s profits visés à l’article 34 donnent lieu à la perception d'un prélèvement au taux de 30% lorsqu'ils sont réalisés par
244 bis A	réécrit	30 %	nt les bénéfices sont imposés au nom des associés sont soumis au prélèvement au taux de 30 %. – L'impôt dû en application
244 bis B	réécrit	30 %	modalités prévues aux articles 150-0 A à 150-0 E et soumis à un prélèvement aux taux de 30% lorsque les droits dans les b
278-0 bis	réécrit	7 %	La taxe sur la valeur ajoutée est perçue au taux réduit de 7 % en ce qui concerne : – Les li
285 bis	réécrit	0,8 %	par l'auteur, les personnes visées au 1 appliquent en France métropolitaine un taux forfaitaire de 0,8 % des droits d'auteur au titre
285 bis	réécrit	40 %	es droits d'auteur au titre des droits à déduction en France métropolitaine. Ce taux est de 0,40 % dans les départements de la G
287	allégé	80 %	ur la valeur ajoutée par acomptes semestriels dont ils déterminent eux-mêmes le montant mais dont chacun doit représenter au moins 80 % de l'impôt réellement dû pour
678	réécrit	3 %	foncière visées à l'article 677 sont soumis à une imposition proportionnelle au taux de 3 %.
683	réécrit	3 %	t assujettis à une taxe de publicité foncière ou à un droit d'enregistrement au taux de 3%. La taxe ou le droit sont liq
689	réécrit	3 %	te constitutif de l'emphytéose est assujetti à la taxe de publicité foncière au taux de 3%. II : Mutations de propriété
726	réécrit	3 %	s à prépondérance immobilière sont soumises à un droit d’enregistrement dont le taux est fixé à 3%. Est à prépondérance immobili
757 B	réécrit	3 %	son du décès de l'assuré, donnent ouverture aux droits de mutation par décès au taux de 3%..
792 bis	réécrit	3 %	its ainsi transférés, appréciée à la date de ce transfert. Ils sont liquidés au taux de 3%. Pour l'application des dispo
1594 D	allégé	3 %	xe de publicité foncière ou du droit d'enregistrement prévu à l'article 683 est fixé à 3%.
1678 quater	allégé	90 %	ou 2 du II de l'article 125-0 A et à l'article 125 A font l'objet d'un acompte égal à 90 % du montant de ces prélèvement
1727	réécrit	1 %	bis, l'insuffisance des chiffres déclarés s'apprécie pour chaque société. – Le taux de l'intérêt de retard est de 1 % par mois. Il s'applique sur l
1727	réécrit	50 %	emier jour du mois suivant celui au cours duquel la convention a pris fin. – Le montant dû au titre de l'intérêt de retard est réduit de 50 % en cas de dépôt spontané par
