categorie	libelle	page
Principaux impôts sur la consommation	TVA	10
Principaux impôts sur la consommation	Accise sur les énergies	10
Principaux impôts sur la consommation	Accise sur les alcools	10
Principaux impôts sur la consommation	Accise sur les tabacs	10
Principaux impôts sur le revenu des ménages	Impôt net sur le revenu	10
Principaux impôts sur le revenu des ménages	Retenues à la source sur certains bénéfices non commerciaux et de l'impôt sur le revenu	10
Principaux impôts sur le revenu des ménages	Retenues à la source et prélèvements sur les revenus de capitaux mobiliers et le prélèvement sur les bons anonymes	10
Principaux impôts sur le revenu des ménages	CDHR	10
Principaux impôts sur le capital	Impôt sur la fortune immobilière	10
Principaux impôts sur le capital	Droits de mutation à titre onéreux de créances, rentes, prix d'offices	10
Principaux impôts sur le capital	Droits de mutation à titre onéreux de meubles corporels	10
Principaux impôts sur le capital	Droits de mutation à titre onéreux d'immeubles et droits immobiliers	10
Principaux impôts sur le capital	Droits de mutation à titre gratuit entre vifs (donations)	10
Principaux impôts sur le capital	Droits de mutation à titre gratuit par décès	10
Principaux impôts sur le capital	Droits de mutation à titre onéreux de fonds de commerce	10
Principaux impôts sur le capital	Taxe d'aménagement	10
Principaux impôts sur le capital	Taxe foncière sur les propriétés bâties	10
Principaux impôts sur le capital	Taxe d'habitation sur les résidences secondaires	10
Principaux impôts sur le capital	Taxe foncière sur les propriétés non bâties	10
Principaux impôts sur le capital	Taxe sur les salaires	11
Principaux impôts sur le capital	CVAE	11
Principaux impôts sur le capital	CFE	11
Principaux impôts sur le capital	Taxe sur les surfaces commerciales	11
Principaux impôts sur le capital	Taxe générale sur les activités polluantes	11
Principaux impôts sur le capital	Taxe sur les services numériques	11
Principaux impôts sur le capital	Contribution sociale de solidarité des sociétés (C3S)	11
Principaux impôts sur le capital	Taxe sur la valeur vénale des immeubles	11
Principaux impôts sur le bénéfice des entreprises	Impôt sur les sociétés	11
Principaux impôts sur le bénéfice des entreprises	Contribution sociale nette sur les bénéfices des sociétés	11
Principaux impôts sur le bénéfice des entreprises	Contribution exceptionnelle sur les bénéfices des entreprises	11
Principaux impôts sur le bénéfice des entreprises	Transposition de la directive UE sur la taxation minimale des multinationales	11
Autres impôts et taxes	Taxe "petit colis"	11
Autres impôts et taxes	Taxe holding	11
Autres impôts et taxes	Taxe sur les rachats d'actions	11
Autres impôts et taxes	Exit tax	11
Autres impôts et taxes	Taxe sur le transport aérien de passagers	11
Autres impôts et taxes	Taxe sur le transport aérien de marchandises	11
Autres impôts et taxes	Taxe sur les nuisances sonores aériennes	11
Autres impôts et taxes	Taxe annuelle sur les engins maritimes à usage personnel	11
Autres impôts et taxes	Taxe sur le permis de conduire des bateaux de plaisance à moteur	11
Autres impôts et taxes	Taxe sur le transport maritime de passagers à destination d'espaces naturels protégés	11
Autres impôts et taxes	Taxe sur le transport maritime de passagers dans certains territoires côtiers	11
Autres impôts et taxes	Taxe sur l'immatriculation des véhicules, taxe fixe	11
Autres impôts et taxes	Taxe sur l'immatriculation des véhicules, taxe régionale sur les véhicules à moteur	11
Autres impôts et taxes	Taxe sur l'immatriculation, taxe sur les véhicules de transport	11
Autres impôts et taxes	Taxes sur l'immatriculation des véhicules, taxe sur les émissions de dioxyde de carbone des véhicules de tourisme	11
Autres impôts et taxes	Taxes sur l'immatriculation des véhicules, taxe sur la masse en ordre de marche des véhicules de tourisme	11
Autres impôts et taxes	Taxes sur l'affectation des véhicules à des fins économiques, taxe annuelle sur les émissions de dioxyde de carbone des véhicules de tourisme	11
Autres impôts et taxes	Taxes sur l'affectation des véhicules à des fins économiques, taxe annuelle sur l'ancienneté des véhicules de tourisme	11
Autres impôts et taxes	Taxes sur l'affectation des véhicules à des fins économiques, taxe annuelle sur les véhicules lourds de transport de marchandises	11
Autres impôts et taxes	Taxe sur le renouvellement du permis de conduire	11
Autres impôts et taxes	Redevance pour examen du code de la route	11
Autres impôts et taxes	Taxe sur la distance parcourue sur le réseau autoroutier	11
Autres impôts et taxes	Taxe sur l'exploitation des infrastructures de transport de longue distance	11
Autres impôts et taxes	Taxe spéciale sur certains véhicules routiers	11
Autres impôts et taxes	Frais d'inscription au registre des exploitants de voitures de transport avec chauffeur	11
Autres impôts et taxes	taxe sur la mise en relation par voie électronique en vue de fournir certaines prestations de transport	11
Autres impôts et taxes	Contributions versées par la SNCF au titre des frais de surveillance et de contrôle des chemins de fer	11
Autres impôts et taxes	Taxe communale sur les remontées mécaniques	11
Autres impôts et taxes	Taxe départementale sur les remontées mécaniques	11
Autres impôts et taxes	Taxe sur le ski de fond	11
Autres impôts et taxes	Taxe annuelle sur les logements vacants	11
Autres impôts et taxes	Taxe communale additionnelle à certains droits d'enregistrement	11
Autres impôts et taxes	Taxe de séjour, taxe de séjour forfaitaire	11
Autres impôts et taxes	Taxe additionnelle départementale à la taxe de séjour	11
Autres impôts et taxes	Taxe additionnelle régionale de 15% à la taxe de séjour IDF	11
Autres impôts et taxes	Taxe additionnelle à la taxe de séjour dans les départements des Bouches-du-Rhône, du Var et des Alpes-Maritimes	12
Autres impôts et taxes	Taxe additionnelle à la taxe de séjour dans les départements de la Gironde, des Landes, du Lot-et-Garonne, des Pyrénées- Atlantiques, de la Haute-Garonne, du Gers, des Hautes-Pyrénées, de l'Ariège, du Lot, du Tarn et du Tarn-et-Garonne	12
Autres impôts et taxes	Taxe additionnelle à la taxe de séjour dans les départements de l'Hérault, de l'Aude et des Pyrénées-Orientales	12
Autres impôts et taxes	Taxe additionnelle au droit de bail	12
Autres impôts et taxes	Taxe sur les plus-values immobilières (PVI) autres que terrains à bâtir	12
Autres impôts et taxes	Taxe additionnelle à la taxe foncière sur les propriétés non bâties, pour frais de chambres d'agriculture (TCATFPNB)	12
Autres impôts et taxes	Taxe sur la cession à titre onéreux des terrains nus ou des droits relatifs à des terrains nus rendus constructibles du fait de leur classement	12
Autres impôts et taxes	Taxe de publicité foncière	12
Autres impôts et taxes	Contribution de sécurité immobilière	12
Autres impôts et taxes	Taxe additionnelle aux droits de mutation de locaux à usage de bureaux en IdF	12
Autres impôts et taxes	Taxe annuelle sur les locaux à usage de bureaux, les locaux commerciaux, les locaux de stockage et les surfaces de stationnement en IdF	12
Autres impôts et taxes	Taxe annuelle sur les locaux à usage de bureaux, les locaux commerciaux, les locaux de stockage et les surfaces de stationnement perçue dans les départements des Bouches-du-Rhône, du Var et des Alpes-Maritimes	12
Autres impôts et taxes	Taxe annuelle sur les surfaces de stationnement perçue dans les limites territoriales de la région d'Île-de-France	12
Autres impôts et taxes	Taxe sur la construction, la reconstruction ou l'agrandissement des locaux à usage de bureaux, des locaux commerciaux et des locaux de stockage en IdF	12
Autres impôts et taxes	Taxe additionnelle spéciale annuelle (TASA)	12
Autres impôts et taxes	Taxe additionnelle à la TASCOM	12
Autres impôts et taxes	Cotisations perçues au titre de la participation des employeurs à l'effort de construction	12
Autres impôts et taxes	Contribution annuelle sur les revenus locatifs	12
Autres impôts et taxes	Droits sur les conventions et actes civils	12
Autres impôts et taxes	Droits sur les actes judiciaires et extrajudiciaires	12
Autres impôts et taxes	Timbre unique	12
Autres impôts et taxes	Actes et écrits assujettis au timbre de dimension	12
Autres impôts et taxes	Droit de timbre pour la délivrance du permis de conduire en cas de perte ou de vol	12
Autres impôts et taxes	Fraction des droits de timbre sur les cartes nationales d'identité	12
Autres impôts et taxes	Fraction des droits de timbre sur les passeports sécurisés	12
Autres impôts et taxes	Droit de timbre sur les visas de passeports étrangers	12
Autres impôts et taxes	Droit de timbre sur les demandes de naturalisation, les demandes de réintégration dans la nationalité française et les déclarations d'acquisition de la nationalité	12
Autres impôts et taxes	Droit de timbre sur les procédures civiles en première instance et prud'homales	12
Autres impôts et taxes	Taxe sur les Titres de séjour et de voyage électroniques	12
Autres impôts et taxes	Redevances cynégétiques	12
Autres impôts et taxes	Redevance pour délivrance initiale du permis de chasse	12
Autres impôts et taxes	Droit d'examen du permis de chasse	12
Autres impôts et taxes	Droits d'importation	12
Autres impôts et taxes	Droit d'octroi de mer	12
Autres impôts et taxes	Droits de place	13
Autres impôts et taxes	Droit affecté au fonds d'indemnisation de la profession d'avoués auprès des cours d'appel	13
Autres impôts et taxes	Droit sur les produits bénéficiant d'une appellation d'origine ou d'une indication géographique protégée (INAO)	13
Autres impôts et taxes	Droit de licence sur la rémunération des débitants de tabac	13
Autres impôts et taxes	Contribution sociale à la charge des fournisseurs agréés de produits de tabac	13
Autres impôts et taxes	Droits et contributions pour frais de contrôle pour l'AMF	13
Autres impôts et taxes	Droit départemental de passage sur les ouvrages d'art reliant le continent aux îles maritimes	13
Autres impôts et taxes	Droits d'enregistrement sur les mutations de jouissance (baux d'immeubles et commerciaux à durée limitée)	13
Autres impôts et taxes	Taxe départementale additionnelle à certains droits d'enregistrement	13
Autres impôts et taxes	Droits d'enregistrement	13
Autres impôts et taxes	Taxe sur les émoluments	13
Autres impôts et taxes	Droits de plaidoirie	13
Autres impôts et taxes	Contribution équivalente aux droits de plaidoirie	13
Autres impôts et taxes	Garantie des matières d'or et d'argent	13
Autres impôts et taxes	Autres droits et recettes accessoires	13
Autres impôts et taxes	taxe de superposition des corps	13
Autres impôts et taxes	taxe de réduction et réunion de corps	13
Autres impôts et taxes	Taxe d'ouverture de caveau	13
Autres impôts et taxes	Taxes d'enlèvement des ordures ménagères	13
Autres impôts et taxes	Taxe de balayage	13
Autres impôts et taxes	Taxe sur les déchets réceptionnés dans une installation de stockage ou un incinérateur de déchets ménagers	13
Autres impôts et taxes	Indemnité de défrichement	13
Autres impôts et taxes	Taxe d'archéologie préventive	13
Autres impôts et taxes	Participation pour le financement de l'assainissement collectif (PAC)	13
Autres impôts et taxes	Redevances pour pollution de l'eau	13
Autres impôts et taxes	Redevance sur la consommation d'eau potable	13
Autres impôts et taxes	Redevance pour la performance des réseaux d'eau potable	13
Autres impôts et taxes	Redevance pour la performance des systèmes d'assainissement collectif	13
Autres impôts et taxes	Redevances pour pollutions diffuses	13
Autres impôts et taxes	Redevances pour prélèvement sur la ressource en eau	13
Autres impôts et taxes	Redevance pour stockage d'eau en période d'étiage	13
Autres impôts et taxes	Redevance pour protection du milieu aquatique	13
Autres impôts et taxes	Taxe sur les boissons sucrées	13
Autres impôts et taxes	Taxe sur les boissons édulcorées	13
Autres impôts et taxes	Taxe sur les boissons "premix"	13
Autres impôts et taxes	Cotisation spéciale sur les boissons alcooliques	13
Autres impôts et taxes	Contribution sur les eaux	13
Autres impôts et taxes	Participation des concessionnaires de la liaison fixe Trans-Manche au fonctionnement de la commission intergouvernementale et du comité de sécurité chargés de superviser la construction et l'exploitation de l'ouvrage	13
Autres impôts et taxes	Impôt sur les spectacles, jeux et divertissements	14
Autres impôts et taxes	Prélèvement sur le produit des jeux exploités par la Française des jeux (hors paris sportifs)	14
Autres impôts et taxes	Prélèvement sur le produit des jeux dans les casinos	14
Autres impôts et taxes	Prélèvement sur le produit brut des paris hippiques	14
Autres impôts et taxes	Prélèvement sur les paris sportifs	14
Autres impôts et taxes	Prélèvement sur les jeux de cercle en ligne	14
Autres impôts et taxes	Prélèvement sur les jeux de loterie	14
Autres impôts et taxes	Contribution sur les mises jouées sur les paris sportifs de la Française des jeux et des nouveaux opérateurs	14
Autres impôts et taxes	Contributions sociales sur les produits des jeux des casinos	14
Autres impôts et taxes	Redevances perçues pour la surveillance des établissements de jeux, hippodromes et cynodromes	14
Autres impôts et taxes	Contribution à la formation professionnelle	14
Autres impôts et taxes	Taxe d'apprentissage	14
Autres impôts et taxes	Contribution supplémentaire à l'apprentissage	14
Autres impôts et taxes	PEFPC : CPF CDD	14
Autres impôts et taxes	PEFPC : Entreprises du vivant, agriculture	14
Autres impôts et taxes	PEFPC : professions non salariées (à l'exception des artisans et des exploitants agricoles)	14
Autres impôts et taxes	PEFPC : artisans	14
Autres impôts et taxes	PEFPC : Pêche et culture	14
Autres impôts et taxes	PEFPC : Particuliers employeurs	14
Autres impôts et taxes	PEFPC : Artistes auteurs	14
Autres impôts et taxes	PEFPC : intermittents	14
Autres impôts et taxes	Taxe pour le développement de la formation professionnelle dans les métiers de la réparation de l'automobile, du cycle et du motocycle	14
Autres impôts et taxes	Contribution spécifique pour le développement de la formation professionnelle initiale et continue dans les métiers des professions du bâtiment et des travaux publics	14
Autres impôts et taxes	Contribution spécifique à la formation professionnelle pour Saint-Pierre-et-Miquelon	14
Autres impôts et taxes	Contribution au fonds d'assurance formation des chefs d'entreprise inscrite au répertoire des métiers	14
Autres impôts et taxes	Financement des congés individuels de formation des salariés sous contrats à durée déterminée CIF-CDD	14
Autres impôts et taxes	Contribution des employeurs publics au fonds pour l'insertion des personnes handicapées dans la fonction publique (FIPHFP)	14
Autres impôts et taxes	Contribution annuelle au fonds de développement pour l'insertion professionnelle des handicapés (FIPH)	14
Autres impôts et taxes	Contribution spécifique pour le développement de la formation professionnelle initiale et continue dans les métiers des professions du bâtiment et des travaux publics.	14
Autres impôts et taxes	Contribution patronale au dialogue social	14
Autres impôts et taxes	Taxes sur les produits de l'industrie et de l'artisanat	14
Autres impôts et taxes	Taxe pour frais de chambre de métiers d'Alsace	14
Autres impôts et taxes	Taxe pour frais de chambre de métiers de Moselle	14
Autres impôts et taxes	Taxe pour frais de chambre de métiers (CMA)	14
Autres impôts et taxes	Taxe pour les chambres de commerce et d'industrie (TCCI)	14
Autres impôts et taxes	Taxe additionnelle à la CFE pour frais de CRMA	14
Autres impôts et taxes	Taxe additionnelle à la CFE pour frais de chambres de commerce et d'industrie de région	15
Autres impôts et taxes	Taxe additionnelle à la CVAE pour frais de chambres de commerce et d'industrie de région	15
Autres impôts et taxes	Taxe pour le développement de l'industrie de la conservation des produits agricoles (CTCPA)	15
Autres impôts et taxes	Taxe sur les conventions d'assurance	15
Autres impôts et taxes	Prélèvement sur les contrats d'assurance de biens 'Taxe Attentat'	15
Autres impôts et taxes	Taxe sur les primes d'assurances	15
Autres impôts et taxes	Prélèvement sur les sommes versées par les organismes d'assurances et assimilés à raison des contrats d'assurance en cas de décès	15
Autres impôts et taxes	Contribution additionnelle aux primes ou cotisations d'assurance afférentes aux conventions d'assurance couvrant à titre exclusif ou principal les dommages aux sols, récoltes, cultures, bâtiments, et au cheptel mort ou vif affectés aux exploitations agricoles	15
Autres impôts et taxes	Contributions additionnelles ou cotisations afférentes à certaines conventions d'assurance	15
Autres impôts et taxes	Prélèvement sur les contrats d'assurance-vie en déshérence ; Prélèvement sur les contrats participation et intéressement en déshérence	15
Autres impôts et taxes	Cotisation au profit des caisses d'assurances d'accidents agricoles d'Alsace-Moselle	15
Autres impôts et taxes	Majoration de la taxe sur les assurances de protection juridique au profit du Conseil national des barreaux	15
Autres impôts et taxes	Taxe sur les transactions financières	15
Autres impôts et taxes	Contribution vie étudiante et campus	15
Autres impôts et taxes	Taxe spéciale d'équipement au profit de l'EPA de Guyane	15
Autres impôts et taxes	Taxe spéciale d'équipement au profit de l'EPF de Lorraine	15
Autres impôts et taxes	Taxe spéciale d'équipement au profit de l'EPF de Normandie	15
Autres impôts et taxes	Taxe spéciale d'équipement au profit de l'EPF de PACA	15
Autres impôts et taxes	Taxe spéciale d'équipement au profit de l'établissement public Société du Grand Paris	15
Autres impôts et taxes	Taxes spéciales d'équipement 50 pas géométrique Guadeloupe	15
Autres impôts et taxes	Taxes spéciales d'équipement 50 pas géométrique Martinique	15
Autres impôts et taxes	Taxe spéciale complémentaire à la taxe spéciale d'équipement destinée au financement du GPSO	15
Autres impôts et taxes	Taxe spéciale d'équipement affectée à la SGPSO	15
Autres impôts et taxes	Taxe forfaitaire sur les métaux précieux, les bijoux, les objets d'art, de collection et d'antiquité	15
Autres impôts et taxes	Redevance de traitement de dossier pour le regroupement familial	15
Autres impôts et taxes	Taxe sur la publicité télévisuelle	15
Autres impôts et taxes	Taxe sur la publicité diffusée au moyen de documents imprimés (ex-taxe sur certaines dépenses de publicité)	15
Autres impôts et taxes	Contributions pour frais de contrôle pour la BdF	15
Autres impôts et taxes	Cotisation principale des organismes de logement social	15
Autres impôts et taxes	Cotisation additionnelle des organismes de logement social	15
Autres impôts et taxes	Cotisation ANCOLS des organismes de logement social	15
Autres impôts et taxes	Taxe sur l'utilisation des bandes « 700 MHz » et « 800 MHz » du spectre radioélectrique	15
Autres impôts et taxes	Taxes sur les stations et liaisons radioélectriques privées	15
Autres impôts et taxes	Taxe gestion des milieux aquatiques et prévention des inondations (GEMAPI)	15
Autres impôts et taxes	Redevance sanitaire d'abattage	16
Autres impôts et taxes	Redevance sanitaire de découpage	16
Autres impôts et taxes	Redevance pour l'agrément des établissements du secteur de l'alimentation animale	16
Autres impôts et taxes	Redevance relative aux contrôles renforcés à l'importation des denrées alimentaires d'origine non animale	16
Autres impôts et taxes	Redevance sanitaire de première mise sur le marché des produits de la pêche ou de l'aquaculture	16
Autres impôts et taxes	Redevance sanitaire de transformation des produits de la pêche et de l'aquaculture	16
Autres impôts et taxes	Redevance sanitaire liée à la certification des végétaux à l'exportation	16
Autres impôts et taxes	Redevance sanitaire pour le contrôle de certaines substances et de leurs résidus	16
Autres impôts et taxes	Cotisation interprofessionnelle étendue Équarrissage	16
Autres impôts et taxes	Taxe sur les installations nucléaires de base concourant à la gestion des substances radioactives	16
Autres impôts et taxes	Taxe sur les installations nucléaires de base relevant du secteur énergétique et assimilées	16
Autres impôts et taxes	Imposition forfaitaire annuelle sur les pylônes	16
Autres impôts et taxes	Taxes sur les friches commerciales	16
Autres impôts et taxes	Imposition forfaitaire sur les entreprises de réseaux	16
Autres impôts et taxes	Imposition forfaitaire sur le matériel roulant circulant sur le réseau de transport ferroviaire et guidé géré par la RATP - IFER-STIF RATP	16
Autres impôts et taxes	Imposition forfaitaire sur les centrales de production d'énergie électrique d'origine photovoltaïque ou hydraulique	16
Autres impôts et taxes	Imposition forfaitaire sur les réseaux de gaz naturel et canalisations d'hydrocarbures	16
Autres impôts et taxes	Taxe sur l'exploration d'hydrocarbures	16
Autres impôts et taxes	Taxe perçue lors d'une demande relative aux médicaments vétérinaires	16
Autres impôts et taxes	Taxe annuelle portant sur les autorisations de médicaments vétérinaires et les autorisations d'établissements pharmaceutiques vétérinaires	16
Autres impôts et taxes	Taxe relative à l'évaluation et au contrôle de la mise sur le marché des produits phytopharmaceutiques et à leurs adjuvants	16
Autres impôts et taxes	Taxe sur la vente des produits phytopharmaceutiques disposant d'une autorisation de mise sur le marché (AMM)	16
Autres impôts et taxes	Certificats sanitaires et phytosanitaires	16
Autres impôts et taxes	Redevance pour les contrôles vétérinaires et phytosanitaires des végétaux à l'importation	16
Autres impôts et taxes	Redevance pour le contrôle vétérinaire à l'importation de produits animaux ou d'origine animale, d'animaux vivants	16
Autres impôts et taxes	Taxe sur les spectacles cinématographiques	16
Autres impôts et taxes	Taxe sur les spectacles vivants	16
Autres impôts et taxes	Redevance de prise et de rejet d'eau	16
Autres impôts et taxes	Redevance proportionnelle sur les recettes des concessions hydroélectriques	16
Autres impôts et taxes	Redevance proportionnelle sur le résultat normatif des concessions hydroélectriques soumises aux "délais glissants"	16
Autres impôts et taxes	Contribution des employeurs de main-d'œuvre étrangère permanente	16
Autres impôts et taxes	Contribution des employeurs de main-d'œuvre étrangère saisonnière	16
Autres impôts et taxes	Contribution des employeurs de main-d'œuvre étrangère temporaire	16
Autres impôts et taxes	Contribution sur la cession à un service de télévision des droits de diffusion de manifestations ou de compétitions sportives	16
Autres impôts et taxes	Redevance sur les produits biocides	16
Autres impôts et taxes	Contribution forfaitaire annuelle à la charge des professionnels de santé pour la caisse centrale de réassurance	16
Autres impôts et taxes	Taxe sur les services de télévision	17
Autres impôts et taxes	Taxe sur les vidéogrammes	17
Autres impôts et taxes	Taxe sur les services d'accès à des contenus audiovisuels à la demande	17
Autres impôts et taxes	Taxe sur la publicité diffusée au moyen de services d'accès à des contenus audiovisuels à la demande	17
Autres impôts et taxes	Taxe sur le visa d'exploitation cinématographique	17
Autres impôts et taxes	Taxe sur l'autorisation d'exercice de l'activité d'exploitant d'établissement de spectacles cinématographiques	17
Autres impôts et taxes	Taxe sur la production et la distribution d'œuvres cinématographiques	17
Autres impôts et taxes	Taxe sur les locations en France de phonogrammes musicaux et de vidéomusiques	17
Autres impôts et taxes	Taxe sur les éoliennes maritimes	17
Autres impôts et taxes	Contribution annuelle acquittée par les personnes inscrites comme commissaires aux comptes	17
Autres impôts et taxes	Cotisation due par les commissaires aux comptes sur le montant des honoraires	17
Autres impôts et taxes	Cotisation additionnelle due par les commissaires aux comptes sur le montant des honoraires pour les entités d'intérêt public	17
Autres impôts et taxes	Redevances perçues à l'occasion des procédures et formalités en matière de propriété industrielle ainsi que de registre du commerce et des sociétés, établies par divers textes	17
Autres impôts et taxes	Taxe de solidarité additionnelle (TSA)	17
Autres impôts et taxes	Contribution emballage liée à la responsabilité élargie du producteur	17
Autres impôts et taxes	Redevances pour le comité professionnel des stocks stratégiques pétroliers	17
Autres impôts et taxes	Contribution à la charge des établissements de vente en gros de spécialités pharmaceutiques et des entreprises assurant l'exploitation d'une ou plusieurs spécialités pharmaceutiques	17
Autres impôts et taxes	Contribution à la charge des entreprises assurant l'exploitation, l'importation parallèle ou la distribution parallèle d'une ou de plusieurs spécialités pharmaceutiques	17
Autres impôts et taxes	Taxe sur les demandes de visa ou de renouvellement de visa de publicité et sur les dépôts de publicité pharmaceutiques	17
Autres impôts et taxes	Contribution à la charge des exploitants d'un ou plusieurs produits ou prestations	17
Autres impôts et taxes	Contributions à la charge des fabricants ou distributeurs de dispositifs médicaux, tissus et cellules, produits de santé autres que les médicaments et prestations associées	17
Autres impôts et taxes	Contribution sur le chiffre d'affaires des entreprises exploitant une ou plusieurs spécialités pharmaceutiques	17
Autres impôts et taxes	Contribution sur les dépenses de promotion des médicaments	17
Autres impôts et taxes	Contribution sur les dépenses de promotion des dispositifs médicaux	17
Autres impôts et taxes	Enregistrement des médicaments traditionnels à base de plantes	17
Autres impôts et taxes	Droit progressif sur l'enregistrement des produits homéopathiques	17
Autres impôts et taxes	Redevance due par les titulaires de titres d'exploitation de mines d'hydrocarbures liquides ou gazeuses	17
Autres impôts et taxes	Contribution tarifaire d'acheminement (CTA)	17
Autres impôts et taxes	Redevance communale des mines	17
Autres impôts et taxes	Redevance départementale des mines	17
Autres impôts et taxes	Taxe due par les concessionnaires de mines d'or, les amodiataires des concessions de mines d'or et les titulaires de permis et d'autorisations d'exploitation de mines d'or exploitées en Guyane	17
Autres impôts et taxes	Taxe locale sur la publicité extérieure	17
Autres impôts et taxes	Participation pour non-réalisation d'aires de stationnement	17
Autres impôts et taxes	Redevances versées pour la délivrance des certificats d'obtention végétale	17
Autres impôts et taxes	Prélèvement sur le produit des primes ou cotisations additionnelles relatives à la garantie contre le risque de catastrophes naturelles	19
Autres impôts et taxes	Taxe sur les services de communications électroniques	19
Autres impôts et taxes	Taxe sur les excédents de provisions des entreprises d'assurance de dommages	19
Autres impôts et taxes	Contribution au fonds de garantie des dommages consécutifs à des actes de prévention, de diagnostic ou de soins dispensés par des professionnels de santé	19
Autres impôts et taxes	Prélèvement sur les biens, droits et produits placés dans un trust	19
Autres impôts et taxes	Redevances perçues par l'INPI	19
Autres impôts et taxes	Redevances UMTS 2G et 3G	19
Autres impôts et taxes	Taxe affectée au financement d'un nouveau Centre Technique Industriel de la plasturgie et des composites	19
Autres impôts et taxes	Taxe affectée au financement de l'institut des corps gras	19
Autres impôts et taxes	Taxe annuelle due par les laboratoires de biologie médicale	19
Autres impôts et taxes	Taxe applicable aux demandes de validation d'une attestation d'accueil	19
Autres impôts et taxes	Taxe sur le chiffre d'affaires des exploitants agricoles	19
Autres impôts et taxes	Taxe sur les entreprises ayant bénéficié de quotas d'émission de gaz à effet de serre	19
Autres impôts et taxes	Taxe sur les ordres annulés dans le cadre d'opérations à haute fréquence	19
Autres impôts et taxes	Taxe sur les papiers graphiques	19
Autres impôts et taxes	Taxe sur les produits de la fonderie	19
Autres impôts et taxes	Taxe incitative relative à l'utilisation d'énergie renouvelable dans le transport (TIRUERT) (remplace la TGAP carburants fossiles)	19
Autres impôts et taxes	Taxe spéciale due en cas de non-respect de l'engagement de conserver pendant 5 ans les parts de FCPR ou FCPI	19
Autres impôts et taxes	Taxe pour le financement du fonds de soutien aux collectivités territoriales ayant contracté des produits structurés	19
Autres impôts et taxes	Sommes constatées par les clubs de jeux au titre des "orphelins"	19
Autres impôts et taxes	Contribution des diffuseurs d'œuvres au financement de la protection sociale des artistes auteurs	19
Autres impôts et taxes	Contribution aux unions régionales des professionnels de santé (CURPS)	19
Autres impôts et taxes	Soulte rhum et tafias	19
Autres impôts et taxes	Autres taxes	19
Cotisations employeurs	Cotisations AT-MP salariés — Régime général +FSV	19
Cotisations employeurs	Cotisations Maladie salariés — Régime général +FSV	19
Cotisations employeurs	Cotisations Famille salariés — Régime général +FSV	19
Cotisations employeurs	Cotisations AT-MP salariés — Régime des salariés agricoles	19
Cotisations employeurs	Cotisations Vieillesse salariés — Régime des salariés agricoles	19
Cotisations employeurs	Cotisations AT-MP salariés — Régime de retraite des fonctionnaires civils et militaires de l'État	20
Cotisations employeurs	Cotisations patronales — Régime de retraite des fonctionnaires civils et militaires de l'État	20
Cotisations employeurs	Cotisations d'équilibre de l'employeur principal — Régime spécial des fonctionnaires territoriaux et hospitaliers	20
Cotisations employeurs	Cotisations vieillesse + maladie — Fonds spécial des pensions des ouvriers des établissements industriels de l'État (FSPOEIE)	20
Cotisations employeurs	Cotisations patronales brutes Vieillesse — Régime spécial des agents de la SNCF	20
Cotisations employeurs	Cotisations prévoyance patronales — Régime spécial des agents de la RATP	20
Cotisations employeurs	Cotisations patronales Vieillesse — Régime spécial des agents de la RATP	20
Cotisations employeurs	Contribution de l'employeur principal AT-MP — Régime spécial des industries électriques et gazières (CNIEG)	20
Cotisations employeurs	Cotisations patronales "vieillesse" non plafonnées Vieillesse — Régime spécial des industries électriques et gazières (CNIEG)	20
Cotisations employeurs	Cotisations patronales "décès" Vieillesse — Régime spécial des industries électriques et gazières (CNIEG)	20
Cotisations employeurs	Cotisations patronales "décès", "invalidité" et "AT-MP" Ensemble des risques — Régime spécial des industries électriques et gazières (CNIEG)	20
Cotisations employeurs	Cotisations patronales non plafonnées Maladie-invalidité — Régime spécial des industries électriques et gazières (CNIEG)	20
Cotisations employeurs	Cotisations patronales non plafonnées AT-MP — Caisse autonome nationale de sécurité sociale dans les mines	20
Cotisations employeurs	Cotisations patronales Vieillesse — Caisse autonome nationale de sécurité sociale dans les mines	20
Cotisations employeurs	Cotisations sociales AT-MP — Établissement national des invalides de la marine (ENIM)	20
Cotisations employeurs	Cotisations patronales vieillesse — Caisse de retraite et de prévoyance des clercs et employés de notaires	20
Cotisations employeurs	Cotisations sur les émoluments de notaires Vieillesse — Caisse de retraite et de prévoyance des clercs et employés de notaires	20
Cotisations employeurs	Cotisations médecine du travail	20
Cotisations salariales	Cotisations salariales — Régime général et FSV	20
Cotisations salariales	Cotisations Vieillesse — Régime des salariés agricoles	20
Cotisations salariales	Cotisations Vieillesse salariés — Régime de retraite des fonctionnaires civils et militaires de l'État	20
Cotisations salariales	Cotisations salariales — Régime spécial des fonctionnaires territoriaux et hospitaliers	20
Cotisations salariales	Cotisations vieillesse + maladie — Régime spécial des fonctionnaires territoriaux et hospitaliers	20
Cotisations salariales	Cotisations salariales tous risques — Fonds spécial des pensions des ouvriers des établissements industriels de l'État (FSPOEIE)	20
Cotisations salariales	Cotisations salariales brutes Vieillesse — Régime spécial des agents de la SNCF	21
Cotisations salariales	Cotisations prévoyance des affiliés — Régime spécial des agents de la RATP	21
Cotisations salariales	Cotisations salariales — Régime spécial des industries électriques et gazières (CNIEG)	21
Cotisations salariales	Cotisations salariales "vieillesse" non plafonnées Vieillesse — Régime spécial des industries électriques et gazières (CNIEG)	21
Cotisations salariales	Contribution tarifaire d'acheminement Vieillesse — Régime spécial des industries électriques et gazières (CNIEG)	21
Cotisations salariales	Cotisations salariales "vieillesse" non plafonnées ensemble des risques — Caisse autonome nationale de sécurité sociale dans les mines	21
Cotisations salariales	Cotisations salariales Vieillesse — Établissement national des invalides de la marine (ENIM)	21
Cotisations salariales	Cotisations sociales brutes Vieillesse — Caisse de retraite et de prévoyance des clercs et employés de notaires	21
Cotisations salariales	Cotisations salariales — Autres régimes	21
Cotisations salariales	Cotisations sociales - brutes BdF — Autres régimes	21
Cotisations non-salariés et non actifs	Cotisations Maladie non-salariés — Régime général et FSV	21
Cotisations non-salariés et non actifs	Cotisations Maladie inactifs — Régime général et FSV	21
Cotisations non-salariés et non actifs	Cotisations Famille non-salariés — Régime général et FSV	21
Cotisations non-salariés et non actifs	Cotisations vieillesse non-salariés — Régime général et FSV	21
Cotisations non-salariés et non actifs	Cotisations vieillesse non-salariés — Régime des exploitants agricoles	21
Cotisations non-salariés et non actifs	Cotisations sociales non-salariés Vieillesse — Régime des exploitants agricoles	21
Cotisations non-salariés et non actifs	Cotisations conjoints collaborateurs Vieillesse — Caisse nationale d'assurance vieillesse des professions libérales	21
Cotisations non-salariés et non actifs	Cotisations sociales provisionnelles — Caisse nationale d'assurance vieillesse des professions libérales	21
Cotisations non-salariés et non actifs	Cotisations sociales régularisation — Caisse nationale d'assurance vieillesse des professions libérales	21
Cotisations non-salariés et non actifs	Cotisations conjoints collaborateurs — Caisse nationale d'assurance vieillesse des professions libérales	21
Cotisations non-salariés et non actifs	Cotisations sociales - brutes CAVIMAC — autres régimes	21
Cotisations non-salariés et non actifs	Cotisations sociales - brutes CNBF — autres régimes	21
Autres cotisations	Autres cotisations sociales maladie (dont assurés volontaires) — Régime général et FSV	21
Autres cotisations	Autres cotisations sociales vieillesse — Régime général et FSV	21
Autres cotisations	Autres cotisations sociales AT-MP — Régime général et FSV	21
Autres cotisations	Autres cotisations et contributions sociales diverses (maladie) — Régime général et FSV	21
Autres cotisations	Autres assiettes famille — Régime général et FSV	21
Autres cotisations	Autres cotisations et contributions sociales diverses FSV — Régime des salariés agricoles	21
Autres cotisations majorations et pénalités	Autres cotisations sociales Vieillesse — Régime des salariés agricoles	22
Autres cotisations majorations et pénalités	Autres cotisations sociales Vieillesse — Régime des exploitants agricoles	22
Autres cotisations majorations et pénalités	Autres cotisations, majorations et pénalités — Régime spécial des fonctionnaires territoriaux et hospitaliers	22
Autres cotisations majorations et pénalités	Autres cotisations sociales et majorations Vieillesse — Régime spécial des industries électriques et gazières (CNIEG)	22
Autres cotisations majorations et pénalités	Autres cotisations sociales et majorations Ensemble des risques — Caisse nationale d'assurance vieillesse des professions libérales	22
Autres cotisations majorations et pénalités	Autres cotisations sociales — Caisse nationale d'assurance vieillesse des professions libérales	22
Autres cotisations majorations et pénalités	Cotisations institutions de prévoyance	22
Autres cotisations majorations et pénalités	Cotisations régime complémentaire	22
Autres cotisations majorations et pénalités	Cotisations invalidité - CNIEG	22
Autres cotisations majorations et pénalités	Cotisations décès - CNIEG	22
Autres cotisations majorations et pénalités	Cotisations avantages spécifiques IEG	22
Autres cotisations majorations et pénalités	Cotisations invalidité - CIPAV	22
Autres cotisations majorations et pénalités	Cotisations décès - CIPAV	22
Autres cotisations majorations et pénalités	Cotisations IJ exploitants	22
Autres cotisations majorations et pénalités	Cotisation BTP intempéries	22
Autres cotisations majorations et pénalités	Cotisation versée par les organismes HLM	22
Contributions sociales employeurs	Contributions sociales maladie - Contribution UNOCAM et autres	22
Contributions sociales employeurs	Forfait social	22
Contributions sociales employeurs	CSA assise sur revenus d'activité CNSA	22
Contributions sociales employeurs	CSA assise sur revenus du capital CNSA	22
Contributions sociales employeurs	Contributions chômage Unédic	22
Contributions sociales employeurs	Contribution supplémentaire au financement de l'assurance chômage	22
Contributions sociales employeurs	Contributions AGS	22
Contributions sociales employeurs	Versement mobilité	22
Contributions sociales employeurs	Versement mobilité additionnel	22
Contributions sociales employeurs	Versement mobilité régional et rural	22
Contributions sociales employeurs	Contribution FNAL	23
Contributions sociales employeurs	Contributions patronales sur stock-options et attributions gratuites d'actions	23
Contributions sociales employeurs	Contributions d'équilibre de l'employeur principal Régime SNCF	23
Contributions sociales employeurs	Contribution sur les avantages de préretraite d'entreprise	23
Contributions sociales employeurs	Contribution sur les indemnités de mise à la retraite	23
Contributions sociales employeurs	Contribution sur les indemnités de rupture conventionnelle	23
Contributions sociales employeurs	Contribution patronale sur les attributions d'options de souscription ou d'achat des actions et sur les attributions gratuites	23
Contributions sociales employeurs	Contributions perçues au titre des régimes de retraite à prestations définies	23
Contributions sociales particuliers	CSG brute maladie	23
Contributions sociales particuliers	Contributions sociales maladie - Prélèvement social sur les revenus du capital	23
Contributions sociales particuliers	Contributions sur avantages de retraite et de préretraite (branche maladie)	23
Contributions sociales particuliers	Prélèvement social sur les revenus du patrimoine (branche maladie)	23
Contributions sociales particuliers	Prélèvement social sur les revenus des placements (maladie)	23
Contributions sociales particuliers	CSG sur revenus d'activité famille	23
Contributions sociales particuliers	CSG sur revenus de remplacement famille	23
Contributions sociales particuliers	CSG sur revenus du capital	23
Contributions sociales particuliers	CSG sur revenus d'activité FSV	23
Contributions sociales particuliers	CSG sur revenus de remplacement FSV	23
Contributions sociales particuliers	CSG sur revenus du capital FSV	23
Contributions sociales particuliers	CSG sur les revenus du patrimoine FSV	23
Contributions sociales particuliers	CSG sur les revenus des placements FSV	23
Contributions sociales particuliers	CSG sur autres revenus, majorations et pénalités FSV	23
Contributions sociales particuliers	Contributions sur avantages de retraite et de préretraite FSV	23
Contributions sociales particuliers	Prélèvement social et de solidarité sur les revenus du capital FSV	23
Contributions sociales particuliers	Prélèvement sur les revenus du patrimoine FSV	23
Contributions sociales particuliers	Prélèvement sur les revenus des placements FSV	23
Contributions sociales particuliers	CASA Brute CNSA	23
Contributions sociales particuliers	CSG brute CNSA	23
Contributions sociales particuliers	Prélèvement social sur les revenus du capital CNSA	23
Contributions sociales particuliers	Contributions salariales sur stock-options et attributions gratuites d'actions	23
Contributions sociales particuliers	CSG, impôts et taxes Caisse autonome nationale de sécurité sociale dans les mines	23
Contributions sociales particuliers	CSG - brutes autres régimes	23
Contributions sociales particuliers	Contributions pour le remboursement de la dette sociale (CRDS)	23
Contributions sociales particuliers	Contribution salariale sur les attributions d'options de souscription ou d'achat des actions et sur les attributions gratuites	23
Contributions sociales particuliers	CRDS sur ventes de métaux ou objets précieux	23
Contributions sociales particuliers	CRDS sur le produit des jeux dans les casinos flottants	23
