id	bloc	mode	piece	article	emplacement	pages	libelle	colonne	valeur
V002		lecture			hors_alinea		PLFSS 2026 n° 1907, par sources/plfss/PLFSS2026_1907.pdf — sha256 0660a073102c0335871ff2bcf5e50bc11e667cfb7547edbdcc30ed68e09cd051, 162 pages, 55 articles, socl		162
V004	L1.a — Côté finances : ce que le texte affiche	lecture	plf	liminaire	hors_alinea	31	Solde structurel (1)	2024	-5.8
V005	L1.a — Côté finances : ce que le texte affiche	lecture	plf	liminaire	hors_alinea	31	Solde structurel (1)	2025	-5.1
V006	L1.a — Côté finances : ce que le texte affiche	lecture	plf	liminaire	hors_alinea	31	Solde structurel (1)	2026	-4.3
V007	L1.a — Côté finances : ce que le texte affiche	lecture	plf	liminaire	hors_alinea	31	Solde structurel (1)	2026 LPFP 2023-2027	-2.9
V008	L1.a — Côté finances : ce que le texte affiche	lecture	plf	liminaire	hors_alinea	31	Solde conjoncturel (2)	2024	0
V009	L1.a — Côté finances : ce que le texte affiche	lecture	plf	liminaire	hors_alinea	31	Solde conjoncturel (2)	2025	-0.2
V010	L1.a — Côté finances : ce que le texte affiche	lecture	plf	liminaire	hors_alinea	31	Solde conjoncturel (2)	2026	-0.4
V011	L1.a — Côté finances : ce que le texte affiche	lecture	plf	liminaire	hors_alinea	31	Solde conjoncturel (2)	2026 LPFP 2023-2027	-0.2
V012	L1.a — Côté finances : ce que le texte affiche	lecture	plf	liminaire	hors_alinea	31	Solde des mesures ponctuelles et temporaires (3)	2024	-0.1
V013	L1.a — Côté finances : ce que le texte affiche	lecture	plf	liminaire	hors_alinea	31	Solde des mesures ponctuelles et temporaires (3)	2025	0
V014	L1.a — Côté finances : ce que le texte affiche	lecture	plf	liminaire	hors_alinea	31	Solde des mesures ponctuelles et temporaires (3)	2026	0
V015	L1.a — Côté finances : ce que le texte affiche	lecture	plf	liminaire	hors_alinea	31	Solde des mesures ponctuelles et temporaires (3)	2026 LPFP 2023-2027	0
V016	L1.a — Côté finances : ce que le texte affiche	lecture	plf	liminaire	hors_alinea	31	Solde effectif (1 + 2 + 3)	2024	-5.8
V017	L1.a — Côté finances : ce que le texte affiche	lecture	plf	liminaire	hors_alinea	31	Solde effectif (1 + 2 + 3)	2025	-5.4
V018	L1.a — Côté finances : ce que le texte affiche	lecture	plf	liminaire	hors_alinea	31	Solde effectif (1 + 2 + 3)	2026	-4.7
V019	L1.a — Côté finances : ce que le texte affiche	lecture	plf	liminaire	hors_alinea	31	Solde effectif (1 + 2 + 3)	2026 LPFP 2023-2027	-2.7
V020	L1.a — Côté finances : ce que le texte affiche	lecture	plf	liminaire	hors_alinea	31	Dette au sens de Maastricht	2024	113.2
V021	L1.a — Côté finances : ce que le texte affiche	lecture	plf	liminaire	hors_alinea	31	Dette au sens de Maastricht	2025	115.9
V022	L1.a — Côté finances : ce que le texte affiche	lecture	plf	liminaire	hors_alinea	31	Dette au sens de Maastricht	2026	117.9
V023	L1.a — Côté finances : ce que le texte affiche	lecture	plf	liminaire	hors_alinea	31	Dette au sens de Maastricht	2026 LPFP 2023-2027	109.6
V024	L1.a — Côté finances : ce que le texte affiche	lecture	plf	liminaire	hors_alinea	31	Taux de prélèvements obligatoires (y.c UE nets des CI)	2024	42.8
V025	L1.a — Côté finances : ce que le texte affiche	lecture	plf	liminaire	hors_alinea	31	Taux de prélèvements obligatoires (y.c UE nets des CI)	2025	43.6
V026	L1.a — Côté finances : ce que le texte affiche	lecture	plf	liminaire	hors_alinea	31	Taux de prélèvements obligatoires (y.c UE nets des CI)	2026	43.9
V027	L1.a — Côté finances : ce que le texte affiche	lecture	plf	liminaire	hors_alinea	31	Taux de prélèvements obligatoires (y.c UE nets des CI)	2026 LPFP 2023-2027	44.4
V028	L1.a — Côté finances : ce que le texte affiche	lecture	plf	liminaire	hors_alinea	31	Dépense publique (hors CI)	2024	56.6
V029	L1.a — Côté finances : ce que le texte affiche	lecture	plf	liminaire	hors_alinea	31	Dépense publique (hors CI)	2025	56.8
V030	L1.a — Côté finances : ce que le texte affiche	lecture	plf	liminaire	hors_alinea	31	Dépense publique (hors CI)	2026	56.4
V031	L1.a — Côté finances : ce que le texte affiche	lecture	plf	liminaire	hors_alinea	31	Dépense publique (hors CI)	2026 LPFP 2023-2027	54.4
V032	L1.a — Côté finances : ce que le texte affiche	lecture	plf	liminaire	hors_alinea	31	Dépense publique (hors CI, en Md€)	2024	1652
V033	L1.a — Côté finances : ce que le texte affiche	lecture	plf	liminaire	hors_alinea	31	Dépense publique (hors CI, en Md€)	2025	1696
V034	L1.a — Côté finances : ce que le texte affiche	lecture	plf	liminaire	hors_alinea	31	Dépense publique (hors CI, en Md€)	2026	1725
V035	L1.a — Côté finances : ce que le texte affiche	lecture	plf	liminaire	hors_alinea	31	Dépense publique (hors CI, en Md€)	2026 LPFP 2023-2027	1705
V036	L1.a — Côté finances : ce que le texte affiche	lecture	plf	liminaire	hors_alinea	31	Évolution de la dépense publique hors CI en volume (%)	2024	2.1
V037	L1.a — Côté finances : ce que le texte affiche	lecture	plf	liminaire	hors_alinea	31	Évolution de la dépense publique hors CI en volume (%)	2025	1.7
V038	L1.a — Côté finances : ce que le texte affiche	lecture	plf	liminaire	hors_alinea	31	Évolution de la dépense publique hors CI en volume (%)	2026	0.3
V039	L1.a — Côté finances : ce que le texte affiche	lecture	plf	liminaire	hors_alinea	31	Évolution de la dépense publique hors CI en volume (%)	2026 LPFP 2023-2027	0.5
V040	L1.a — Côté finances : ce que le texte affiche	lecture	plf	liminaire	hors_alinea	31	Principales dépenses d'investissement (en Md€)	2024	26
V041	L1.a — Côté finances : ce que le texte affiche	lecture	plf	liminaire	hors_alinea	31	Principales dépenses d'investissement (en Md€)	2025	29
V042	L1.a — Côté finances : ce que le texte affiche	lecture	plf	liminaire	hors_alinea	31	Principales dépenses d'investissement (en Md€)	2026	35
V043	L1.a — Côté finances : ce que le texte affiche	lecture	plf	liminaire	hors_alinea	31	Principales dépenses d'investissement (en Md€)	2026 LPFP 2023-2027	35
V044	L1.a — Côté finances : ce que le texte affiche	lecture	plf	liminaire	hors_alinea	31	Administrations publiques centrales	solde 2024	-5.3
V045	L1.a — Côté finances : ce que le texte affiche	lecture	plf	liminaire	hors_alinea	31	Administrations publiques centrales	2025	-4.6
V046	L1.a — Côté finances : ce que le texte affiche	lecture	plf	liminaire	hors_alinea	31	Administrations publiques centrales	2026	-4.5
V047	L1.a — Côté finances : ce que le texte affiche	lecture	plf	liminaire	hors_alinea	31	Administrations publiques centrales	dépense 2026 (Md€)	683
V048	L1.a — Côté finances : ce que le texte affiche	lecture	plf	liminaire	hors_alinea	31	Administrations publiques centrales	évolution en volume 2026 (%)	1.8
V049	L1.a — Côté finances : ce que le texte affiche	lecture	plf	liminaire	hors_alinea	31	Administrations publiques locales	solde 2024	-0.6
V050	L1.a — Côté finances : ce que le texte affiche	lecture	plf	liminaire	hors_alinea	31	Administrations publiques locales	2025	-0.5
V051	L1.a — Côté finances : ce que le texte affiche	lecture	plf	liminaire	hors_alinea	31	Administrations publiques locales	2026	-0.3
V052	L1.a — Côté finances : ce que le texte affiche	lecture	plf	liminaire	hors_alinea	31	Administrations publiques locales	dépense 2026 (Md€)	338
V053	L1.a — Côté finances : ce que le texte affiche	lecture	plf	liminaire	hors_alinea	31	Administrations publiques locales	évolution en volume 2026 (%)	-0.7
V054	L1.a — Côté finances : ce que le texte affiche	lecture	plf	liminaire	hors_alinea	31	Administrations de sécurité sociale	solde 2024	0
V055	L1.a — Côté finances : ce que le texte affiche	lecture	plf	liminaire	hors_alinea	31	Administrations de sécurité sociale	2025	-0.3
V056	L1.a — Côté finances : ce que le texte affiche	lecture	plf	liminaire	hors_alinea	31	Administrations de sécurité sociale	2026	0.1
V057	L1.a — Côté finances : ce que le texte affiche	lecture	plf	liminaire	hors_alinea	31	Administrations de sécurité sociale	dépense 2026 (Md€)	814
V058	L1.a — Côté finances : ce que le texte affiche	lecture	plf	liminaire	hors_alinea	31	Administrations de sécurité sociale	évolution en volume 2026 (%)	-0.3
V059	L1.a — Côté finances : ce que le texte affiche	lecture	plf	48	hors_alinea	193-194	Recettes fiscales / dépenses	ressources	372911
V060	L1.a — Côté finances : ce que le texte affiche	lecture	plf	48	hors_alinea	193-194	Recettes fiscales / dépenses	charges	447414
V061	L1.a — Côté finances : ce que le texte affiche	lecture	plf	48	hors_alinea	193-194	Recettes non fiscales	ressources	28696
V062	L1.a — Côté finances : ce que le texte affiche	lecture	plf	48	hors_alinea	193-194	Recettes totales / dépenses totales	ressources	401607
V063	L1.a — Côté finances : ce que le texte affiche	lecture	plf	48	hors_alinea	193-194	Recettes totales / dépenses totales	charges	447414
V064	L1.a — Côté finances : ce que le texte affiche	lecture	plf	48	hors_alinea	193-194	À déduire : Prélèvements sur recettes	ressources	78296
V065	L1.a — Côté finances : ce que le texte affiche	lecture	plf	48	hors_alinea	193-194	Montants nets pour le budget général	ressources	323311
V066	L1.a — Côté finances : ce que le texte affiche	lecture	plf	48	hors_alinea	193-194	Montants nets pour le budget général	charges	447414
V067	L1.a — Côté finances : ce que le texte affiche	lecture	plf	48	hors_alinea	193-194	Montants nets pour le budget général	solde	-124102
V068	L1.a — Côté finances : ce que le texte affiche	lecture	plf	48	hors_alinea	193-194	Totaux pour les budgets annexes	ressources	2949
V069	L1.a — Côté finances : ce que le texte affiche	lecture	plf	48	hors_alinea	193-194	Totaux pour les budgets annexes	charges	2573
V070	L1.a — Côté finances : ce que le texte affiche	lecture	plf	48	hors_alinea	193-194	Comptes d'affectation spéciale	ressources	77513
V071	L1.a — Côté finances : ce que le texte affiche	lecture	plf	48	hors_alinea	193-194	Comptes d'affectation spéciale	charges	77535
V072	L1.a — Côté finances : ce que le texte affiche	lecture	plf	48	hors_alinea	193-194	Comptes d'affectation spéciale	solde	-21
V073	L1.a — Côté finances : ce que le texte affiche	lecture	plf	48	hors_alinea	193-194	Comptes de concours financiers	ressources	149418
V074	L1.a — Côté finances : ce que le texte affiche	lecture	plf	48	hors_alinea	193-194	Comptes de concours financiers	charges	150140
V075	L1.a — Côté finances : ce que le texte affiche	lecture	plf	48	hors_alinea	193-194	Comptes de concours financiers	solde	-722
V076	L1.a — Côté finances : ce que le texte affiche	lecture	plf	48	hors_alinea	193-194	Solde pour les comptes spéciaux	solde	-632
V077	L1.a — Côté finances : ce que le texte affiche	lecture	plf	48	hors_alinea	193-194	Solde général	solde	-124358
V078	L1.a — Côté finances : ce que le texte affiche	lecture	plf	48	hors_alinea	193-194	Trésorerie, même article, p. 194, en milliards d'euros : amortissement de la dette à moyen et long termes 175,8		175.8
V079	L1.a — Côté finances : ce que le texte affiche	lecture	plf	48	hors_alinea	193-194	amortissement de la dette reprise de SNCF Réseau 2,5		2.5
V080	L1.a — Côté finances : ce que le texte affiche	lecture	plf	48	hors_alinea	193-194	déficit à financer 124,4		124.4
V081	L1.a — Côté finances : ce que le texte affiche	lecture	plf	48	hors_alinea	193-194	autres besoins de trésorerie 3,0		3
V082	L1.a — Côté finances : ce que le texte affiche	lecture	plf	48	hors_alinea	193-194	total du besoin de financement 305,7.		305.7
V083	L1.a — Côté finances : ce que le texte affiche	lecture	plf	48	hors_alinea	193-194	En ressources : émission de dette à moyen et long termes nette des rachats 310,0		310
V084	L1.a — Côté finances : ce que le texte affiche	lecture	plf	48	hors_alinea	193-194	variation nette de l'encours des titres d'État à court terme −2,3		-2.3
V085	L1.a — Côté finances : ce que le texte affiche	lecture	plf	48	hors_alinea	193-194	autres ressources de trésorerie −2,0		-2
V086	L1.a — Côté finances : ce que le texte affiche	lecture	plf	48	hors_alinea	193-194	total 305,7.		305.7
V087	L1.a — Côté finances : ce que le texte affiche	lecture	plf	48	hors_alinea	195	- plafond de la variation nette de la dette négociable de plus d'un an : 136,6 Md€ (art. 48, 3° du II, p. 195)		136.6
V088	L1.a — Côté finances : ce que le texte affiche	lecture	plf	48	hors_alinea	195	plafond d'autorisation des emplois rémunérés par l'État : 2 016 366 ETPT (art. 48, III, p. 195), réparti à l'art. 54, p. 202		2016366
V089	L1.a — Côté finances : ce que le texte affiche	lecture	plf	55	hors_alinea	204	plafond des autorisations d'emplois des opérateurs de l'État : 401 310 ETPT (art. 55, p. 204)		401310
V090	L1.a — Côté finances : ce que le texte affiche	lecture	plf	57	hors_alinea	208	plafond des emplois des autorités publiques indépendantes : 1 786 ETPT (art. 57, p. 208)		1786
V091	L1.a — Côté finances : ce que le texte affiche	lecture	plf	49	hors_alinea	197	crédits du budget général : AE 613 009 460 112 € / CP 588 258 885 886 € (art. 49, p. 197)		613009460112
V092	L1.a — Côté finances : ce que le texte affiche	lecture	plf	49	hors_alinea	197	crédits du budget général : AE 613 009 460 112 € / CP 588 258 885 886 € (art. 49, p. 197)		588258885886
V093	L1.a — Côté finances : ce que le texte affiche	lecture	plf	50	hors_alinea	198	budgets annexes : AE 2 691 230 585 € / CP 2 572 949 963 € (art. 50, p. 198)		2691230585
V094	L1.a — Côté finances : ce que le texte affiche	lecture	plf	50	hors_alinea	198	budgets annexes : AE 2 691 230 585 € / CP 2 572 949 963 € (art. 50, p. 198)		2572949963
V095	L1.a — Côté finances : ce que le texte affiche	lecture	plf	51	hors_alinea	199	comptes d'affectation spéciale : AE 77 423 204 686 € / CP 77 534 704 686 € (art. 51, p. 199)		77423204686
V096	L1.a — Côté finances : ce que le texte affiche	lecture	plf	51	hors_alinea	199	comptes d'affectation spéciale : AE 77 423 204 686 € / CP 77 534 704 686 € (art. 51, p. 199)		77534704686
V097	L1.a — Côté finances : ce que le texte affiche	lecture	plf	53	hors_alinea	201	autorisations de découvert des comptes de commerce : 21 876 609 800 € (art. 53, p. 201)		21876609800
V098	L1.a — Côté finances : ce que le texte affiche	lecture	plf	35	hors_alinea	151	prélèvements sur recettes au profit des collectivités territoriales : 49 514 696 624 € (art. 35, p. 151)		49514696624
V099	L1.a — Côté finances : ce que le texte affiche	lecture	plf	45	hors_alinea	188	prélèvement sur recettes au profit de l'Union européenne : 28 781 025 011 € (art. 45, p. 188).		28781025011
V100	L1.b — Côté finances : ce qui relève d'un effet de périmètre	lecture	plf	liminaire	hors_alinea	32	sortie de l'Établissement de Retraite Additionnelle de la Fonction Publique (ERAFP), structurellement excédentaire, du champ des administrations publiques : dég		2.6
V101	L1.b — Côté finances : ce qui relève d'un effet de périmètre	lecture	plf	liminaire	hors_alinea	32	intégration du compte complet de SNCF Réseau — environ 10 Md€ de hausse des recettes hors prélèvements obligatoires et des dépenses en 2023 — et nouveau traitem		10
V102	L1.b — Côté finances : ce qui relève d'un effet de périmètre	lecture	plf	liminaire	hors_alinea	32	intégration du compte complet de SNCF Réseau — environ 10 Md€ de hausse des recettes hors prélèvements obligatoires et des dépenses en 2023 — et nouveau traitem		4
V103	L1.b — Côté finances : ce qui relève d'un effet de périmètre	lecture	plf	liminaire	hors_alinea	32	S'y ajoute un changement d'hypothèse, que la pièce qualifie elle-même : croissance potentielle estimée à 1,20 % par an en 2025 et 2026, contre 1,35 % dans la LP		1.2
V104	L1.b — Côté finances : ce qui relève d'un effet de périmètre	lecture	plf	liminaire	hors_alinea	32	S'y ajoute un changement d'hypothèse, que la pièce qualifie elle-même : croissance potentielle estimée à 1,20 % par an en 2025 et 2026, contre 1,35 % dans la LP		1.35
V105	L1.d — Côté financement : l'équilibre par branche	lecture	plfss	1er	alinea:3	6	Maladie	recettes	245.1
V106	L1.d — Côté financement : l'équilibre par branche	lecture	plfss	1er	alinea:3	6	Maladie	dépenses	262.3
V107	L1.d — Côté financement : l'équilibre par branche	lecture	plfss	1er	alinea:3	6	Maladie	solde	-17.2
V108	L1.d — Côté financement : l'équilibre par branche	lecture	plfss	1er	alinea:3	6	Accidents du travail et maladies professionnelles	recettes	16.9
V109	L1.d — Côté financement : l'équilibre par branche	lecture	plfss	1er	alinea:3	6	Accidents du travail et maladies professionnelles	dépenses	17.5
V110	L1.d — Côté financement : l'équilibre par branche	lecture	plfss	1er	alinea:3	6	Accidents du travail et maladies professionnelles	solde	-0.5
V111	L1.d — Côté financement : l'équilibre par branche	lecture	plfss	1er	alinea:3	6	Vieillesse	recettes	297
V112	L1.d — Côté financement : l'équilibre par branche	lecture	plfss	1er	alinea:3	6	Vieillesse	dépenses	303.4
V113	L1.d — Côté financement : l'équilibre par branche	lecture	plfss	1er	alinea:3	6	Vieillesse	solde	-6.3
V114	L1.d — Côté financement : l'équilibre par branche	lecture	plfss	1er	alinea:3	6	Famille	recettes	60.2
V115	L1.d — Côté financement : l'équilibre par branche	lecture	plfss	1er	alinea:3	6	Famille	dépenses	59.3
V116	L1.d — Côté financement : l'équilibre par branche	lecture	plfss	1er	alinea:3	6	Famille	solde	0.8
V117	L1.d — Côté financement : l'équilibre par branche	lecture	plfss	1er	alinea:3	6	Autonomie	recettes	41.7
V118	L1.d — Côté financement : l'équilibre par branche	lecture	plfss	1er	alinea:3	6	Autonomie	dépenses	42
V119	L1.d — Côté financement : l'équilibre par branche	lecture	plfss	1er	alinea:3	6	Autonomie	solde	-0.3
V120	L1.d — Côté financement : l'équilibre par branche	lecture	plfss	1er	alinea:3	6	Toutes branches (hors transferts entre branches)	recettes	642.3
V121	L1.d — Côté financement : l'équilibre par branche	lecture	plfss	1er	alinea:3	6	Toutes branches (hors transferts entre branches)	dépenses	665.8
V122	L1.d — Côté financement : l'équilibre par branche	lecture	plfss	1er	alinea:3	6	Toutes branches (hors transferts entre branches)	solde	-23.5
V123	L1.d — Côté financement : l'équilibre par branche	lecture	plfss	1er	alinea:3	6	Toutes branches y compris Fonds de solidarité vieillesse	recettes	643.1
V124	L1.d — Côté financement : l'équilibre par branche	lecture	plfss	1er	alinea:3	6	Toutes branches y compris Fonds de solidarité vieillesse	dépenses	666.1
V125	L1.d — Côté financement : l'équilibre par branche	lecture	plfss	1er	alinea:3	6	Toutes branches y compris Fonds de solidarité vieillesse	solde	-23
V126	L1.d — Côté financement : l'équilibre par branche	lecture	plfss	1er	alinea:5	6	Alinéa 5, même article : Fonds de solidarité vieillesse 22,0 / 21,5 / +0,5.		22
V127	L1.d — Côté financement : l'équilibre par branche	lecture	plfss	1er	alinea:5	6	Alinéa 5, même article : Fonds de solidarité vieillesse 22,0 / 21,5 / +0,5.		21.5
V128	L1.d — Côté financement : l'équilibre par branche	lecture	plfss	1er	alinea:5	6	Alinéa 5, même article : Fonds de solidarité vieillesse 22,0 / 21,5 / +0,5.		0.5
V129	L1.d — Côté financement : l'équilibre par branche	lecture	plfss	1er	alinea:7	6	Alinéa 7 : objectif d'amortissement de la dette sociale par la CADES 16,2 Md€.		16.2
V130	L1.d — Côté financement : l'équilibre par branche	lecture	plfss	14	alinea:2	39	Maladie	recettes	255
V131	L1.d — Côté financement : l'équilibre par branche	lecture	plfss	14	alinea:2	39	Maladie	dépenses	267.5
V132	L1.d — Côté financement : l'équilibre par branche	lecture	plfss	14	alinea:2	39	Maladie	solde	-12.5
V133	L1.d — Côté financement : l'équilibre par branche	lecture	plfss	14	alinea:2	39	Accidents du travail et maladies professionnelles	recettes	17.1
V134	L1.d — Côté financement : l'équilibre par branche	lecture	plfss	14	alinea:2	39	Accidents du travail et maladies professionnelles	dépenses	18
V135	L1.d — Côté financement : l'équilibre par branche	lecture	plfss	14	alinea:2	39	Accidents du travail et maladies professionnelles	solde	-1
V136	L1.d — Côté financement : l'équilibre par branche	lecture	plfss	14	alinea:2	39	Vieillesse	recettes	304.4
V137	L1.d — Côté financement : l'équilibre par branche	lecture	plfss	14	alinea:2	39	Vieillesse	dépenses	307.4
V138	L1.d — Côté financement : l'équilibre par branche	lecture	plfss	14	alinea:2	39	Vieillesse	solde	-3.1
V139	L1.d — Côté financement : l'équilibre par branche	lecture	plfss	14	alinea:2	39	Famille	recettes	60.1
V140	L1.d — Côté financement : l'équilibre par branche	lecture	plfss	14	alinea:2	39	Famille	dépenses	59.4
V141	L1.d — Côté financement : l'équilibre par branche	lecture	plfss	14	alinea:2	39	Famille	solde	0.7
V142	L1.d — Côté financement : l'équilibre par branche	lecture	plfss	14	alinea:2	39	Autonomie	recettes	41.8
V143	L1.d — Côté financement : l'équilibre par branche	lecture	plfss	14	alinea:2	39	Autonomie	dépenses	43.5
V144	L1.d — Côté financement : l'équilibre par branche	lecture	plfss	14	alinea:2	39	Autonomie	solde	-1.7
V145	L1.d — Côté financement : l'équilibre par branche	lecture	plfss	14	alinea:2	39	Toutes branches (hors transferts entre branches)	recettes	659.4
V146	L1.d — Côté financement : l'équilibre par branche	lecture	plfss	14	alinea:2	39	Toutes branches (hors transferts entre branches)	dépenses	676.9
V147	L1.d — Côté financement : l'équilibre par branche	lecture	plfss	14	alinea:2	39	Toutes branches (hors transferts entre branches)	solde	-17.5
V148	L1.d — Côté financement : l'équilibre par branche	lecture	plfss	48	hors_alinea	145	Objectifs de dépenses par branche pour 2026, articles séparés : maladie, maternité, invalidité et décès 267,5 Md€ (art. 48, p. 145)		267.5
V149	L1.d — Côté financement : l'équilibre par branche	lecture	plfss	51	hors_alinea	149	accidents du travail et maladies professionnelles 18,0 Md€ (art. 51, p. 149)		18
V150	L1.d — Côté financement : l'équilibre par branche	lecture	plfss	52	hors_alinea	149	vieillesse 307,4 Md€ (art. 52, p. 149)		307.4
V151	L1.d — Côté financement : l'équilibre par branche	lecture	plfss	53	hors_alinea	149	famille 59,4 Md€ (art. 53, p. 149)		59.4
V152	L1.d — Côté financement : l'équilibre par branche	lecture	plfss	54	hors_alinea	150	autonomie 43,5 Md€ (art. 54, p. 150).		43.5
V153	L1.d — Côté financement : l'équilibre par branche	lecture	plfss	15	hors_alinea	39-40	Amortissement CADES 2026 16,4 Md€ et recettes du FRR 0 (art. 15, p. 39-40).		16.4
V154	L1.d — Côté financement : l'équilibre par branche	lecture	plfss	15	hors_alinea	39-40	Amortissement CADES 2026 16,4 Md€ et recettes du FRR 0 (art. 15, p. 39-40).		0
V155	L1.d — Côté financement : l'équilibre par branche	lecture	plfss	13	hors_alinea	38	Compensation des exonérations 5,7 Md€ (art. 13, p. 38).		5.7
V156	L1.d — Côté financement : l'équilibre par branche	lecture	plfss	16	hors_alinea	40	Habilitation au recours aux ressources non permanentes, art. 16, p. 40, en millions d'euros : Agence centrale des organismes de sécurité sociale 83 000		83000
V157	L1.d — Côté financement : l'équilibre par branche	lecture	plfss	16	hors_alinea	40	Caisse de prévoyance et de retraite du personnel ferroviaire 360		360
V158	L1.d — Côté financement : l'équilibre par branche	lecture	plfss	16	hors_alinea	40	Caisse autonome nationale de la sécurité sociale dans les mines 450		450
V159	L1.d — Côté financement : l'équilibre par branche	lecture	plfss	16	hors_alinea	40	Caisse nationale de retraite des agents des collectivités locales 13 400.		13400
V160	L1.d — Côté financement : l'équilibre par branche	lecture	plfss	liminaire	hors_alinea	5	Prévisions ASSO en points de PIB, art. liminaire, p. 5 : recettes 26,7 en 2025 et 26,7 en 2026		26.7
V161	L1.d — Côté financement : l'équilibre par branche	lecture	plfss	liminaire	hors_alinea	5	Prévisions ASSO en points de PIB, art. liminaire, p. 5 : recettes 26,7 en 2025 et 26,7 en 2026		26.7
V162	L1.d — Côté financement : l'équilibre par branche	lecture	plfss	liminaire	hors_alinea	5	dépenses 27,0 et 26,6		27
V163	L1.d — Côté financement : l'équilibre par branche	lecture	plfss	liminaire	hors_alinea	5	dépenses 27,0 et 26,6		26.6
V164	L1.d — Côté financement : l'équilibre par branche	lecture	plfss	liminaire	hors_alinea	5	solde −0,3 puis +0,1.		-0.3
V165	L1.d — Côté financement : l'équilibre par branche	lecture	plfss	liminaire	hors_alinea	5	solde −0,3 puis +0,1.		0.1
V166	L1.e — Côté financement : l'objectif national de dépenses et ses sous-objectifs	lecture	plfss	2	hors_alinea	8	Dépenses de soins de ville	2025 rectifié (art. 2, p. 8)	113.9
V167	L1.e — Côté financement : l'objectif national de dépenses et ses sous-objectifs	lecture	plfss	49	hors_alinea	146	Dépenses de soins de ville	2026 (art. 49, p. 146)	114.9
V168	L1.e — Côté financement : l'objectif national de dépenses et ses sous-objectifs	lecture	plfss	2	hors_alinea	8	Dépenses relatives aux établissements de santé	2025 rectifié (art. 2, p. 8)	109.5
V169	L1.e — Côté financement : l'objectif national de dépenses et ses sous-objectifs	lecture	plfss	49	hors_alinea	146	Dépenses relatives aux établissements de santé	2026 (art. 49, p. 146)	111.8
V170	L1.e — Côté financement : l'objectif national de dépenses et ses sous-objectifs	lecture	plfss	2	hors_alinea	8	Dépenses relatives aux établissements et services pour personnes âgées	2025 rectifié (art. 2, p. 8)	17.4
V171	L1.e — Côté financement : l'objectif national de dépenses et ses sous-objectifs	lecture	plfss	49	hors_alinea	146	Dépenses relatives aux établissements et services pour personnes âgées	2026 (art. 49, p. 146)	18.2
V172	L1.e — Côté financement : l'objectif national de dépenses et ses sous-objectifs	lecture	plfss	2	hors_alinea	8	Dépenses relatives aux établissements et services pour personnes handicapées	2025 rectifié (art. 2, p. 8)	15.6
V173	L1.e — Côté financement : l'objectif national de dépenses et ses sous-objectifs	lecture	plfss	49	hors_alinea	146	Dépenses relatives aux établissements et services pour personnes handicapées	2026 (art. 49, p. 146)	16
V174	L1.e — Côté financement : l'objectif national de dépenses et ses sous-objectifs	lecture	plfss	2	hors_alinea	8	Dépenses relatives au Fonds d'intervention régional et soutien à l'investissement	2025 rectifié (art. 2, p. 8)	6.1
V175	L1.e — Côté financement : l'objectif national de dépenses et ses sous-objectifs	lecture	plfss	49	hors_alinea	146	Dépenses relatives au Fonds d'intervention régional et soutien à l'investissement	2026 (art. 49, p. 146)	6.2
V176	L1.e — Côté financement : l'objectif national de dépenses et ses sous-objectifs	lecture	plfss	2	hors_alinea	8	Autres prises en charge	2025 rectifié (art. 2, p. 8)	3.3
V177	L1.e — Côté financement : l'objectif national de dépenses et ses sous-objectifs	lecture	plfss	49	hors_alinea	146	Autres prises en charge	2026 (art. 49, p. 146)	3.3
V178	L1.e — Côté financement : l'objectif national de dépenses et ses sous-objectifs	lecture	plfss	2	hors_alinea	8	Total	2025 rectifié (art. 2, p. 8)	265.9
V179	L1.e — Côté financement : l'objectif national de dépenses et ses sous-objectifs	lecture	plfss	49	hors_alinea	146	Total	2026 (art. 49, p. 146)	270.4
V180	L1.e — Côté financement : l'objectif national de dépenses et ses sous-objectifs	lecture	plfss		hors_alinea		L'écart des totaux est de +4,5 Md€, soit +1,69 %.		4.5
V181	L1.e — Côté financement : l'objectif national de dépenses et ses sous-objectifs	lecture	plfss		hors_alinea		L'écart des totaux est de +4,5 Md€, soit +1,69 %.		1.69
V182	L1.e — Côté financement : l'objectif national de dépenses et ses sous-objectifs	lecture	plfss		hors_alinea		Le sous-objectif « personnes handicapées » 2026 est écrit « 16 » dans la pièce, sans décimale		16
V211	L3.a — Impositions affectées, plafonnées ou déplafonnées	lecture	plf	36	hors_alinea	154-155-156-157-158-159-160-161-162-163-164-165-166-167-168-169-170-171-172-173	- 135 lignes, numérotées de 1 à 135 sans lacune		135
V212	L3.a — Impositions affectées, plafonnées ou déplafonnées	lecture	plf	36	hors_alinea	154-155-156-157-158-159-160-161-162-163-164-165-166-167-168-169-170-171-172-173	- 135 lignes, numérotées de 1 à 135 sans lacune		1
V213	L3.a — Impositions affectées, plafonnées ou déplafonnées	lecture	plf	36	hors_alinea	154-155-156-157-158-159-160-161-162-163-164-165-166-167-168-169-170-171-172-173	- 135 lignes, numérotées de 1 à 135 sans lacune		135
V214	L3.a — Impositions affectées, plafonnées ou déplafonnées	lecture	plf	36	hors_alinea	154-155-156-157-158-159-160-161-162-163-164-165-166-167-168-169-170-171-172-173	69 lignes portent un plafond d'affectation 2026 chiffré, 66 portent « Non plafonnée »		69
V215	L3.a — Impositions affectées, plafonnées ou déplafonnées	lecture	plf	36	hors_alinea	154-155-156-157-158-159-160-161-162-163-164-165-166-167-168-169-170-171-172-173	69 lignes portent un plafond d'affectation 2026 chiffré, 66 portent « Non plafonnée »		66
V231	L3.a — Impositions affectées, plafonnées ou déplafonnées	reapplication	annexe2		hors_alinea		21 374 967 575 € contre 21 729 008 249 €, soit 354 040 674 € d'écart.		354040674
V232	L3.a — Impositions affectées, plafonnées ou déplafonnées	reapplication	annexe2	36	alinea:6	173	Une réaffectation, relevée à la rédaction et non au tableau : l'article 36, IV, alinéas 6 à 8, p. 173, ramène à 70 % la part perçue par le Comité de développeme		70
V233	L3.a — Impositions affectées, plafonnées ou déplafonnées	reapplication	annexe2	36	alinea:6	173	Une réaffectation, relevée à la rédaction et non au tableau : l'article 36, IV, alinéas 6 à 8, p. 173, ramène à 70 % la part perçue par le Comité de développeme		30
V260	L3.b — Dépenses fiscales créées, bornées, éteintes	reapplication	annexe3		hors_alinea		Sur l'ensemble des deux textes, le relevé mécanique des formules modificatives donne : 154 alinéas d'abrogation ou de suppression au PLF, répartis sur 38 articl		38
V262	L3.b — Dépenses fiscales créées, bornées, éteintes	reapplication	annexe3		hors_alinea		Sur l'ensemble des deux textes, le relevé mécanique des formules modificatives donne : 154 alinéas d'abrogation ou de suppression au PLF, répartis sur 38 articl		19
V264	L3.b — Dépenses fiscales créées, bornées, éteintes	reapplication	annexe3		hors_alinea		129 alinéas de création au PLF, sur 37 articles, et 60 au PLFSS, sur 26 articles.		37
V267	L3.c — Opérateurs supprimés, fusionnés, dotés autrement	lecture	plf	71	hors_alinea	227-228	La section 1 du chapitre II du titre II du livre VIII du code de la consommation est abrogée et le chapitre est réintitulé « Commission des clauses abusives ».		1
V302	L3.c — Opérateurs supprimés, fusionnés, dotés autrement	lecture	plf+etp	55	hors_alinea	204-205-206-207	Les trois plus gros programmes porteurs : formations supérieures et recherche universitaire 167 604 ETPT		167604
V303	L3.c — Opérateurs supprimés, fusionnés, dotés autrement	lecture	plf+etp	55	hors_alinea	204-205-206-207	recherches scientifiques et technologiques pluridisciplinaires 62 913		62913
V304	L3.c — Opérateurs supprimés, fusionnés, dotés autrement	lecture	plf+etp	55	hors_alinea	204-205-206-207	vie étudiante 12 833.		12833
R001		reapplication	réapplication				PLF — articles de la pièce		82
R002		reapplication	réapplication				PLFSS — articles de la pièce		55
R003	L2 — Les portes ouvertes	reapplication	réapplication				adresses ouvertes — PLF		386
R004	L2 — Les portes ouvertes	reapplication	réapplication				textes ouverts — PLF		49
R005	L2 — Les portes ouvertes	reapplication	réapplication				articles porteurs — PLF		58
R006	L2 — Les portes ouvertes	reapplication	réapplication				fourchettes — PLF		5
R007	L2 — Les portes ouvertes	reapplication	réapplication				divergences de grammaire — PLF		39
R008	L2 — Les portes ouvertes	reapplication	réapplication				adresses ouvertes — PLFSS		208
R009	L2 — Les portes ouvertes	reapplication	réapplication				textes ouverts — PLFSS		32
R010	L2 — Les portes ouvertes	reapplication	réapplication				articles porteurs — PLFSS		34
R011	L2 — Les portes ouvertes	reapplication	réapplication				fourchettes — PLFSS		0
R012	L2 — Les portes ouvertes	reapplication	réapplication				divergences de grammaire — PLFSS		0
R013	L2 — Les portes ouvertes	reapplication	réapplication				adresses ouvertes — les deux véhicules		594
R014	L2 — Les portes ouvertes	reapplication	réapplication				textes ouverts — les deux véhicules		81
R015	L2 — Les portes ouvertes	reapplication	réapplication				articles porteurs — les deux véhicules		92
R016	L2 — Les portes ouvertes	reapplication	réapplication				adresses — code général des impôts		126
R017	L2 — Les portes ouvertes	reapplication	réapplication				adresses — code des impositions sur les biens et services		81
R018	L2 — Les portes ouvertes	reapplication	réapplication				adresses — code général des collectivités territoriales		54
R019	L2 — Les portes ouvertes	reapplication	réapplication				adresses — code de la sécurité sociale		110
R020	L2 — Les portes ouvertes	reapplication	réapplication				adresses — code de la santé publique		20
R021	L2 — Les portes ouvertes	reapplication	réapplication				adresses — code rural et de la pêche maritime		12
R023	L2 — Les portes ouvertes	reapplication	réapplication				adresses — loi n° 2025-127 du 14 février 2025		13
R024	L2 — Les portes ouvertes	reapplication	réapplication				adresses — code des pensions civiles et militaires de retraite		7
R025	L2 — Les portes ouvertes	reapplication	réapplication				adresses — ordonnance n° 96-1122 du 20 décembre 1996		6
R026	L2 — Les portes ouvertes	reapplication	réapplication				PLF art. 5 — adresses		38
R027	L2 — Les portes ouvertes	reapplication	réapplication				PLF art. 72 — adresses		32
R028	L2 — Les portes ouvertes	reapplication	réapplication				PLF art. 12 — adresses		27
R029	L2 — Les portes ouvertes	reapplication	réapplication				PLF art. 23 — adresses		22
R030	L2 — Les portes ouvertes	reapplication	réapplication				PLF art. 29 — adresses		22
R031	L2 — Les portes ouvertes	reapplication	réapplication				PLF art. 13 — adresses		20
R032	L2 — Les portes ouvertes	reapplication	réapplication				PLF art. 21 — adresses		20
R033	L2 — Les portes ouvertes	reapplication	réapplication				PLFSS art. 42 — adresses		28
R034	L2 — Les portes ouvertes	reapplication	réapplication				PLFSS art. 43 — adresses		27
R035	L2 — Les portes ouvertes	reapplication	réapplication				PLFSS art. 34 — adresses		24
R036	L2 — Les portes ouvertes	reapplication	réapplication				PLFSS art. 22 — adresses		15
R037	L2 — Les portes ouvertes	reapplication	réapplication				PLFSS art. 12 — adresses		11
R038	L3.a	reapplication	réapplication				art. 36 — lignes du tableau		135
R039	L3.a	reapplication	réapplication				art. 36 — lignes « Non plafonnée »		66
R040	L3.a	reapplication	réapplication				art. 36 — lignes à plafond chiffré		69
R041	L3.a	reapplication	réapplication				art. 36 — somme des plafonds 2026		21374967575
R042	L3.a	reapplication	réapplication				annexe 2 — lignes de taxe affectée		279
R043	L3.a	reapplication	réapplication				annexe 2 — plafonnées en 2025		73
R044	L3.a	reapplication	réapplication				annexe 2 — plafonnées en 2026		74
R045	L3.a	reapplication	réapplication				annexe 2 — nouvellement plafonnées		1
R046	L3.a	reapplication	réapplication				annexe 2 — déplafonnées		0
R047	L3.a	reapplication	réapplication				annexe 2 — plafond relevé		26
R048	L3.a	reapplication	réapplication				annexe 2 — plafond abaissé		7
R049	L3.a	reapplication	réapplication				annexe 2 — plafond inchangé		40
R050	L3.a	reapplication	réapplication				annexe 2 — somme des plafonds 2025		20995325225
R051	L3.a	reapplication	réapplication				annexe 2 — somme des plafonds 2026		21729008249
R052	L3.a	reapplication	réapplication				annexe 2 — écart des sommes		733683024
R053	L3.a	reapplication	réapplication				annexe 2 — plafond de la seule création		45000000
R055	L3.b	reapplication	réapplication				annexe 3 — dépenses fiscales		465
R056	L3.b	reapplication	réapplication				annexe 3 — éteintes		26
R057	L3.b	reapplication	réapplication				annexe 3 — somme des chiffrages 2025 des éteintes		1683
R058	L3.b	reapplication	réapplication				annexe 3 — créées		12
R059	L3.b	reapplication	réapplication				annexe 3 — bornées		153
R060	L3.b	reapplication	réapplication				annexe 3 — non bornées		312
R061	L3.b	reapplication	réapplication				annexe 3 — fin du fait générateur 2026		22
R062	L3.b	reapplication	réapplication				annexe 3 — fin du fait générateur 2025		35
R063	L3.b	reapplication	réapplication				annexe 3 — fin du fait générateur 2027		22
R064	L3.b	reapplication	réapplication				annexe 3 — fin du fait générateur 2024		21
R065	L3.b	reapplication	réapplication				annexe 3 — fin du fait générateur 2029		16
R066	L3.b	reapplication	réapplication				alinéas de abrogation — PLF		154
R067	L3.b	reapplication	réapplication				alinéas de abrogation — PLFSS		63
R068	L3.b	reapplication	réapplication				alinéas de creation — PLF		129
R069	L3.b	reapplication	réapplication				alinéas de creation — PLFSS		60
R070	L3.c	reapplication	réapplication				opérateurs — variation relative du plafond global		-0.28
R071	L3.b	reapplication	réapplication				dépense fiscale 120204 — chiffrage 2025		621
R072	L3.b	reapplication	réapplication				dépense fiscale 110215 — chiffrage 2025		229
R073	L3.b	reapplication	réapplication				dépense fiscale 110242 — chiffrage 2025		225
R074	L3.b	reapplication	réapplication				dépense fiscale 110211 — chiffrage 2025		143
R075	L3.b	reapplication	réapplication				dépense fiscale 800215 — chiffrage 2025		148
R076	L3.b	reapplication	réapplication				dépense fiscale 210315 — chiffrage 2025		109
R077	L3.b	reapplication	réapplication				dépense fiscale 210329 — chiffrage 2025		75
R078	L3.b	reapplication	réapplication				dépense fiscale 70201 — chiffrage 2025		51
R079	L3.b	reapplication	réapplication				dépense fiscale 190212 — chiffrage 2025		41
R080	L3.b	reapplication	réapplication				dépense fiscale 220109 — chiffrage 2026		60
R081	L3.b	reapplication	réapplication				dépense fiscale 320149 — chiffrage 2026		50
R082	L3.b	reapplication	réapplication				dépense fiscale 110270 — chiffrage 2026		10
R083	L3.b	reapplication	réapplication				dépense fiscale 110271 — chiffrage 2026		20
R084	L3.c	reapplication	réapplication				opérateurs fusionnés		0
R085	L3.c	reapplication	réapplication				opérateurs — plafond global LFI 2025		402456
R086	L3.c	reapplication	réapplication				opérateurs — plafond global PLF 2026		401310
R087	L3.c	reapplication	réapplication				opérateurs — sous plafond		180
R088	L3.c	reapplication	réapplication				opérateurs — en baisse		63
R089	L3.c	reapplication	réapplication				opérateurs — en hausse		26
R090	L3.c	reapplication	réapplication				opérateur France Travail — plafond 2025		49147
R091	L3.c	reapplication	réapplication				opérateur France Travail — plafond 2026		48632
R092	L3.c	reapplication	réapplication				opérateur France Travail — variation		-515
R093	L3.c	reapplication	réapplication				opérateur AFPA — plafond 2025		5330
R094	L3.c	reapplication	réapplication				opérateur AFPA — plafond 2026		4824
R095	L3.c	reapplication	réapplication				opérateur AFPA — variation		-506
R096	L3.c	reapplication	réapplication				opérateur agences régionales de santé — plafond 2025		8273
R097	L3.c	reapplication	réapplication				opérateur agences régionales de santé — plafond 2026		8114
R098	L3.c	reapplication	réapplication				opérateur agences régionales de santé — variation		-159
R099	L3.c	reapplication	réapplication				opérateur Réseau Canopé — plafond 2025		1237
R100	L3.c	reapplication	réapplication				opérateur Réseau Canopé — plafond 2026		1137
R101	L3.c	reapplication	réapplication				opérateur Réseau Canopé — variation		-100
R102	L3.c	reapplication	réapplication				opérateur Centre national d’art et de culture Georges-Pompidou — plafond 2025		1007
R103	L3.c	reapplication	réapplication				opérateur Centre national d’art et de culture Georges-Pompidou — plafond 2026		945
R104	L3.c	reapplication	réapplication				opérateur Centre national d’art et de culture Georges-Pompidou — variation		-62
R105	L3.c	reapplication	réapplication				opérateur Voies navigables de France — plafond 2025		3990
R106	L3.c	reapplication	réapplication				opérateur Voies navigables de France — plafond 2026		3950
R107	L3.c	reapplication	réapplication				opérateur Voies navigables de France — variation		-40
R108	L3.c	reapplication	réapplication				opérateur Office national des forêts — plafond 2025		7946
R109	L3.c	reapplication	réapplication				opérateur Office national des forêts — plafond 2026		7914
R110	L3.c	reapplication	réapplication				opérateur Office national des forêts — variation		-32
R111	L3.c	reapplication	réapplication				opérateur Agence nationale de la cohésion des territoires — plafond 2025		350
R112	L3.c	reapplication	réapplication				opérateur Agence nationale de la cohésion des territoires — plafond 2026		320
R113	L3.c	reapplication	réapplication				opérateur Agence nationale de la cohésion des territoires — variation		-30
R114	L3.c	reapplication	réapplication				opérateurs — variation du plafond global		-1146
R115	L3.c	reapplication	réapplication				opérateurs — inchangés		84
