ligne_schema	schema_2024_Mdeur	etape	assiette	sous_assiette	libelle	rendement_2026_M	siege_code_normalise
TVA	206.3	1 — libellé	6. La consommation	Biens et services	TVA nette	242838.2	code général des impôts
dont énergie*	43.7	2 — ligne d'agrégat	6. La consommation	Énergies	Accise sur les carburants, à l'exception du gaz naturel carburant	1117.9	code des impositions sur les biens et services
dont énergie*	43.7	2 — ligne d'agrégat	6. La consommation	Énergies	Accise sur les énergies perçue en métropole sur les produits autres que les charbons, les gaz naturels et l’électricité	1619.5	code des impositions sur les biens et services
dont énergie*	43.7	2 — ligne d'agrégat	6. La consommation	Énergies	Accise sur les énergies, fraction perçue sur les carburants, outre-mer	548.6	code des impositions sur les biens et services
dont énergie*	43.7	2 — ligne d'agrégat	6. La consommation	Énergies	Accise sur les énergies, perçue sur l'électricité et les combustibles (accise sur les énergies de chauffage), composante modulée en fonction des coûts de la péréquation tarifaire	3249.5	code des impositions sur les biens et services
dont énergie*	43.7	2 — ligne d'agrégat	6. La consommation	Énergies	Accise sur les énergies, perçue sur l'électricité — part communes et EPCI	1084.1	code des impositions sur les biens et services
dont énergie*	43.7	2 — ligne d'agrégat	6. La consommation	Énergies	Accise sur les énergies, perçue sur l'électricité — part départements et métropole de Lyon	819.7	code des impositions sur les biens et services
dont énergie*	43.7	2 — ligne d'agrégat	6. La consommation	Énergies	Accise sur les énergies, perçue sur les gazoles et les essences, en métropole [fractions transférées en compensation du transfert du RMI/RSA et dans le cadre de l'acte II de la décentralisation]	5820.2	
dont énergie*	43.7	2 — ligne d'agrégat	6. La consommation	Énergies	Accise sur les énergies, perçue sur les gazoles et les essences, en métropole [part régionale]	6293.1	
dont énergie*	43.7	2 — ligne d'agrégat	6. La consommation	Énergies	Taxe incitative relative à l'utilisation d'énergie renouvelable dans le transport (TIRUERT)		code des douanes
dont énergie*	43.7	2 — ligne d'agrégat	6. La consommation	Énergies	Taxe intérieure de consommation sur les produits énergétiques (TICPE) - part Grenelle		code général des collectivités territoriales
dont alcool, tabac, jeux	25.6	2 — ligne d'agrégat	6. La consommation	Alcools	Accise sur les alcools, majoration outre-mer perçue sur les spiritueux locaux	4.4	code des impositions sur les biens et services
dont alcool, tabac, jeux	25.6	2 — ligne d'agrégat	6. La consommation	Alcools	Accise sur les alcools, percue sur les catégories fiscales autre celle des alcools	152.5	code des impositions sur les biens et services
dont alcool, tabac, jeux	25.6	2 — ligne d'agrégat	6. La consommation	Alcools	Cotisation spéciale sur les boissons alcooliques	734.3	code de la sécurité sociale
dont alcool, tabac, jeux	25.6	2 — ligne d'agrégat	6. La consommation	Alcools	Droit sur les bières et les boissons non alcoolisées	1172.6	
dont alcool, tabac, jeux	25.6	2 — ligne d'agrégat	6. La consommation	Alcools	Droits de consommation sur les alcools	2172.6	code des impositions sur les biens et services
dont alcool, tabac, jeux	25.6	2 — ligne d'agrégat	6. La consommation	Alcools	Soulte rhum et tafias		
dont alcool, tabac, jeux	25.6	2 — ligne d'agrégat	6. La consommation	Alcools	"Taxe sur les boissons ""premix"""		
dont alcool, tabac, jeux	25.6	2 — ligne d'agrégat	6. La consommation	Jeux et paris	Fraction des Prélèvements sociaux sur les jeux	465.0	code de la sécurité sociale
dont alcool, tabac, jeux	25.6	2 — ligne d'agrégat	6. La consommation	Jeux et paris	Fraction du Prélèvement sur les mises de jeux de cercle en ligne affectée aux communes dans le ressort territorial desquelles sont ouverts au public un ou plusieurs casinos	142.5	code général des impôts
dont alcool, tabac, jeux	25.6	2 — ligne d'agrégat	6. La consommation	Jeux et paris	Fraction du Prélèvement sur les paris hippiques affectée aux EPCI et communes sur le territoire desquelles sont ouverts au public un ou plusieurs hippodromes	59.2	code général des impôts
dont alcool, tabac, jeux	25.6	2 — ligne d'agrégat	6. La consommation	Jeux et paris	Fraction du prélèvement sur les jeux de loterie correspondant aux jeux dédiés au patrimoine	26.5	
dont alcool, tabac, jeux	25.6	2 — ligne d'agrégat	6. La consommation	Jeux et paris	Prélèvement sur le produit brut des jeux dans les casinos	1002.6	code général des collectivités territoriales
dont alcool, tabac, jeux	25.6	2 — ligne d'agrégat	6. La consommation	Jeux et paris	Prélèvement sur le produit brut des jeux dans les casinos en contrepartie d'actions de promotion en faveur du tourisme		code général des collectivités territoriales
dont alcool, tabac, jeux	25.6	2 — ligne d'agrégat	6. La consommation	Jeux et paris	Prélèvement sur les jeux exploités par la FdJ hors paris sportifs	3241.0	code général des impôts
dont alcool, tabac, jeux	25.6	2 — ligne d'agrégat	6. La consommation	Jeux et paris	Prélèvement sur les paris sportifs en ligne de la FdJ et des nouveaux opérateurs agréés	1250.1	code général des impôts
dont alcool, tabac, jeux	25.6	2 — ligne d'agrégat	6. La consommation	Jeux et paris	Redevances sur les paris hippiques	505.3	code général des impôts
dont alcool, tabac, jeux	25.6	2 — ligne d'agrégat	6. La consommation	Jeux et paris	"Sommes constatées par les clubs de jeux au titre des ""orphelins"""		
dont alcool, tabac, jeux	25.6	2 — ligne d'agrégat	6. La consommation	Tabacs	Accise sur les tabacs, en Corse	212.8	code des impositions sur les biens et services
dont alcool, tabac, jeux	25.6	2 — ligne d'agrégat	6. La consommation	Tabacs	Accise sur les tabacs, en métropole (hors Corse)	11422.9	code des impositions sur les biens et services
dont alcool, tabac, jeux	25.6	2 — ligne d'agrégat	6. La consommation	Tabacs	Accise sur les tabacs, outre-mer	2.3	code des impositions sur les biens et services
dont alcool, tabac, jeux	25.6	2 — ligne d'agrégat	6. La consommation	Tabacs	Contribution sociale à la charge des fournisseurs agréés de produits de tabac		code de la sécurité sociale
dont alcool, tabac, jeux	25.6	2 — ligne d'agrégat	6. La consommation	Tabacs	Droit de licence sur la rémunération des débitants de tabacs	330.5	code général des impôts
dont assurances	19.2	2 — ligne d'agrégat	6. La consommation	Assurance	Contribution additionnelle aux primes ou cotisations d'assurance afférentes aux conventions d'assurance couvrant à titre exclusif ou principal les dommages aux sols, récoltes, cultures, bâtiments, et au cheptel mort ou vif affectés aux exploitations agricoles		code général des impôts
dont assurances	19.2	2 — ligne d'agrégat	6. La consommation	Assurance	Contribution des assurés	109.5	
dont assurances	19.2	2 — ligne d'agrégat	6. La consommation	Assurance	Contributions additionnelles aux primes ou cotisations afférentes à certaines conventions d'assurance	120.0	code général des impôts
dont assurances	19.2	2 — ligne d'agrégat	6. La consommation	Assurance	Majoration de la taxe sur les assurances de protection juridique au profit du Conseil national des barreaux		
dont assurances	19.2	2 — ligne d'agrégat	6. La consommation	Assurance	Prélèvement sur le produit des primes ou cotisations additionnelles relatives à la garantie contre le risque de catastrophes naturelles		code de l'environnement
dont assurances	19.2	2 — ligne d'agrégat	6. La consommation	Assurance	Prélèvement sur les contrats d'assurance de biens	672.3	
dont assurances	19.2	2 — ligne d'agrégat	6. La consommation	Assurance	Taxe sur les conventions d'assurance	12646.4	code général des impôts
dont assurances	19.2	2 — ligne d'agrégat	6. La consommation	Assurance	Taxe sur les primes d'assurances		
dont redevances sur l'eau	2.2	1 — libellé	6. La consommation	Eau, déchets et boissons sucrées	Redevances pour prélèvement sur la ressource en eau, pour pollution de l'eau, pour modernisation des réseaux de collecte, pour pollutions diffuses, pour stockage d'eau en période d'étiage, pour obstacle sur les cours d'eau et pour protection du milieu aquatique dans les DOM	28.0	code de l'environnement
dont redevances sur l'eau	2.2	1 — libellé	6. La consommation	Transport, véhicules et déplacements	Redevances pour pollution de l'eau, redevances pour modernisation des réseaux de collecte, redevance sur la consommation d'eau potable, redevances pour la performance des réseaux d'eau potable et pour la performance des systèmes d'assainissement collectif, redevances pour pollutions diffuses, redevances pour prélèvement sur la ressource en eau, redevance pour stockage d'eau en période d'étiage, redevances cynégétiques, droit de validation du permis de chasse, redevance pour protection du milieu aquatique, redevance pour obstacle sur les cours d’eau	2485.7	
dont redevances sur l'eau	2.2	1 — libellé	7. La propriété et les droits d'usage	Locaux d'activité	Redevance pour création de bureaux ou de locaux de recherche en région Ile-de-France	161.1	
dont services de transports	1.9	2 — ligne d'agrégat	6. La consommation	Transport, véhicules et déplacements	Droit départemental de passage sur les ouvrages d'art reliant le continent aux îles maritimes	45.4	code de l'environnement
dont services de transports	1.9	2 — ligne d'agrégat	6. La consommation	Transport, véhicules et déplacements	Taxe annuelle sur les engins maritimes à usage personnel (TAEMUP)	51.0	code de l'environnement
dont services de transports	1.9	2 — ligne d'agrégat	6. La consommation	Transport, véhicules et déplacements	Taxe annuelle sur les engins maritimes à usage personnel (TAEMUP) – Fraction perçue sur les engins ne battant pas pavillon français	0.2	
dont services de transports	1.9	2 — ligne d'agrégat	6. La consommation	Transport, véhicules et déplacements	Taxe d'aéroport	1191.5	code général des impôts
dont services de transports	1.9	2 — ligne d'agrégat	6. La consommation	Transport, véhicules et déplacements	Taxe sur la distance parcourue sur le réseau autoroutier concédé	776.0	code des impositions sur les biens et services
dont services de transports	1.9	2 — ligne d'agrégat	6. La consommation	Transport, véhicules et déplacements	Taxe sur le transport aérien de marchandises		
dont services de transports	1.9	2 — ligne d'agrégat	6. La consommation	Transport, véhicules et déplacements	Taxe sur le transport aérien de passagers, majoration Corse (TAP) et taxe sur le transport maritime de passagers dans certains territoires côtiers (TMPTC)	53.6	
dont services de transports	1.9	2 — ligne d'agrégat	6. La consommation	Transport, véhicules et déplacements	Taxe sur le transport aérien de passagers, majoration outre-mer (TAP)	4.2	code des impositions sur les biens et services
dont services de transports	1.9	2 — ligne d'agrégat	6. La consommation	Transport, véhicules et déplacements	Taxe sur le transport aérien de passagers, tarif de solidarité (TAP, TS)	1447.0	code des impositions sur les biens et services
dont services de transports	1.9	2 — ligne d'agrégat	6. La consommation	Transport, véhicules et déplacements	Taxe sur le transport maritime de passagers destination d'espaces naturels protégés (TTMPDENP)	4.5	code des impositions sur les biens et services
dont services de transports	1.9	2 — ligne d'agrégat	6. La consommation	Transport, véhicules et déplacements	Taxe sur les exploitants de plateformes de mises en relation par voie électronique en vue de fournir certaines prestations de transport	1.5	code des impositions sur les biens et services
dont services de transports	1.9	2 — ligne d'agrégat	6. La consommation	Transport, véhicules et déplacements	Taxe sur les nuisances sonores aériennes (TNSA)	48.8	code des impositions sur les biens et services
dont véhicules	3.1	1 — libellé	5. L'activité des entreprises	Autres prélèvements sur les entreprises	Taxe spéciale sur certains véhicules routiers	176.5	
dont véhicules	3.1	1 — libellé	5. L'activité des entreprises	Autres prélèvements sur les entreprises	Taxes annuelles sur les émissions de CO2 et les émissions de polluants des véhicules de tourisme affectés à une activité économique (TAVTAE - CO2 et TAVTAE - polluants)	1210.0	code des impositions sur les biens et services
dont véhicules	3.1	1 — libellé	5. L'activité des entreprises	Autres prélèvements sur les entreprises	Taxes sur l'affectation des véhicules à des fins économiques, taxe annuelle sur les véhicules lourds de transport de marchandises		code des impositions sur les biens et services
dont véhicules	3.1	1 — libellé	6. La consommation	Transport, véhicules et déplacements	Taxe fixe sur l'immatriculation des véhicules (TFIV)	44.0	code des impositions sur les biens et services
dont véhicules	3.1	1 — libellé	6. La consommation	Transport, véhicules et déplacements	Taxe régionale sur l'immatriculation des véhicules (TRIV) et taxe fixe sur l'immatriculation des véhicules (TFIV)	2277.5	code général des collectivités territoriales
dont véhicules	3.1	1 — libellé	6. La consommation	Transport, véhicules et déplacements	Taxe régionale sur l'immatriculation des véhicules (TRIV), majoration francilienne	91.6	code des impositions sur les biens et services
dont véhicules	3.1	1 — libellé	6. La consommation	Transport, véhicules et déplacements	Taxe sur l'immatriculation des véhicules de transport (TIVT)	62.0	code des impositions sur les biens et services
dont véhicules	3.1	1 — libellé	6. La consommation	Transport, véhicules et déplacements	Taxes sur l'immatriculation des véhicules, taxe sur la masse en ordre de marche des véhicules de tourisme		
dont véhicules	3.1	1 — libellé	6. La consommation	Transport, véhicules et déplacements	Taxes sur l'immatriculation des véhicules, taxe sur les émissions de dioxyde de carbone des véhicules de tourisme		
dont numérique, spectacles	1.8	1 — libellé	6. La consommation	Jeux et paris	Impôt sur les spectacles, jeux et divertissements		code général des impôts
dont numérique, spectacles	1.8	2 — ligne d'agrégat	6. La consommation	Médias, culture et numérique	Taxe sur la cession de droits d'exploitation audiovisuelle des manifestations sportives (TCSDEAMS)	44.3	code des impositions sur les biens et services
dont numérique, spectacles	1.8	2 — ligne d'agrégat	6. La consommation	Médias, culture et numérique	Taxe sur la production et la distribution d'oeuvres cinématographiques	7.7	code des impositions sur les biens et services
dont numérique, spectacles	1.8	2 — ligne d'agrégat	6. La consommation	Médias, culture et numérique	Taxe sur la publicité diffusée au moyen de documents imprimés (ex-taxe sur certaines dépenses de publicité)	14.9	
dont numérique, spectacles	1.8	2 — ligne d'agrégat	6. La consommation	Médias, culture et numérique	Taxe sur la publicité diffusée au moyen de services d'accès à des contenus audiovisuels à la demande	43.1	code des impositions sur les biens et services
dont numérique, spectacles	1.8	2 — ligne d'agrégat	6. La consommation	Médias, culture et numérique	Taxe sur la publicité télévisuelle et autres ressources liées à la diffusion de services de télévision	241.5	code des impositions sur les biens et services
dont numérique, spectacles	1.8	2 — ligne d'agrégat	6. La consommation	Médias, culture et numérique	Taxe sur les biens des industrie du papier (TBIP)	2.8	
dont numérique, spectacles	1.8	2 — ligne d'agrégat	6. La consommation	Médias, culture et numérique	Taxe sur les locations en France de phonogrammes musicaux et de vidéomusiques destinés à l'usage privé du public dans le cadre d'une mise à disposition à la demande sur les réseaux en ligne	21.3	code général des impôts
dont numérique, spectacles	1.8	2 — ligne d'agrégat	6. La consommation	Médias, culture et numérique	Taxe sur les papiers graphiques		
dont numérique, spectacles	1.8	2 — ligne d'agrégat	6. La consommation	Médias, culture et numérique	Taxe sur les services d'accès à des contenus audiovisuels à la demande	151.4	code des impositions sur les biens et services
dont numérique, spectacles	1.8	2 — ligne d'agrégat	6. La consommation	Médias, culture et numérique	Taxe sur les services de communications électroniques		code des impositions sur les biens et services
dont numérique, spectacles	1.8	2 — ligne d'agrégat	6. La consommation	Médias, culture et numérique	Taxe sur les services de télévision	251.9	code des impositions sur les biens et services
dont numérique, spectacles	1.8	1 — libellé	6. La consommation	Médias, culture et numérique	Taxe sur les services numériques	881.6	code des impositions sur les biens et services
dont numérique, spectacles	1.8	1 — libellé	6. La consommation	Médias, culture et numérique	Taxe sur les spectacles cinématographiques	147.8	code des impositions sur les biens et services
dont numérique, spectacles	1.8	1 — libellé	6. La consommation	Médias, culture et numérique	Taxe sur les spectacles vivants, fraction perçue sur les spectacles d'art dramatique, lyrique et chorégraphique (TSV, ADLC)	10.3	code des impositions sur les biens et services
dont numérique, spectacles	1.8	1 — libellé	6. La consommation	Médias, culture et numérique	Taxe sur les spectacles vivants, fraction perçue sur les spectacles de variétés (TSV, SV)	59.9	code des impositions sur les biens et services
dont numérique, spectacles	1.8	2 — ligne d'agrégat	6. La consommation	Médias, culture et numérique	Taxe sur les vidéogrammes	3.0	code des impositions sur les biens et services
dont numérique, spectacles	1.8	1 — libellé	7. La propriété et les droits d'usage	Autres redevances et droits	Taxe sur l'autorisation d'exercice de l'activité d'exploitant d'établissement de spectacles cinématographiques	0.0	code des impositions sur les biens et services
dont autres taxes sur les produits	4.5	2 — ligne d'agrégat	6. La consommation	Biens et services	Contribution annuelle acquittée par les personnes inscrites comme commissaires aux comptes, et droit fixe sur chaque rapport de certification des comptes, et contribution de la compagnie nationale des commissaires aux comptes	18.1	code de commerce
dont autres taxes sur les produits	4.5	2 — ligne d'agrégat	6. La consommation	Biens et services	Contribution tarifaire d'acheminement (CTA)	2162.9	
dont autres taxes sur les produits	4.5	2 — ligne d'agrégat	6. La consommation	Biens et services	Droit sur les produits bénéficiant d'une appellation d'origine ou d'une indication géographique protégée (INAO)	7.3	code rural et de la pêche maritime
dont autres taxes sur les produits	4.5	2 — ligne d'agrégat	6. La consommation	Biens et services	"Taxe ""petit colis"""	500.0	
dont autres taxes sur les produits	4.5	2 — ligne d'agrégat	6. La consommation	Biens et services	Taxe annuelle sur la vente des produits phytopharmaceutiques	17.7	
dont autres taxes sur les produits	4.5	2 — ligne d'agrégat	6. La consommation	Biens et services	Taxe de solidarité additionnelle (TSA)	6654.8	code de la sécurité sociale
dont autres taxes sur les produits	4.5	2 — ligne d'agrégat	6. La consommation	Biens et services	Taxe pour le développement de l'industrie de la conservation des produits agricoles (CTCPA)	2.9	
dont autres taxes sur les produits	4.5	2 — ligne d'agrégat	6. La consommation	Biens et services	Taxe sur le biens des industries de la plasturgie et des composites (TBIPC)	7.4	
dont autres taxes sur les produits	4.5	2 — ligne d'agrégat	6. La consommation	Biens et services	Taxe sur les biens des industries de l'ameublement (TBIA) et taxe sur les biens des industries du bois (TBIB)	14.2	
dont autres taxes sur les produits	4.5	2 — ligne d'agrégat	6. La consommation	Biens et services	Taxe sur les biens des industries de l'habillement (TBIH)	9.8	
dont autres taxes sur les produits	4.5	2 — ligne d'agrégat	6. La consommation	Biens et services	Taxe sur les biens des industries de l'horlogerie, de la bijouterie-joaillerie, de l'orfèvrerie et des arts de la table (TBIHBJOAT)	20.0	
dont autres taxes sur les produits	4.5	2 — ligne d'agrégat	6. La consommation	Biens et services	Taxe sur les biens des industries de la fonderie (TBIF), taxe sur les biens des industries de la soudure (TBIS), taxe sur les biens des industries aérauliques et thermique (TBIAT), taxe sur les biens des industries de la construction métallique (TBICC) et taxe sur les biens des industries mécaniques (TBIC)	109.8	
dont autres taxes sur les produits	4.5	2 — ligne d'agrégat	6. La consommation	Biens et services	Taxe sur les biens des industries des corps gras (TICG)	0.8	
dont autres taxes sur les produits	4.5	2 — ligne d'agrégat	6. La consommation	Biens et services	Taxe sur les biens des industries du béton (TBIB), taxe sur les biens des industries des matériaux de construction en terre cuite (TBIMCT) et taxe sur les biens des industries des roches ornementales et de construction (TBIROC)	13.2	
dont autres taxes sur les produits	4.5	2 — ligne d'agrégat	6. La consommation	Biens et services	Taxe sur les biens des industries du cuir, de la chaussure et de la maroquinerie (TBICCM)	18.1	
dont autres taxes sur les produits	4.5	2 — ligne d'agrégat	6. La consommation	Eau, déchets et boissons sucrées	Contribution générale sur les boissons alcoolique, tarif sur les boissons édulcorées	70.0	
dont autres taxes sur les produits	4.5	2 — ligne d'agrégat	6. La consommation	Eau, déchets et boissons sucrées	Contribution sur les eaux minérales	16.7	code général des impôts
dont autres taxes sur les produits	4.5	2 — ligne d'agrégat	6. La consommation	Eau, déchets et boissons sucrées	Taxe sur les boissons sucrées	967.0	code général des impôts
dont taxe de séjour	1.1	1 — libellé	6. La consommation	Hébergement et séjour	Taxe additionnelle départementale à la taxe de séjour	244.6	code général des collectivités territoriales
dont taxe de séjour	1.1	1 — libellé	6. La consommation	Hébergement et séjour	Taxe additionnelle régionale de 15% à la taxe de séjour IDF	20.3	
dont taxe de séjour	1.1	1 — libellé	6. La consommation	Hébergement et séjour	Taxe additionnelle à la taxe de séjour dans les départements de l'Hérault, de l'Aude et des Pyrénées-Orientales		code général des collectivités territoriales
dont taxe de séjour	1.1	1 — libellé	6. La consommation	Hébergement et séjour	Taxe additionnelle à la taxe de séjour dans les départements de la Gironde, des Landes, du Lot-et-Garonne, des Pyrénées-Atlantiques, de la Haute-Garonne, du Gers, des Hautes-Pyrénées, de l'Ariège, du Lot, du Tarn et du Tarn-et-Garonne		code général des collectivités territoriales
dont taxe de séjour	1.1	2 — ligne d'agrégat	6. La consommation	Hébergement et séjour	Taxe de ski de fond	4.1	code général des collectivités territoriales
dont taxe de séjour	1.1	1 — libellé	6. La consommation	Hébergement et séjour	Taxe de séjour, taxe de séjour forfaitaire	991.8	code général des collectivités territoriales
dont taxe de séjour	1.1	2 — ligne d'agrégat	6. La consommation	Hébergement et séjour	Taxe sur les remontées mécaniques	85.4	code général des collectivités territoriales
dont taxe de séjour	1.1	1 — libellé	6. La consommation	Transport, véhicules et déplacements	Taxe additionnelle à la taxe de séjour dans les départements des Bouches-du-Rhône, du Var et des Alpes-Maritimes		code général des collectivités territoriales
dont taxe pollution	1.0	1 — libellé	5. L'activité des entreprises	Autres prélèvements sur les entreprises	Taxe générale sur les activités polluantes	1356.0	code des douanes
dont taxe pollution	1.0	1 — libellé	6. La consommation	Eau, déchets et boissons sucrées	Taxe sur les déchets mis en décharge (TDMD) et taxe sur les déchets incinérés (TDI), majoration locale	26.0	
dont outre-mer	1.6	1 — libellé	6. La consommation	Importations, octroi de mer et outre-mer	Droit d'octroi de mer et droit d'octroi de mer régional	1744.0	
dont outre-mer	1.6	2 — ligne d'agrégat	6. La consommation	Importations, octroi de mer et outre-mer	Droits d'importation		
dont outre-mer	1.6	2 — ligne d'agrégat	6. La consommation	Importations, octroi de mer et outre-mer	Droits de place		code général des collectivités territoriales
Taxes sur la main d'œuvre	58.0	2 — ligne d'agrégat	3. Les taxes sur la masse salariale	Formation et apprentissage	Contribution au fonds d'assurance formation des chefs d'entreprise inscrite au répertoire des métiers		code du travail
Taxes sur la main d'œuvre	58.0	2 — ligne d'agrégat	3. Les taxes sur la masse salariale	Formation et apprentissage	Contribution conventionnelle à la formation pour les entreprises de travail temporaire	68.5	code du travail
Taxes sur la main d'œuvre	58.0	2 — ligne d'agrégat	3. Les taxes sur la masse salariale	Formation et apprentissage	Contribution spécifique pour le développement de la formation professionnelle initiale et continue dans les métiers des professions du bâtiment et des travaux publics.	131.0	code du travail
Taxes sur la main d'œuvre	58.0	2 — ligne d'agrégat	3. Les taxes sur la masse salariale	Formation et apprentissage	Contribution spécifique à la formation professionnelle pour Saint Pierre et Miquelon	0.3	code du travail
Taxes sur la main d'œuvre	58.0	2 — ligne d'agrégat	3. Les taxes sur la masse salariale	Formation et apprentissage	Contribution supplémentaire à l'apprentissage	190.9	code du travail
Taxes sur la main d'œuvre	58.0	2 — ligne d'agrégat	3. Les taxes sur la masse salariale	Formation et apprentissage	Contribution unique à la formation professionnelle et à l'alternance	10846.5	code du travail
Taxes sur la main d'œuvre	58.0	2 — ligne d'agrégat	3. Les taxes sur la masse salariale	Formation et apprentissage	Financement des congés individuels de formation des salariés sous contrats à durée déterminée CIF-CDD		
Taxes sur la main d'œuvre	58.0	2 — ligne d'agrégat	3. Les taxes sur la masse salariale	Formation et apprentissage	PEFPC : CPF CDD (ex-CIF-CDD) : 1% des salaires versés, ou moins en cas d'accord de branche	322.9	code du travail
Taxes sur la main d'œuvre	58.0	2 — ligne d'agrégat	3. Les taxes sur la masse salariale	Formation et apprentissage	PEFPC : Participation au financement de la formation des intermittents correspondant au minimum à 2% des rémunérations versées	69.1	code du travail
Taxes sur la main d'œuvre	58.0	2 — ligne d'agrégat	3. Les taxes sur la masse salariale	Formation et apprentissage	PEFPC : Participation au financement de la formation des professions non salariées (Artistes auteurs) correspondant au minimum à 0,1% au du montant annuel du plafond de la SS	13.1	
Taxes sur la main d'œuvre	58.0	2 — ligne d'agrégat	3. Les taxes sur la masse salariale	Formation et apprentissage	PEFPC : Participation au financement de la formation des professions non salariées (Entreprises du Vivant, agriculture) correspondant à 0,30 % des revenus professionnels ou de l'assiette forfaitaire déterminés à l'article L. 731-16 du code rural et de la pêche maritime	60.7	code du travail
Taxes sur la main d'œuvre	58.0	2 — ligne d'agrégat	3. Les taxes sur la masse salariale	Formation et apprentissage	PEFPC : Participation au financement de la formation des professions non salariées (Particuliers employeurs) correspondant au minimum à 0,15% au du montant annuel du plafond de la SS	19.1	code du travail
Taxes sur la main d'œuvre	58.0	2 — ligne d'agrégat	3. Les taxes sur la masse salariale	Formation et apprentissage	PEFPC : Participation au financement de la formation des professions non salariées (Peche et culture) correspondant au minimum à 0,15% au du montant annuel du plafond de la SS	0.5	code du travail
Taxes sur la main d'œuvre	58.0	2 — ligne d'agrégat	3. Les taxes sur la masse salariale	Formation et apprentissage	PEFPC : Participation au financement de la formation des professions non salariées (artisans) correspondant à 0,29% du montant annuel du plafond de la sécurité sociale, dont micro entrepreneurs	95.0	
Taxes sur la main d'œuvre	58.0	2 — ligne d'agrégat	3. Les taxes sur la masse salariale	Formation et apprentissage	PEFPC : Participation au financement de la formation des professions non salariées (à l'exception des artisans et des exploitants agricoles) correspondant à 0,25% du montant annuel du plafond de la sécurité sociale	204.0	
Taxes sur la main d'œuvre	58.0	2 — ligne d'agrégat	3. Les taxes sur la masse salariale	Formation et apprentissage	Solde de la taxe d'apprentissage après prise en compte des versements directs des entreprises mentionnés au II de l'article L. 6241-2	513.1	code du travail
Taxes sur la main d'œuvre	58.0	2 — ligne d'agrégat	3. Les taxes sur la masse salariale	Formation et apprentissage	Taxe pour le développement de la formation professionnelle dans les métiers de la réparation de l'automobile, du cycle et du motocycle	28.8	
Taxes sur la main d'œuvre	58.0	2 — ligne d'agrégat	3. Les taxes sur la masse salariale	Garantie des salaires	Contribution des employeurs à l'association pour la gestion du régime d'assurance des créances des salariés (AGS)	1747.0	code du travail
Taxes sur la main d'œuvre	58.0	2 — ligne d'agrégat	3. Les taxes sur la masse salariale	Handicap, dialogue social et publics spécifiques	Contribution annuelle au fonds de développement pour l'insertion professionnelle des handicapés (FIPH)	507.0	
Taxes sur la main d'œuvre	58.0	2 — ligne d'agrégat	3. Les taxes sur la masse salariale	Handicap, dialogue social et publics spécifiques	Contribution annuelle au fonds de développement pour l'insertion professionnelle des personnes handicapées dans la fonction publique (FIPHFP)	120.0	code général de la fonction publique
Taxes sur la main d'œuvre	58.0	2 — ligne d'agrégat	3. Les taxes sur la masse salariale	Handicap, dialogue social et publics spécifiques	Contribution aux unions régionales des professionnels de santé (CURPS)		code de la santé publique
Taxes sur la main d'œuvre	58.0	2 — ligne d'agrégat	3. Les taxes sur la masse salariale	Handicap, dialogue social et publics spécifiques	Contribution des diffuseurs d'œuvres au financement de la protection sociale des artistes auteurs		code de la sécurité sociale
Taxes sur la main d'œuvre	58.0	2 — ligne d'agrégat	3. Les taxes sur la masse salariale	Handicap, dialogue social et publics spécifiques	Contribution patronale au dialogue social (0,016%)	123.7	code du travail
Taxes sur la main d'œuvre	58.0	2 — ligne d'agrégat	3. Les taxes sur la masse salariale	Handicap, dialogue social et publics spécifiques	Cotisation BTP intempéries	128.3	
Taxes sur la main d'œuvre	58.0	2 — ligne d'agrégat	3. Les taxes sur la masse salariale	Handicap, dialogue social et publics spécifiques	Cotisations médecine du travail		code de la sécurité sociale
Taxes sur la main d'œuvre	58.0	2 — ligne d'agrégat	3. Les taxes sur la masse salariale	Logement des salariés	Participation des employeurs à l'effort de construction (PEEC)	2025.5	code de la construction et de l'habitation
Taxes sur la main d'œuvre	58.0	2 — ligne d'agrégat	3. Les taxes sur la masse salariale	Logement des salariés	Prélèvement sur la participation des employeurs à l'effort de construction (PEEC)	6.4	code de la construction et de l'habitation
Taxes sur la main d'œuvre	58.0	2 — ligne d'agrégat	3. Les taxes sur la masse salariale	Taxe sur les salaires	Taxe sur les salaires	17877.0	
Taxes sur la main d'œuvre	58.0	2 — ligne d'agrégat	3. Les taxes sur la masse salariale	Versement mobilité	Versement transport dû par les entreprises de plus de 11 salariés implantées en province		code général des collectivités territoriales
Taxes sur la main d'œuvre	58.0	2 — ligne d'agrégat	3. Les taxes sur la masse salariale	Versement mobilité	Versement transport dû par les entreprises de plus de 11 salariés implantées en province – part IdFM	6652.2	code général des collectivités territoriales
—		0 — hors périmètre du schéma	2. Les contributions sociales sur les revenus	Épargne salariale et actionnariat	Contributions patronales et salariales sur les attributions d’options (stock-options) de souscription ou d’achat des actions et sur les attributions gratuites	1669.1	code de la sécurité sociale
dont forfaits de cotisation	8.8	1 — libellé	2. Les contributions sociales sur les revenus	Épargne salariale et actionnariat	Forfait social	6690.2	code de la sécurité sociale
IR net	87.3	2 — ligne d'agrégat	4. Le revenu des personnes	Plus-values des particuliers	Exit tax		code général des impôts
IR net	87.3	2 — ligne d'agrégat	4. Le revenu des personnes	Plus-values des particuliers	Taxe sur la cession à titre onéreux des terrains nus ou des droits relatifs à des terrains nus rendus constructibles du fait de leur classement	17.0	code général des impôts
IR net	87.3	2 — ligne d'agrégat	4. Le revenu des personnes	Plus-values des particuliers	Taxe sur les plus-values immobilières (PVI) autres que terrains à bâtir		code général des impôts
IR net	87.3	2 — ligne d'agrégat	4. Le revenu des personnes	Revenus du capital	Retenues à la source et prélèvements sur les revenus de capitaux mobiliers et le prélèvement sur les bons anonymes	4800.0	code général des impôts
IR net	87.3	2 — ligne d'agrégat	4. Le revenu des personnes	Revenus du capital	Taxe spéciale due en cas de non-respect de l'engagement de conserver pendant 5 ans les parts de FCPR ou FCPI		
IR net	87.3	2 — ligne d'agrégat	4. Le revenu des personnes	Revenus du capital	Taxe sur les ordres annulés dans le cadre d'opérations à haute fréquence		code général des impôts
IR net	87.3	2 — ligne d'agrégat	4. Le revenu des personnes	Revenus du capital	Taxe sur les transactions financières - fraction affectée de la ressource État	2630.0	code général des impôts
IR net	87.3	2 — ligne d'agrégat	4. Le revenu des personnes	Revenus fonciers	Contribution annuelle sur les revenus locatifs		code général des impôts
IR net	87.3	2 — ligne d'agrégat	4. Le revenu des personnes	Traitements, salaires et pensions	Autres impôts directs perçus par voie d'émission de rôles	2414.3	
IR net	87.3	2 — ligne d'agrégat	4. Le revenu des personnes	Traitements, salaires et pensions	CDHR	1650.0	code général des impôts
IR net	87.3	1 — libellé	4. Le revenu des personnes	Traitements, salaires et pensions	Impôt net sur le revenu	130178.0	code général des impôts
IR net	87.3	2 — ligne d'agrégat	4. Le revenu des personnes	Traitements, salaires et pensions	Retenues à la source sur certains bénéfices non commerciaux et de l'impôt sur le revenu	1127.9	code général des impôts
IS net	57.4	1 — libellé	5. L'activité des entreprises	Bénéfice des entreprises	Impôt sur les sociétés	84694.4	code général des impôts
Taxes sur chiffre d'affaires et bénéfices	10.3	2 — ligne d'agrégat	5. L'activité des entreprises	Bénéfice des entreprises	Contribution de la Caisse des dépôts et consignations représentative de l'impôt sur les sociétés	374.0	
Taxes sur chiffre d'affaires et bénéfices	10.3	2 — ligne d'agrégat	5. L'activité des entreprises	Bénéfice des entreprises	Contribution exceptionnelle sur les bénéfices des entreprises	4000.0	
Taxes sur chiffre d'affaires et bénéfices	10.3	2 — ligne d'agrégat	5. L'activité des entreprises	Bénéfice des entreprises	Contribution sociale de solidarité des sociétés (C3S)	5452.3	code de la sécurité sociale
Taxes sur chiffre d'affaires et bénéfices	10.3	2 — ligne d'agrégat	5. L'activité des entreprises	Bénéfice des entreprises	Contribution sociale nette sur les bénéfices des sociétés	1411.0	code général des impôts
Taxes sur chiffre d'affaires et bénéfices	10.3	2 — ligne d'agrégat	5. L'activité des entreprises	Bénéfice des entreprises	Taxe sur les excédents de provisions des entreprises d'assurance de dommages		code général des impôts
Taxes sur chiffre d'affaires et bénéfices	10.3	2 — ligne d'agrégat	5. L'activité des entreprises	Bénéfice des entreprises	Taxe sur les rachats d'actions	200.0	
Taxes sur chiffre d'affaires et bénéfices	10.3	2 — ligne d'agrégat	5. L'activité des entreprises	Bénéfice des entreprises	Transposition de la directive UE sur la taxation minimale des multinationales	500.0	code général des impôts
Taxes sur chiffre d'affaires et bénéfices	10.3	2 — ligne d'agrégat	5. L'activité des entreprises	Chiffre d'affaires	Contribution due par les entreprises fabriquant ou exploitant des dispositifs médicaux sur leurs dépenses de publicité	48.2	code de la sécurité sociale
Taxes sur chiffre d'affaires et bénéfices	10.3	2 — ligne d'agrégat	5. L'activité des entreprises	Chiffre d'affaires	Contribution due par les laboratoires et les grossistes répartiteurs sur les ventes en gros aux officines pharmaceutiques	271.1	code de la sécurité sociale
Taxes sur chiffre d'affaires et bénéfices	10.3	2 — ligne d'agrégat	5. L'activité des entreprises	Chiffre d'affaires	Contribution sur le chiffre d'affaires des entreprises exploitant une ou plusieurs spécialités pharmaceutiques	658.9	code de la sécurité sociale
Taxes sur chiffre d'affaires et bénéfices	10.3	2 — ligne d'agrégat	5. L'activité des entreprises	Chiffre d'affaires	Contribution à la charge des entreprises assurant l'exploitation, l'importation parallèle ou la distribution parallèle d'une ou de plusieurs spécialités pharmaceutiques		code de la sécurité sociale
Taxes sur chiffre d'affaires et bénéfices	10.3	2 — ligne d'agrégat	5. L'activité des entreprises	Chiffre d'affaires	Contribution à la charge des exploitants d'un ou plusieurs produits ou prestations		code de la sécurité sociale
Taxes sur chiffre d'affaires et bénéfices	10.3	2 — ligne d'agrégat	5. L'activité des entreprises	Chiffre d'affaires	Contributions à la charge des fabricants ou distributeurs de dispositifs médicaux, tissus et cellules, produits de santé autres que les médicaments et prestations associées		code de la sécurité sociale
Taxes sur chiffre d'affaires et bénéfices	10.3	2 — ligne d'agrégat	5. L'activité des entreprises	Chiffre d'affaires	Taxe sur l'exploitation des infrastructures de transport de longue distance (TEITLD)	700.0	code des impositions sur les biens et services
Taxes sur chiffre d'affaires et bénéfices	10.3	2 — ligne d'agrégat	5. L'activité des entreprises	Chiffre d'affaires	Taxe sur le chiffre d'affaires des exploitants agricoles		code général des impôts
Taxe foncière	42.9	2 — ligne d'agrégat	7. La propriété et les droits d'usage	Détention immobilière	Impôt sur la fortune immobilière	3094.5	code général des impôts
Taxe foncière	42.9	2 — ligne d'agrégat	7. La propriété et les droits d'usage	Détention immobilière	Taxe additionnelle spéciale annuelle (TASA)		code général des impôts
Taxe foncière	42.9	2 — ligne d'agrégat	7. La propriété et les droits d'usage	Détention immobilière	Taxe additionnelle à la taxe foncière sur les propriétés non baties, pour frais de chambres d'agriculture (TCA-TFPNB)	334.7	code général des impôts
Taxe foncière	42.9	1 — libellé	7. La propriété et les droits d'usage	Détention immobilière	Taxe foncière sur les propriétés bâties		code général des impôts
Taxe foncière	42.9	1 — libellé	7. La propriété et les droits d'usage	Détention immobilière	Taxe foncière sur les propriétés non bâties		code général des impôts
Taxe foncière	42.9	2 — ligne d'agrégat	7. La propriété et les droits d'usage	Détention immobilière	Taxe sur la valeur vénale des immeubles		code général des impôts
Taxe foncière	42.9	2 — ligne d'agrégat	7. La propriété et les droits d'usage	Occupation du logement	Taxe annuelle sur les logements vacants		code général des impôts
Taxe foncière	42.9	2 — ligne d'agrégat	7. La propriété et les droits d'usage	Occupation du logement	Taxe d'habitation sur les résidences secondaires		code général des impôts
Taxe foncière	42.9	2 — ligne d'agrégat	7. La propriété et les droits d'usage	Services urbains	Taxe de balayage	111.6	
Taxe foncière	42.9	2 — ligne d'agrégat	7. La propriété et les droits d'usage	Services urbains	Taxes d'enlèvement des ordures ménagères	5859.3	code général des impôts
Taxe foncière	42.9	2 — ligne d'agrégat	7. La propriété et les droits d'usage	Urbanisme et aménagement	Indemnité de défrichement	2.0	
Taxe foncière	42.9	2 — ligne d'agrégat	7. La propriété et les droits d'usage	Urbanisme et aménagement	Taxe d'archéologie préventive		code général des impôts
Taxe foncière	42.9	2 — ligne d'agrégat	7. La propriété et les droits d'usage	Urbanisme et aménagement	Taxe d’aménagement	1459.7	
Taxe foncière	42.9	2 — ligne d'agrégat	7. La propriété et les droits d'usage	Urbanisme et aménagement	Taxe gestion des milieux aquatiques et prévention des inondations (GEMAPI)		code général des impôts
Taxe foncière	42.9	2 — ligne d'agrégat	7. La propriété et les droits d'usage	Urbanisme et aménagement	Taxe pour non-raccordement à l'égout - Participation pour le financement de l'assainissement collectif (PAC)	0.7	code de la santé publique
Taxe foncière	42.9	2 — ligne d'agrégat	7. La propriété et les droits d'usage	Urbanisme et aménagement	Taxe spéciale d'équipement au profit de l'établissement public Société des grands projets	67.1	code général des impôts
Taxe foncière	42.9	2 — ligne d'agrégat	7. La propriété et les droits d'usage	Urbanisme et aménagement	Taxe sur la publicité extérieure (TPE)	259.5	code des impositions sur les biens et services
Taxe foncière	42.9	2 — ligne d'agrégat	7. La propriété et les droits d'usage	Urbanisme et aménagement	Taxes spéciales d'équipement	453.0	code général des impôts
Taxe foncière	42.9	2 — ligne d'agrégat	7. La propriété et les droits d'usage	Urbanisme et aménagement	Versement pour sous-densité		
Autres taxes sur les ménages	6.5	2 — ligne d'agrégat	7. La propriété et les droits d'usage	Actes juridiques et professions réglementées	Contribution équivalente aux droits de plaidoirie	123.5	code de la sécurité sociale
Autres taxes sur les ménages	6.5	2 — ligne d'agrégat	7. La propriété et les droits d'usage	Actes juridiques et professions réglementées	Droit affecté au fonds d’indemnisation de la profession d’avoués près les cours d’appel	24.9	code général des impôts
Autres taxes sur les ménages	6.5	2 — ligne d'agrégat	7. La propriété et les droits d'usage	Actes juridiques et professions réglementées	Droits de plaidoirie	5.2	code de la sécurité sociale
Autres taxes sur les ménages	6.5	2 — ligne d'agrégat	7. La propriété et les droits d'usage	Actes juridiques et professions réglementées	Droits sur les actes judiciaires et extrajudiciaires		
Autres taxes sur les ménages	6.5	2 — ligne d'agrégat	7. La propriété et les droits d'usage	Actes juridiques et professions réglementées	Droits sur les conventions et actes civils	586.1	code général des impôts
Autres taxes sur les ménages	6.5	2 — ligne d'agrégat	7. La propriété et les droits d'usage	Actes juridiques et professions réglementées	Taxe sur les émoluments		
Autres taxes sur les ménages	6.5	2 — ligne d'agrégat	7. La propriété et les droits d'usage	Autres redevances et droits	Autres droits et recettes accessoires	4.5	
Autres taxes sur les ménages	6.5	2 — ligne d'agrégat	7. La propriété et les droits d'usage	Autres redevances et droits	Autres taxes	5024.3	
Autres taxes sur les ménages	6.5	2 — ligne d'agrégat	7. La propriété et les droits d'usage	Autres redevances et droits	Contribution vie étudiante et campus	194.0	code de l'éducation
Autres taxes sur les ménages	6.5	2 — ligne d'agrégat	7. La propriété et les droits d'usage	Détention de patrimoine mobilier	Prélèvement sur les biens, droits et produits placés dans un trust		code général des impôts
Autres taxes sur les ménages	6.5	2 — ligne d'agrégat	7. La propriété et les droits d'usage	Détention de patrimoine mobilier	Prélèvement sur les contrats d'assurance-vie en deshérence; 'Prélèvement sur les contrats participation et intéressement en déshérence	36.1	code du travail
Autres taxes sur les ménages	6.5	2 — ligne d'agrégat	7. La propriété et les droits d'usage	Détention de patrimoine mobilier	Taxe forfaitaire sur les métaux précieux, les bijoux, les objets d'art, de collection et d'antiquité	148.5	code général des impôts
Autres taxes sur les ménages	6.5	2 — ligne d'agrégat	7. La propriété et les droits d'usage	Détention de patrimoine mobilier	Taxe holding		code général des impôts
Autres taxes sur les ménages	6.5	2 — ligne d'agrégat	7. La propriété et les droits d'usage	Détention de patrimoine mobilier	Taxe sur le patrimoine financier	1000.0	
Autres taxes sur les ménages	6.5	2 — ligne d'agrégat	7. La propriété et les droits d'usage	Timbre et formalités administratives	Actes et écrits assujettis au timbre de dimension	0.0	
Autres taxes sur les ménages	6.5	2 — ligne d'agrégat	7. La propriété et les droits d'usage	Timbre et formalités administratives	Droit de timbre sur les demandes de naturalisation, les demandes de réintégration dans la nationalité française et les déclarations d'acquisition de la nationalité		code général des impôts
Autres taxes sur les ménages	6.5	2 — ligne d'agrégat	7. La propriété et les droits d'usage	Timbre et formalités administratives	Droit de timbre sur les procédures civiles en première instance et prud’hommales	45.0	code général des impôts
Autres taxes sur les ménages	6.5	2 — ligne d'agrégat	7. La propriété et les droits d'usage	Timbre et formalités administratives	Droit de timbre sur les visas de passeports étrangers		code général des impôts
Autres taxes sur les ménages	6.5	2 — ligne d'agrégat	7. La propriété et les droits d'usage	Timbre et formalités administratives	Fraction des droits de timbre relative aux titres de séjours	21.1	code général des impôts
Autres taxes sur les ménages	6.5	2 — ligne d'agrégat	7. La propriété et les droits d'usage	Timbre et formalités administratives	Fraction des droits de timbre sur les cartes nationales d'identité	25.2	
Autres taxes sur les ménages	6.5	2 — ligne d'agrégat	7. La propriété et les droits d'usage	Timbre et formalités administratives	Fraction des droits de timbre sur les passeports sécurisés	392.7	
Autres taxes sur les ménages	6.5	2 — ligne d'agrégat	7. La propriété et les droits d'usage	Timbre et formalités administratives	Taxe applicable aux demandes de validation d'une attestation d'accueil		
Autres taxes sur les ménages	6.5	2 — ligne d'agrégat	7. La propriété et les droits d'usage	Timbre et formalités administratives	Taxe sur le permis de conduire des bateaux de plaisance à moteur		code des impositions sur les biens et services
Autres taxes sur les ménages	6.5	2 — ligne d'agrégat	7. La propriété et les droits d'usage	Timbre et formalités administratives	Taxe sur le renouvellement et l'échange du permis de conduire (TREPC)	15.0	code des impositions sur les biens et services
Autres taxes sur les ménages	6.5	2 — ligne d'agrégat	7. La propriété et les droits d'usage	Timbre et formalités administratives	Taxe sur le visa d'exploitation cinématographique	0.1	code des impositions sur les biens et services
Autres taxes sur les ménages	6.5	2 — ligne d'agrégat	7. La propriété et les droits d'usage	Timbre et formalités administratives	Taxe sur les permis de conduire	0.0	code général des impôts
Autres taxes sur les ménages	6.5	2 — ligne d'agrégat	7. La propriété et les droits d'usage	Timbre et formalités administratives	Timbre unique	567.0	
Autres taxes sur les entreprises	13.2	2 — ligne d'agrégat	5. L'activité des entreprises	Autres prélèvements sur les entreprises	Contribution au fonds de garantie des dommages consécutifs à des actes de prévention, de diagnostic ou de soins dispensés par des professionnels de santé		code de la santé publique
Autres taxes sur les entreprises	13.2	2 — ligne d'agrégat	5. L'activité des entreprises	Autres prélèvements sur les entreprises	Contribution forfaitaire annuelle à la charge des professionnels de santé	8.3	
Autres taxes sur les entreprises	13.2	2 — ligne d'agrégat	5. L'activité des entreprises	Autres prélèvements sur les entreprises	Contribution forfaitaire des organismes assureurs et contribution forfaitaire des organismes participant à la gestion du régime prévu par la loi n° 2001-1128 du 30 novembre 2001	4.1	code général des impôts
Autres taxes sur les entreprises	13.2	2 — ligne d'agrégat	5. L'activité des entreprises	Autres prélèvements sur les entreprises	Contributions sociales maladie - Contribution UNOCAM et autres		code de la sécurité sociale
Autres taxes sur les entreprises	13.2	2 — ligne d'agrégat	5. L'activité des entreprises	Autres prélèvements sur les entreprises	Taxe annuelle due par les laboratoires de biologie médicale		
Autres taxes sur les entreprises	13.2	2 — ligne d'agrégat	5. L'activité des entreprises	Autres prélèvements sur les entreprises	Taxe pour le financement du fonds de soutien aux collectivités territoriales ayant contracté des produits structurés		code général des impôts
Autres taxes sur les entreprises	13.2	2 — ligne d'agrégat	5. L'activité des entreprises	Autres prélèvements sur les entreprises	Taxe sur les installations de production d'électricité utilisant l'énergie mécanique du vent situées dans les eaux intérieures ou la mer territoriale	18.0	code général des impôts
Autres taxes sur les entreprises	13.2	2 — ligne d'agrégat	5. L'activité des entreprises	Bailleurs sociaux	Cotisation additionnelle versée par les organismes HLM et les SEM	38.0	code de la construction et de l'habitation
Autres taxes sur les entreprises	13.2	2 — ligne d'agrégat	5. L'activité des entreprises	Bailleurs sociaux	Cotisation versée par les organismes HLM	11.3	
Autres taxes sur les entreprises	13.2	2 — ligne d'agrégat	5. L'activité des entreprises	Bailleurs sociaux	Cotisation versée par les organismes HLM et les SEM	590.2	code de la construction et de l'habitation
Autres taxes sur les entreprises	13.2	2 — ligne d'agrégat	5. L'activité des entreprises	Dépenses des entreprises	Contribution due par les laboratoires sur leurs dépenses de publicité	129.9	code de la sécurité sociale
Autres taxes sur les entreprises	13.2	2 — ligne d'agrégat	5. L'activité des entreprises	Valeur ajoutée	CVAE	2741.3	code général des impôts
Autres taxes sur les entreprises	13.2	2 — ligne d'agrégat	5. L'activité des entreprises	Valeur ajoutée	TA-CVAE - Taxe additionnelle à la cotisation sur la valeur ajoutée des entreprises pour frais de chambres de commerce et d'industrie de région	326.3	
Autres taxes sur les entreprises	13.2	2 — ligne d'agrégat	5. L'activité des entreprises	Équipements, installations et réseaux	Contribution annuelle au profit de l'Institut de radioprotection et de sûreté nucléaire		
Autres taxes sur les entreprises	13.2	2 — ligne d'agrégat	5. L'activité des entreprises	Équipements, installations et réseaux	Contribution emballage liée à la responsabilité élargie du producteur		code de l'environnement
Autres taxes sur les entreprises	13.2	2 — ligne d'agrégat	5. L'activité des entreprises	Équipements, installations et réseaux	Cotisation interprofessionnelle étendue Équarrissage		
Autres taxes sur les entreprises	13.2	2 — ligne d'agrégat	5. L'activité des entreprises	Équipements, installations et réseaux	Imposition forfaitaire annuelle sur les pylônes	376.8	code général des impôts
Autres taxes sur les entreprises	13.2	2 — ligne d'agrégat	5. L'activité des entreprises	Équipements, installations et réseaux	Imposition forfaitaire sur le matériel roulant circulant sur le réseau de transport ferroviaire et guidé géré par la RATP - IFER-STIF RATP	86.2	code général des impôts
Autres taxes sur les entreprises	13.2	2 — ligne d'agrégat	5. L'activité des entreprises	Équipements, installations et réseaux	Imposition forfaitaire sur les centrales de production d'énergie électrique d'origine photovoltaïque ou hydraulique		code général des impôts
Autres taxes sur les entreprises	13.2	2 — ligne d'agrégat	5. L'activité des entreprises	Équipements, installations et réseaux	Imposition forfaitaire sur les entreprises de réseaux	0.0	code général des impôts
Autres taxes sur les entreprises	13.2	2 — ligne d'agrégat	5. L'activité des entreprises	Équipements, installations et réseaux	Imposition forfaitaire sur les réseaux de gaz naturel et canalisations d'hydrocarbures		code général des impôts
Autres taxes sur les entreprises	13.2	2 — ligne d'agrégat	5. L'activité des entreprises	Équipements, installations et réseaux	Redevances communale et départementale des mines	17.4	code général des impôts
Autres taxes sur les entreprises	13.2	2 — ligne d'agrégat	5. L'activité des entreprises	Équipements, installations et réseaux	Taxe due par les concessionnaires de mines d'or, les amodiataires des concessions de mines d'or et les titulaires de permis et d'autorisations d'exploitation de mines d'or exploitées en Guyane (taxe additionnelle aurifère)	0.8	
Autres taxes sur les entreprises	13.2	2 — ligne d'agrégat	5. L'activité des entreprises	Équipements, installations et réseaux	Taxe sur l'exploration d'hydrocarbures		code général des impôts
Autres taxes sur les entreprises	13.2	2 — ligne d'agrégat	5. L'activité des entreprises	Équipements, installations et réseaux	Taxe sur les entreprises ayant bénéficié de quotas d'émission de gaz à effet de serre		
Autres taxes sur les entreprises	13.2	2 — ligne d'agrégat	5. L'activité des entreprises	Équipements, installations et réseaux	Taxe sur les installations nucléaires de base concourant à la gestion des substances radioactives		
Autres taxes sur les entreprises	13.2	2 — ligne d'agrégat	5. L'activité des entreprises	Équipements, installations et réseaux	Taxe sur les installations nucléaires de base relevant du secteur énergétique et assimilées, tarif d'accompagnement (TINB-E, TA)	57.9	code des impositions sur les biens et services
Autres taxes sur les entreprises	13.2	2 — ligne d'agrégat	5. L'activité des entreprises	Équipements, installations et réseaux	Taxe sur les installations nucléaires de base relevant du secteur énergétique et assimilées, tarif de base (TINB-E, TA)	793.2	code des impositions sur les biens et services
Autres taxes sur les entreprises	13.2	2 — ligne d'agrégat	5. L'activité des entreprises	Équipements, installations et réseaux	Taxe sur les installations nucléaires de base relevant du secteur énergétique et assimilées, tarif de conception (TINB-E, TC)	133.3	code des impositions sur les biens et services
Autres taxes sur les entreprises	13.2	2 — ligne d'agrégat	5. L'activité des entreprises	Équipements, installations et réseaux	Taxe sur les installations nucléaires de base relevant du secteur énergétique et assimilées, tarif de recherche (TINB-E, TR)	63.2	code des impositions sur les biens et services
Autres taxes sur les entreprises	13.2	2 — ligne d'agrégat	5. L'activité des entreprises	Équipements, installations et réseaux	Taxe sur les installations nucléaires de base relevant du secteur énergétique et assimilées, tarif de stockage (TINB-E, TC)	3.3	
Autres taxes sur les entreprises	13.2	2 — ligne d'agrégat	7. La propriété et les droits d'usage	Locaux d'activité	CFE	1.0	code général des impôts
Autres taxes sur les entreprises	13.2	2 — ligne d'agrégat	7. La propriété et les droits d'usage	Locaux d'activité	Participation pour non-réalisation d'aires de stationnement		
Autres taxes sur les entreprises	13.2	2 — ligne d'agrégat	7. La propriété et les droits d'usage	Locaux d'activité	TA-CFE - fraction CCI-R de la Taxe additionnelle à la cotisation foncière des entreprises pour frais de chambres de commerce et d’industrie de région	280.7	
Autres taxes sur les entreprises	13.2	2 — ligne d'agrégat	7. La propriété et les droits d'usage	Locaux d'activité	TA-CFE - fraction CRMA de la Taxe additionnelle à la cotisation foncière des entreprises pour frais de chambre régionale de métiers et d'artisanat	264.5	code général des impôts
Autres taxes sur les entreprises	13.2	2 — ligne d'agrégat	7. La propriété et les droits d'usage	Locaux d'activité	Taxe additionnelle à la TASCOM		code général des impôts
Autres taxes sur les entreprises	13.2	2 — ligne d'agrégat	7. La propriété et les droits d'usage	Locaux d'activité	Taxe annuelle sur les locaux à usage de bureaux, les locaux commerciaux, les locaux de stockage et les surfaces de stationnement annexées à ces catégories de locaux perçue dans la région Ile-de-France	1034.2	code général des impôts
Autres taxes sur les entreprises	13.2	2 — ligne d'agrégat	7. La propriété et les droits d'usage	Locaux d'activité	Taxe annuelle sur les locaux à usage de bureaux, les locaux commerciaux, les locaux de stockage et les surfaces de stationnement perçue dans les départements des Bouches-du-Rhône, du Var et des Alpes-Maritimes		code général des impôts
Autres taxes sur les entreprises	13.2	2 — ligne d'agrégat	7. La propriété et les droits d'usage	Locaux d'activité	Taxe pour frais de chambre de métiers (CMA)		code général des impôts
Autres taxes sur les entreprises	13.2	2 — ligne d'agrégat	7. La propriété et les droits d'usage	Locaux d'activité	Taxe pour frais de chambre de métiers d'Alsace		
Autres taxes sur les entreprises	13.2	2 — ligne d'agrégat	7. La propriété et les droits d'usage	Locaux d'activité	Taxe pour frais de chambre de métiers de Moselle		
Autres taxes sur les entreprises	13.2	2 — ligne d'agrégat	7. La propriété et les droits d'usage	Locaux d'activité	Taxe pour les chambres de commerce et d'industrie (TCCI)		code général des impôts
Autres taxes sur les entreprises	13.2	2 — ligne d'agrégat	7. La propriété et les droits d'usage	Locaux d'activité	Taxe sur les surfaces commerciales	240.6	
Autres taxes sur les entreprises	13.2	2 — ligne d'agrégat	7. La propriété et les droits d'usage	Locaux d'activité	Taxe sur les surfaces de stationnement	84.5	code général des impôts
Autres taxes sur les entreprises	13.2	2 — ligne d'agrégat	7. La propriété et les droits d'usage	Locaux d'activité	Taxes sur les friches commerciales	9.3	code général des impôts
Droits de mutation	37.9	2 — ligne d'agrégat	7. La propriété et les droits d'usage	Mutations et transmissions	Droits d'enregistrement		code général des impôts
Droits de mutation	37.9	2 — ligne d'agrégat	7. La propriété et les droits d'usage	Mutations et transmissions	Droits d'enregistrement sur les mutations de jouissance (baux d'immeubles et commerciaux à durée limitée)		code général des impôts
Droits de mutation	37.9	2 — ligne d'agrégat	7. La propriété et les droits d'usage	Mutations et transmissions	Prélèvement sur les sommes versées par les organismes d'assurances et assimilés à raison des contrats d'assurance en cas de décès	478.3	code général des impôts
Droits de mutation	37.9	2 — ligne d'agrégat	7. La propriété et les droits d'usage	Mutations et transmissions	Taxe additionnelle au droit de bail		
Droits de mutation	37.9	2 — ligne d'agrégat	7. La propriété et les droits d'usage	Mutations et transmissions	Taxe additionnelle aux droits de mutation de locaux à usage de bureaux en IdF		code général des impôts
à titre onéreux	17.1	1 — libellé	7. La propriété et les droits d'usage	Mutations et transmissions	Droits de mutation à titre onéreux de créances, rentes, prix d'offices	471.3	code général des impôts
à titre onéreux	17.1	1 — libellé	7. La propriété et les droits d'usage	Mutations et transmissions	Droits de mutation à titre onéreux de fonds de commerce	241.2	code général des impôts
à titre onéreux	17.1	1 — libellé	7. La propriété et les droits d'usage	Mutations et transmissions	Droits de mutation à titre onéreux de meubles corporels	0.2	code général des impôts
à titre onéreux	17.1	1 — libellé	7. La propriété et les droits d'usage	Mutations et transmissions	Droits départementaux d'enregistrement sur les mutations à titre onéreux d'immeubles	558.4	code général des impôts
à titre onéreux	17.1	1 — libellé	7. La propriété et les droits d'usage	Mutations et transmissions	Taxe communale additionnelle à certains droits d'enregistrement	3589.4	code général des impôts
à titre onéreux	17.1	1 — libellé	7. La propriété et les droits d'usage	Mutations et transmissions	Taxe départementale additionnelle à certains droits d'enregistrement	214.7	code général des impôts
à titre onéreux	17.1	1 — libellé	7. La propriété et les droits d'usage	Mutations et transmissions	Taxe départementale de publicité foncière sur les mutations à titres onéreux	14204.9	code général des impôts
à titre gratuit	20.8	1 — libellé	7. La propriété et les droits d'usage	Mutations et transmissions	Droits de mutation à titre gratuit entre vifs (donations)	4423.0	code général des impôts
à titre gratuit	20.8	1 — libellé	7. La propriété et les droits d'usage	Mutations et transmissions	Droits de mutation à titre gratuit par décès	16995.3	code général des impôts
—		0 — hors périmètre du schéma	1. Les cotisations sociales	Autres cotisations, majorations et pénalités	Autres cotisations et contributions sociales diverses FSV — Régime des salariés agricoles		code de la sécurité sociale
—		0 — hors périmètre du schéma	1. Les cotisations sociales	Chômage	Contribution supplémentaire au financement de l'assurance chômage		code de la sécurité sociale
—		0 — hors périmètre du schéma	1. Les cotisations sociales	Chômage	Contributions chômage Unédic		code de la sécurité sociale
—		0 — hors périmètre du schéma	1. Les cotisations sociales	Cotisations de sécurité sociale — régime général	Contribution des employeurs de main-d'œuvre étrangère permanente		
—		0 — hors périmètre du schéma	1. Les cotisations sociales	Cotisations de sécurité sociale — régime général	Contribution des employeurs de main-d'œuvre étrangère saisonnière		
—		0 — hors périmètre du schéma	1. Les cotisations sociales	Cotisations de sécurité sociale — régime général	Contribution des employeurs de main-d'œuvre étrangère temporaire		
—		0 — hors périmètre du schéma	1. Les cotisations sociales	Cotisations de sécurité sociale — régime général	Contribution sur les indemnités de rupture conventionnelle		code de la sécurité sociale
—		0 — hors périmètre du schéma	1. Les cotisations sociales	Cotisations de sécurité sociale — régime général	Cotisation des employeurs		code de la construction et de l'habitation
—		0 — hors périmètre du schéma	1. Les cotisations sociales	Cotisations de sécurité sociale — régime général	Cotisation obligatoire des collectivités au Centre national de la fonction publique territoriale	413.0	code général de la fonction publique
—		0 — hors périmètre du schéma	1. Les cotisations sociales	Cotisations de sécurité sociale — régime général	Cotisation obligatoire des collectivités aux centres de gestion de la fonction publique territoriale	691.8	code général de la fonction publique
—		0 — hors périmètre du schéma	1. Les cotisations sociales	Cotisations de sécurité sociale — régime général	Cotisations avantages spécifiques IEG		code de la sécurité sociale
—		0 — hors périmètre du schéma	1. Les cotisations sociales	Cotisations de sécurité sociale — régime général	Cotisations salariales — Autres régimes		code de la sécurité sociale
—		0 — hors périmètre du schéma	1. Les cotisations sociales	Cotisations de sécurité sociale — régime général	Cotisations salariales — Régime général et FSV		code de la sécurité sociale
—		0 — hors périmètre du schéma	1. Les cotisations sociales	Cotisations de sécurité sociale — régime général	Cotisations sociales - brutes BdF — Autres régimes		code de la sécurité sociale
—		0 — hors périmètre du schéma	1. Les cotisations sociales	Maladie, famille, accidents et prévoyance	Autres assiettes famille — Régime général et FSV		code de la sécurité sociale
—		0 — hors périmètre du schéma	1. Les cotisations sociales	Maladie, famille, accidents et prévoyance	Autres cotisations et contributions sociales diverses (maladie) — Régime général et FSV		code de la sécurité sociale
—		0 — hors périmètre du schéma	1. Les cotisations sociales	Maladie, famille, accidents et prévoyance	Autres cotisations sociales AT-MP — Régime général et FSV		code de la sécurité sociale
—		0 — hors périmètre du schéma	1. Les cotisations sociales	Maladie, famille, accidents et prévoyance	Autres cotisations sociales maladie (dont assurés volontaires) — Régime général et FSV		code de la sécurité sociale
—		0 — hors périmètre du schéma	1. Les cotisations sociales	Maladie, famille, accidents et prévoyance	Contribution de l'employeur principal AT-MP — Régime spécial des industries électriques et gazières (CNIEG)		code de la sécurité sociale
—		0 — hors périmètre du schéma	1. Les cotisations sociales	Maladie, famille, accidents et prévoyance	Cotisation au profit des caisses d’assurances d’accidents agricoles d’Alsace-Moselle		code rural et de la pêche maritime
—		0 — hors périmètre du schéma	1. Les cotisations sociales	Maladie, famille, accidents et prévoyance	Cotisations AT-MP salariés — Régime de retraite des fonctionnaires civils et militaires de l'État		code de la sécurité sociale
—		0 — hors périmètre du schéma	1. Les cotisations sociales	Maladie, famille, accidents et prévoyance	Cotisations AT-MP salariés — Régime des salariés agricoles		code de la sécurité sociale
—		0 — hors périmètre du schéma	1. Les cotisations sociales	Maladie, famille, accidents et prévoyance	Cotisations AT-MP salariés — Régime général +FSV		code de la sécurité sociale
—		0 — hors périmètre du schéma	1. Les cotisations sociales	Maladie, famille, accidents et prévoyance	Cotisations Famille salariés — Régime général +FSV		code de la sécurité sociale
—		0 — hors périmètre du schéma	1. Les cotisations sociales	Maladie, famille, accidents et prévoyance	Cotisations IJ exploitants		code de la sécurité sociale
—		0 — hors périmètre du schéma	1. Les cotisations sociales	Maladie, famille, accidents et prévoyance	Cotisations Maladie salariés — Régime général +FSV		code de la sécurité sociale
—		0 — hors périmètre du schéma	1. Les cotisations sociales	Maladie, famille, accidents et prévoyance	Cotisations décès - CIPAV		code de la sécurité sociale
—		0 — hors périmètre du schéma	1. Les cotisations sociales	Maladie, famille, accidents et prévoyance	Cotisations décès - CNIEG		code de la sécurité sociale
—		0 — hors périmètre du schéma	1. Les cotisations sociales	Maladie, famille, accidents et prévoyance	Cotisations institutions de prévoyance		code de la sécurité sociale
—		0 — hors périmètre du schéma	1. Les cotisations sociales	Maladie, famille, accidents et prévoyance	Cotisations invalidité - CIPAV		code de la sécurité sociale
—		0 — hors périmètre du schéma	1. Les cotisations sociales	Maladie, famille, accidents et prévoyance	Cotisations invalidité - CNIEG		code de la sécurité sociale
—		0 — hors périmètre du schéma	1. Les cotisations sociales	Maladie, famille, accidents et prévoyance	"Cotisations patronales ""décès"" Vieillesse — Régime spécial des industries électriques et gazières (CNIEG)"		code de la sécurité sociale
—		0 — hors périmètre du schéma	1. Les cotisations sociales	Maladie, famille, accidents et prévoyance	"Cotisations patronales ""décès"", ""invalidité"" et ""AT-MP"" Ensemble des risques — Régime spécial des industries électriques et gazières (CNIEG)"		code de la sécurité sociale
—		0 — hors périmètre du schéma	1. Les cotisations sociales	Maladie, famille, accidents et prévoyance	Cotisations patronales non plafonnées AT-MP — Caisse autonome nationale de sécurité sociale dans les mines		code de la sécurité sociale
—		0 — hors périmètre du schéma	1. Les cotisations sociales	Maladie, famille, accidents et prévoyance	Cotisations patronales non plafonnées Maladie-invalidité — Régime spécial des industries électriques et gazières (CNIEG)		code de la sécurité sociale
—		0 — hors périmètre du schéma	1. Les cotisations sociales	Maladie, famille, accidents et prévoyance	Cotisations patronales vieillesse — Caisse de retraite et de prévoyance des clercs et employés de notaires		code de la sécurité sociale
—		0 — hors périmètre du schéma	1. Les cotisations sociales	Maladie, famille, accidents et prévoyance	Cotisations prévoyance des affiliés — Régime spécial des agents de la RATP		code de la sécurité sociale
—		0 — hors périmètre du schéma	1. Les cotisations sociales	Maladie, famille, accidents et prévoyance	Cotisations prévoyance patronales — Régime spécial des agents de la RATP		code de la sécurité sociale
—		0 — hors périmètre du schéma	1. Les cotisations sociales	Maladie, famille, accidents et prévoyance	Cotisations sociales AT-MP — Établissement national des invalides de la marine (ENIM)		code de la sécurité sociale
—		0 — hors périmètre du schéma	1. Les cotisations sociales	Maladie, famille, accidents et prévoyance	Cotisations sociales brutes Vieillesse — Caisse de retraite et de prévoyance des clercs et employés de notaires		code de la sécurité sociale
—		0 — hors périmètre du schéma	1. Les cotisations sociales	Maladie, famille, accidents et prévoyance	Cotisations sur les émoluments de notaires Vieillesse — Caisse de retraite et de prévoyance des clercs et employés de notaires		code de la sécurité sociale
—		0 — hors périmètre du schéma	1. Les cotisations sociales	Maladie, famille, accidents et prévoyance	Cotisations vieillesse + maladie — Régime spécial des fonctionnaires territoriaux et hospitaliers		code de la sécurité sociale
—		0 — hors périmètre du schéma	1. Les cotisations sociales	Non-salariés et inactifs	Autres cotisations sociales Vieillesse — Régime des exploitants agricoles		code de la sécurité sociale
—		0 — hors périmètre du schéma	1. Les cotisations sociales	Non-salariés et inactifs	Autres cotisations sociales et majorations Ensemble des risques — Caisse nationale d'assurance vieillesse des professions libérales		code de la sécurité sociale
—		0 — hors périmètre du schéma	1. Les cotisations sociales	Non-salariés et inactifs	Autres cotisations sociales — Caisse nationale d'assurance vieillesse des professions libérales		code de la sécurité sociale
—		0 — hors périmètre du schéma	1. Les cotisations sociales	Non-salariés et inactifs	Cotisations Famille non-salariés — Régime général et FSV		code de la sécurité sociale
—		0 — hors périmètre du schéma	1. Les cotisations sociales	Non-salariés et inactifs	Cotisations Maladie inactifs — Régime général et FSV		code de la sécurité sociale
—		0 — hors périmètre du schéma	1. Les cotisations sociales	Non-salariés et inactifs	Cotisations Maladie non-salariés — Régime général et FSV		code de la sécurité sociale
—		0 — hors périmètre du schéma	1. Les cotisations sociales	Non-salariés et inactifs	Cotisations conjoints collaborateurs Vieillesse — Caisse nationale d'assurance vieillesse des professions libérales		code de la sécurité sociale
—		0 — hors périmètre du schéma	1. Les cotisations sociales	Non-salariés et inactifs	Cotisations conjoints collaborateurs — Caisse nationale d'assurance vieillesse des professions libérales		code de la sécurité sociale
—		0 — hors périmètre du schéma	1. Les cotisations sociales	Non-salariés et inactifs	Cotisations sociales - brutes CAVIMAC — autres régimes		code de la sécurité sociale
—		0 — hors périmètre du schéma	1. Les cotisations sociales	Non-salariés et inactifs	Cotisations sociales - brutes CNBF — autres régimes		code de la sécurité sociale
—		0 — hors périmètre du schéma	1. Les cotisations sociales	Non-salariés et inactifs	Cotisations sociales non-salariés Vieillesse — Régime des exploitants agricoles		code de la sécurité sociale
—		0 — hors périmètre du schéma	1. Les cotisations sociales	Non-salariés et inactifs	Cotisations sociales provisionnelles — Caisse nationale d'assurance vieillesse des professions libérales		code de la sécurité sociale
—		0 — hors périmètre du schéma	1. Les cotisations sociales	Non-salariés et inactifs	Cotisations sociales régularisation — Caisse nationale d'assurance vieillesse des professions libérales		code de la sécurité sociale
—		0 — hors périmètre du schéma	1. Les cotisations sociales	Non-salariés et inactifs	Cotisations vieillesse non-salariés — Régime des exploitants agricoles		code de la sécurité sociale
—		0 — hors périmètre du schéma	1. Les cotisations sociales	Non-salariés et inactifs	Cotisations vieillesse non-salariés — Régime général et FSV		code de la sécurité sociale
—		0 — hors périmètre du schéma	1. Les cotisations sociales	Vieillesse et régimes spéciaux	Autres cotisations sociales Vieillesse — Régime des salariés agricoles		code de la sécurité sociale
—		0 — hors périmètre du schéma	1. Les cotisations sociales	Vieillesse et régimes spéciaux	Autres cotisations sociales et majorations Vieillesse — Régime spécial des industries électriques et gazières (CNIEG)		code de la sécurité sociale
—		0 — hors périmètre du schéma	1. Les cotisations sociales	Vieillesse et régimes spéciaux	Autres cotisations sociales vieillesse — Régime général et FSV		code de la sécurité sociale
—		0 — hors périmètre du schéma	1. Les cotisations sociales	Vieillesse et régimes spéciaux	Autres cotisations, majorations et pénalités — Régime spécial des fonctionnaires territoriaux et hospitaliers		code de la sécurité sociale
—		0 — hors périmètre du schéma	1. Les cotisations sociales	Vieillesse et régimes spéciaux	Contribution sur les avantages de préretraite d’entreprise	34.0	code de la sécurité sociale
—		0 — hors périmètre du schéma	1. Les cotisations sociales	Vieillesse et régimes spéciaux	Contribution sur les indemnités de mise à la retraite	895.0	code de la sécurité sociale
—		0 — hors périmètre du schéma	1. Les cotisations sociales	Vieillesse et régimes spéciaux	Contribution sur les régimes de retraite conditionnant la constitution de droits à prestations à l’achèvement de la carrière du bénéficiaire dans l’entreprise	179.0	code de la sécurité sociale
—		0 — hors périmètre du schéma	1. Les cotisations sociales	Vieillesse et régimes spéciaux	Contributions d'équilibre de l'employeur principal Régime SNCF		code de la sécurité sociale
—		0 — hors périmètre du schéma	1. Les cotisations sociales	Vieillesse et régimes spéciaux	Cotisations Vieillesse salariés — Régime de retraite des fonctionnaires civils et militaires de l'État		code de la sécurité sociale
—		0 — hors périmètre du schéma	1. Les cotisations sociales	Vieillesse et régimes spéciaux	Cotisations Vieillesse salariés — Régime des salariés agricoles		code de la sécurité sociale
—		0 — hors périmètre du schéma	1. Les cotisations sociales	Vieillesse et régimes spéciaux	Cotisations Vieillesse — Régime des salariés agricoles		code de la sécurité sociale
—		0 — hors périmètre du schéma	1. Les cotisations sociales	Vieillesse et régimes spéciaux	Cotisations d'équilibre de l'employeur principal — Régime spécial des fonctionnaires territoriaux et hospitaliers		code de la sécurité sociale
—		0 — hors périmètre du schéma	1. Les cotisations sociales	Vieillesse et régimes spéciaux	"Cotisations patronales ""vieillesse"" non plafonnées Vieillesse — Régime spécial des industries électriques et gazières (CNIEG)"		code de la sécurité sociale
—		0 — hors périmètre du schéma	1. Les cotisations sociales	Vieillesse et régimes spéciaux	Cotisations patronales Vieillesse — Caisse autonome nationale de sécurité sociale dans les mines		code de la sécurité sociale
—		0 — hors périmètre du schéma	1. Les cotisations sociales	Vieillesse et régimes spéciaux	Cotisations patronales Vieillesse — Régime spécial des agents de la RATP		code de la sécurité sociale
—		0 — hors périmètre du schéma	1. Les cotisations sociales	Vieillesse et régimes spéciaux	Cotisations patronales brutes Vieillesse — Régime spécial des agents de la SNCF		code de la sécurité sociale
—		0 — hors périmètre du schéma	1. Les cotisations sociales	Vieillesse et régimes spéciaux	Cotisations patronales — Régime de retraite des fonctionnaires civils et militaires de l'État		code de la sécurité sociale
—		0 — hors périmètre du schéma	1. Les cotisations sociales	Vieillesse et régimes spéciaux	Cotisations régime complémentaire		code de la sécurité sociale
—		0 — hors périmètre du schéma	1. Les cotisations sociales	Vieillesse et régimes spéciaux	"Cotisations salariales ""vieillesse"" non plafonnées Vieillesse — Régime spécial des industries électriques et gazières (CNIEG)"		code de la sécurité sociale
—		0 — hors périmètre du schéma	1. Les cotisations sociales	Vieillesse et régimes spéciaux	"Cotisations salariales ""vieillesse"" non plafonnées ensemble des risques — Caisse autonome nationale de sécurité sociale dans les mines"		code de la sécurité sociale
—		0 — hors périmètre du schéma	1. Les cotisations sociales	Vieillesse et régimes spéciaux	Cotisations salariales Vieillesse — Établissement national des invalides de la marine (ENIM)		code de la sécurité sociale
—		0 — hors périmètre du schéma	1. Les cotisations sociales	Vieillesse et régimes spéciaux	Cotisations salariales brutes Vieillesse — Régime spécial des agents de la SNCF		code de la sécurité sociale
—		0 — hors périmètre du schéma	1. Les cotisations sociales	Vieillesse et régimes spéciaux	Cotisations salariales tous risques — Fonds spécial des pensions des ouvriers des établissements industriels de l'État (FSPOEIE)		code de la sécurité sociale
—		0 — hors périmètre du schéma	1. Les cotisations sociales	Vieillesse et régimes spéciaux	Cotisations salariales — Régime spécial des fonctionnaires territoriaux et hospitaliers		code de la sécurité sociale
—		0 — hors périmètre du schéma	1. Les cotisations sociales	Vieillesse et régimes spéciaux	Cotisations salariales — Régime spécial des industries électriques et gazières (CNIEG)		code de la sécurité sociale
—		0 — hors périmètre du schéma	1. Les cotisations sociales	Vieillesse et régimes spéciaux	Cotisations vieillesse + maladie — Fonds spécial des pensions des ouvriers des établissements industriels de l'État (FSPOEIE)		code de la sécurité sociale
—		0 — hors périmètre du schéma	2. Les contributions sociales sur les revenus	Contribution sociale généralisée et CRDS	Contribution sociale généralisée (CSG)	155467.8	code de la sécurité sociale
—		0 — hors périmètre du schéma	2. Les contributions sociales sur les revenus	Contribution sociale généralisée et CRDS	Contributions pour le remboursement de la dette sociale (CRDS)	9350.4	code général des impôts
—		0 — hors périmètre du schéma	2. Les contributions sociales sur les revenus	Contributions sur les revenus de remplacement	Contributions sur avantages de retraite et de préretraite (branche maladie)		code de la sécurité sociale
—		0 — hors périmètre du schéma	2. Les contributions sociales sur les revenus	Contributions sur les revenus de remplacement	Contributions sur avantages de retraite et de préretraite FSV		code de la sécurité sociale
—		0 — hors périmètre du schéma	2. Les contributions sociales sur les revenus	Prélèvements sociaux sur les revenus du capital	Contributions sociales maladie - Prélèvement social sur les revenus du capital		code de la sécurité sociale
—		0 — hors périmètre du schéma	2. Les contributions sociales sur les revenus	Prélèvements sociaux sur les revenus du capital	Prélèvement social et de solidarité sur les revenus du capital FSV		code de la sécurité sociale
—		0 — hors périmètre du schéma	2. Les contributions sociales sur les revenus	Prélèvements sociaux sur les revenus du capital	Prélèvement social sur les revenus des placements (maladie)		code de la sécurité sociale
—		0 — hors périmètre du schéma	2. Les contributions sociales sur les revenus	Prélèvements sociaux sur les revenus du capital	Prélèvement social sur les revenus du capital CNSA		code de la sécurité sociale
—		0 — hors périmètre du schéma	2. Les contributions sociales sur les revenus	Prélèvements sociaux sur les revenus du capital	Prélèvement social sur les revenus du patrimoine (branche maladie)		code de la sécurité sociale
—		0 — hors périmètre du schéma	2. Les contributions sociales sur les revenus	Prélèvements sociaux sur les revenus du capital	Prélèvement sur les revenus des placements FSV		code de la sécurité sociale
—		0 — hors périmètre du schéma	2. Les contributions sociales sur les revenus	Prélèvements sociaux sur les revenus du capital	Prélèvement sur les revenus du patrimoine FSV		code de la sécurité sociale
—		0 — hors périmètre du schéma	2. Les contributions sociales sur les revenus	Prélèvements sociaux sur les revenus du capital	Prélèvements de solidarité	15634.9	
—		0 — hors périmètre du schéma	2. Les contributions sociales sur les revenus	Solidarité autonomie	Contribution additionnelle de solidarité autonomie (CASA)	977.1	code de la sécurité sociale
dont forfaits de cotisation	8.8	1 — libellé	2. Les contributions sociales sur les revenus	Solidarité autonomie	Contribution solidarité autonomie (CSA)	2563.2	code de la sécurité sociale
—		3 — non atteint	7. La propriété et les droits d'usage	Actes juridiques et professions réglementées	Frais d'inscription au registre des exploitants de voitures de transport avec chauffeur		code des transports
—		3 — non atteint	7. La propriété et les droits d'usage	Actes juridiques et professions réglementées	Redevances perçues à l'occasion des procédures et formalités en matière de propriété industrielle ainsi que de registre du commerce et des sociétés, établies par divers textes	186.9	
—		3 — non atteint	7. La propriété et les droits d'usage	Autres redevances et droits	Contribution de sécurité immobilière	814.6	code général des impôts
—		3 — non atteint	7. La propriété et les droits d'usage	Autres redevances et droits	Droit d'examen du permis de chasse	0.7	
—		3 — non atteint	7. La propriété et les droits d'usage	Autres redevances et droits	Droits perçus au profit de la Caisse nationale de l'assurance maladie des travailleurs salariés (CNAMTS) en matière de produits de santé, taxe annuelle due par les laboratoires de biologie médicale	72.0	code général des impôts
—		3 — non atteint	7. La propriété et les droits d'usage	Autres redevances et droits	Garantie des matières d'or et d'argent		
—		3 — non atteint	7. La propriété et les droits d'usage	Autres redevances et droits	Redevance perçue à l’occasion de l’introduction des familles étrangères en France	0.8	
—		3 — non atteint	7. La propriété et les droits d'usage	Autres redevances et droits	Redevance pour délivrance initiale du permis de chasse	1.1	code de l'environnement
—		3 — non atteint	7. La propriété et les droits d'usage	Autres redevances et droits	Taxe relative à la mise sur le marché des produits phytopharmaceutiques et de leurs adjuvants, des matières fertilisantes et de leurs adjuvants et des supports de culture	9.5	
—		3 — non atteint	7. La propriété et les droits d'usage	Contrôles sanitaires et phytosanitaires	Redevance pour délivrance de certificats sanitaires et phytosanitaires	0.8	code rural et de la pêche maritime
—		3 — non atteint	7. La propriété et les droits d'usage	Contrôles sanitaires et phytosanitaires	Redevance pour l'agrément des établissements du secteur de l'alimentation animale		code général des impôts
—		3 — non atteint	7. La propriété et les droits d'usage	Contrôles sanitaires et phytosanitaires	Redevance pour le contrôle vétérinaire à l'importation de produits animaux ou d'origine animale, d'animaux vivants		code général des impôts
—		3 — non atteint	7. La propriété et les droits d'usage	Contrôles sanitaires et phytosanitaires	Redevance pour les contrôles vétérinaires et phytosanitaires des végétaux à l'importation		
—		3 — non atteint	7. La propriété et les droits d'usage	Contrôles sanitaires et phytosanitaires	Redevance relative aux contrôles renforcés à l'importation des denrées alimentaires d'origine non animale		
—		3 — non atteint	7. La propriété et les droits d'usage	Contrôles sanitaires et phytosanitaires	Redevance sanitaire d'abattage		code général des impôts
—		3 — non atteint	7. La propriété et les droits d'usage	Contrôles sanitaires et phytosanitaires	Redevance sanitaire de découpage		code général des impôts
—		3 — non atteint	7. La propriété et les droits d'usage	Contrôles sanitaires et phytosanitaires	Redevance sanitaire de première mise sur le marché des produits de la pêche ou de l'aquaculture		code général des impôts
—		3 — non atteint	7. La propriété et les droits d'usage	Contrôles sanitaires et phytosanitaires	Redevance sanitaire de transformation des produits de la pêche et de l'aquaculture		code général des impôts
—		3 — non atteint	7. La propriété et les droits d'usage	Contrôles sanitaires et phytosanitaires	Redevance sanitaire liée à la certification des végétaux à l'exportation		
—		3 — non atteint	7. La propriété et les droits d'usage	Contrôles sanitaires et phytosanitaires	Redevance sanitaire pour le contrôle de certaines substances et de leurs résidus		code général des impôts
—		3 — non atteint	7. La propriété et les droits d'usage	Contrôles sanitaires et phytosanitaires	Redevance sur les produits biocides	3.0	code de l'environnement
—		3 — non atteint	7. La propriété et les droits d'usage	Contrôles sanitaires et phytosanitaires	Redevances versées pour la délivrance des certificats d'obtention végétale		
—		3 — non atteint	7. La propriété et les droits d'usage	Contrôles sanitaires et phytosanitaires	Taxe annuelle portant sur les autorisations de médicaments vétérinaires et les autorisations d’établissements pharmaceutiques vétérinaires	4.4	code de la santé publique
—		3 — non atteint	7. La propriété et les droits d'usage	Contrôles sanitaires et phytosanitaires	Taxe liée aux dossiers de demande concernant les médicaments vétérinaires ou leur publicité	8.2	code de la santé publique
—		3 — non atteint	7. La propriété et les droits d'usage	Domaine public, spectre et concessions	Participation des concessionnaires de la liaison fixe Trans-Manche au fonctionnement de la commission intergouvernementale et du comité de sécurité chargés de superviser la construction et l'exploitation de l'ouvrage		
—		3 — non atteint	7. La propriété et les droits d'usage	Domaine public, spectre et concessions	Redevance due par les titulaires de titres d'exploitation de mines d'hydrocarbures liquides ou gazeux	11.0	
—		3 — non atteint	7. La propriété et les droits d'usage	Domaine public, spectre et concessions	Redevance hydraulique	150.8	
—		3 — non atteint	7. La propriété et les droits d'usage	Domaine public, spectre et concessions	Redevance proportionnelle sur l'énergie hydraulique	37.7	code de l'énergie
—		3 — non atteint	7. La propriété et les droits d'usage	Domaine public, spectre et concessions	"Redevance proportionnelle sur le résultat normatif des concessions hydroélectriques soumises aux ""délais glissants"""		
—		3 — non atteint	7. La propriété et les droits d'usage	Domaine public, spectre et concessions	Redevances UMTS 2G et 3G	35.3	code de la sécurité sociale
—		3 — non atteint	7. La propriété et les droits d'usage	Domaine public, spectre et concessions	Rémunération pour services rendus au comité professionnel des stocks stratégiques pétroliers	591.0	code de l'énergie
—		3 — non atteint	7. La propriété et les droits d'usage	Domaine public, spectre et concessions	Taxe sur l'utilisation des bandes « 700 MHz » et « 800 MHz » du spectre radioélectrique	0.4	code des impositions sur les biens et services
—		3 — non atteint	7. La propriété et les droits d'usage	Domaine public, spectre et concessions	Taxes sur les stations et liaisons radioélectriques privées	23.6	
—		3 — non atteint	7. La propriété et les droits d'usage	Frais de contrôle et de surveillance	Contributions pour frais de contrôle	246.1	code monétaire et financier
—		3 — non atteint	7. La propriété et les droits d'usage	Frais de contrôle et de surveillance	Contributions versées par la SNCF au titre des frais de surveillance et de contrôle des chemins de fer		
—		3 — non atteint	7. La propriété et les droits d'usage	Frais de contrôle et de surveillance	Droits et contributions pour frais de contrôle	140.4	code monétaire et financier
—		3 — non atteint	7. La propriété et les droits d'usage	Timbre et formalités administratives	Redevance pour examen du code de la route		
—		3 — non atteint	7. La propriété et les droits d'usage	Timbre et formalités administratives	Taxe d'ouverture de caveau		code général des collectivités territoriales
—		3 — non atteint	7. La propriété et les droits d'usage	Timbre et formalités administratives	Taxe sur les demandes de visa ou de renouvellement de visa de publicité et sur les dépôts de publicité pharmaceutiques		
—		3 — non atteint	7. La propriété et les droits d'usage	Timbre et formalités administratives	taxe de réduction et réunion de corps		code général des collectivités territoriales
—		3 — non atteint	7. La propriété et les droits d'usage	Timbre et formalités administratives	taxe de superposition des corps		code général des collectivités territoriales
—		0 — hors périmètre du schéma	8. Hors champ	Produits non fiscaux portés aux documents budgétaires	Fraction des produits annuels de la vente de biens confisqués	150.6	
—		0 — hors périmètre du schéma	8. Hors champ	Produits non fiscaux portés aux documents budgétaires	Quote-part des intérêts servis par la Caisse des dépôts et consignations sur les fonds déposés		code de commerce
—		0 — hors périmètre du schéma	8. Hors champ	Produits non fiscaux portés aux documents budgétaires	"Recettes issues de la mise aux enchères des ""quotas carbone"""	1510.1	
